0 0 000
0 1 000
0 2 000
0 3 000
0 4 000
0 5 000
0 6 000
0 7 000
0 8 000
0 9 000
0 10 000
0 11 000
0 12 000
0 13 000
0 14 000
0 15 000
0 16 000
0 17 000
0 18 000
0 19 000
0 20 000
0 21 000
0 22 000
0 23 000
0 24 000
0 25 000
0 26 000
0 27 000
0 28 000
0 29 000
0 30 000
0 31 000
0 32 000
0 33 000
0 34 000
0 35 000
0 36 000
0 37 000
0 38 000
0 39 000
0 40 000
0 41 000
0 42 000
0 43 000
0 44 000
0 45 000
0 46 000
0 47 000
0 48 000
0 49 000
0 50 000
0 51 000
0 52 000
0 53 000
0 54 000
0 55 000
0 56 000
0 57 000
0 58 000
0 59 000
0 60 000
0 61 000
0 62 000
0 63 000
0 64 000
0 65 000
0 66 000
0 67 000
0 68 000
0 69 000
0 70 000
0 71 000
0 72 000
0 73 000
0 74 000
0 75 000
0 76 000
0 77 000
0 78 000
0 79 000
0 80 000
0 81 000
0 82 000
0 83 000
0 84 000
0 85 000
0 86 000
0 87 000
0 88 000
0 89 000
0 90 000
0 91 000
0 92 000
0 93 000
0 94 000
0 95 000
0 96 000
0 97 000
0 98 000
0 99 000
0 100 000
0 101 000
0 102 000
0 103 000
0 104 000
0 105 000
0 106 000
0 107 000
0 108 000
0 109 000
0 110 000
0 111 000
0 112 000
0 113 000
0 114 000
0 115 000
0 116 000
0 117 000
0 118 000
0 119 000
0 120 000
0 121 000
0 122 000
0 123 000
0 124 000
0 125 000
0 126 000
0 127 000
0 128 000
0 129 000
0 130 000
0 131 000
0 132 000
0 133 000
0 134 000
0 135 000
0 136 000
0 137 000
0 138 000
0 139 000
0 140 000
0 141 000
0 142 000
0 143 000
0 144 000
0 145 000
0 146 000
0 147 000
0 148 000
0 149 000
0 150 000
0 151 000
0 152 000
0 153 000
0 154 000
0 155 000
0 156 000
0 157 000
0 158 000
0 159 000
0 160 000
0 161 000
0 162 000
0 163 000
0 164 000
0 165 000
0 166 000
0 167 000
0 168 000
0 169 000
0 170 000
0 171 000
0 172 000
0 173 000
0 174 000
0 175 000
0 176 000
0 177 000
0 178 000
0 179 000
0 180 000
0 181 000
0 182 000
0 183 000
0 184 000
0 185 000
0 186 000
0 187 000
0 188 000
0 189 000
0 190 000
0 191 000
0 192 000
0 193 000
0 194 000
0 195 000
0 196 000
0 197 000
0 198 000
0 199 000
0 200 000
0 201 000
0 202 000
0 203 000
0 204 000
0 205 000
0 206 000
0 207 000
0 208 000
0 209 000
0 210 000
0 211 000
0 212 000
0 213 000
0 214 000
0 215 000
0 216 000
0 217 000
0 218 000
0 219 000
0 220 000
0 221 000
0 222 000
0 223 000
0 224 000
0 225 000
0 226 000
0 227 000
0 228 000
0 229 000
0 230 000
0 231 000
0 232 000
0 233 000
0 234 000
0 235 000
0 236 000
0 237 000
0 238 000
0 239 000
0 240 000
0 241 000
0 242 000
0 243 000
0 244 000
0 245 000
0 246 000
0 247 000
0 248 000
0 249 000
0 250 000
0 251 000
0 252 000
0 253 000
0 254 000
0 255 000
0 256 000
0 257 000
0 258 000
0 259 000
0 260 000
0 261 000
0 262 000
0 263 000
0 264 000
0 265 000
0 266 000
0 267 000
0 268 000
0 269 000
0 270 000
0 271 000
0 272 000
0 273 000
0 274 000
0 275 000
0 276 000
0 277 000
0 278 000
0 279 000
0 280 000
0 281 000
0 282 000
0 283 000
0 284 000
0 285 000
0 286 000
0 287 000
0 288 000
0 289 000
0 290 000
0 291 000
0 292 000
0 293 000
0 294 000
0 295 000
0 296 000
0 297 000
0 298 000
0 299 000
0 300 000
0 301 000
0 302 000
0 303 000
0 304 000
0 305 000
0 306 000
0 307 000
0 308 000
0 309 000
0 310 000
0 311 000
0 312 000
0 313 000
0 314 000
0 315 000
0 316 000
0 317 000
0 318 000
0 319 000
1 0 000
1 1 000
1 2 000
1 3 000
1 4 000
1 5 000
1 6 000
1 7 000
1 8 000
1 9 000
1 10 000
1 11 000
1 12 000
1 13 000
1 14 000
1 15 000
1 16 000
1 17 000
1 18 000
1 19 000
1 20 000
1 21 000
1 22 000
1 23 000
1 24 000
1 25 000
1 26 000
1 27 000
1 28 000
1 29 000
1 30 000
1 31 000
1 32 000
1 33 000
1 34 000
1 35 000
1 36 000
1 37 000
1 38 000
1 39 000
1 40 000
1 41 000
1 42 000
1 43 000
1 44 000
1 45 000
1 46 000
1 47 000
1 48 000
1 49 000
1 50 000
1 51 000
1 52 000
1 53 000
1 54 000
1 55 000
1 56 000
1 57 000
1 58 000
1 59 000
1 60 000
1 61 000
1 62 000
1 63 000
1 64 000
1 65 000
1 66 000
1 67 000
1 68 000
1 69 000
1 70 000
1 71 000
1 72 000
1 73 000
1 74 000
1 75 000
1 76 000
1 77 000
1 78 000
1 79 000
1 80 000
1 81 000
1 82 000
1 83 000
1 84 000
1 85 000
1 86 000
1 87 000
1 88 000
1 89 000
1 90 000
1 91 000
1 92 000
1 93 000
1 94 000
1 95 000
1 96 000
1 97 000
1 98 000
1 99 000
1 100 000
1 101 000
1 102 000
1 103 000
1 104 000
1 105 000
1 106 000
1 107 000
1 108 000
1 109 000
1 110 000
1 111 000
1 112 000
1 113 000
1 114 000
1 115 000
1 116 000
1 117 000
1 118 000
1 119 000
1 120 000
1 121 000
1 122 000
1 123 000
1 124 000
1 125 000
1 126 000
1 127 000
1 128 000
1 129 000
1 130 000
1 131 000
1 132 000
1 133 000
1 134 000
1 135 000
1 136 000
1 137 000
1 138 000
1 139 000
1 140 000
1 141 000
1 142 000
1 143 000
1 144 000
1 145 000
1 146 000
1 147 000
1 148 000
1 149 000
1 150 000
1 151 000
1 152 000
1 153 000
1 154 000
1 155 000
1 156 000
1 157 000
1 158 000
1 159 000
1 160 000
1 161 000
1 162 000
1 163 000
1 164 000
1 165 000
1 166 000
1 167 000
1 168 000
1 169 000
1 170 000
1 171 000
1 172 000
1 173 000
1 174 000
1 175 000
1 176 000
1 177 000
1 178 000
1 179 000
1 180 000
1 181 000
1 182 000
1 183 000
1 184 000
1 185 000
1 186 000
1 187 000
1 188 000
1 189 000
1 190 000
1 191 000
1 192 000
1 193 000
1 194 000
1 195 000
1 196 000
1 197 000
1 198 000
1 199 000
1 200 000
1 201 000
1 202 000
1 203 000
1 204 000
1 205 000
1 206 000
1 207 000
1 208 000
1 209 000
1 210 000
1 211 000
1 212 000
1 213 000
1 214 000
1 215 000
1 216 000
1 217 000
1 218 000
1 219 000
1 220 000
1 221 000
1 222 000
1 223 000
1 224 000
1 225 000
1 226 000
1 227 000
1 228 000
1 229 000
1 230 000
1 231 000
1 232 000
1 233 000
1 234 000
1 235 000
1 236 000
1 237 000
1 238 000
1 239 000
1 240 000
1 241 000
1 242 000
1 243 000
1 244 000
1 245 000
1 246 000
1 247 000
1 248 000
1 249 000
1 250 000
1 251 000
1 252 000
1 253 000
1 254 000
1 255 000
1 256 000
1 257 000
1 258 000
1 259 000
1 260 000
1 261 000
1 262 000
1 263 000
1 264 000
1 265 000
1 266 000
1 267 000
1 268 000
1 269 000
1 270 000
1 271 000
1 272 000
1 273 000
1 274 000
1 275 000
1 276 000
1 277 000
1 278 000
1 279 000
1 280 000
1 281 000
1 282 000
1 283 000
1 284 000
1 285 000
1 286 000
1 287 000
1 288 000
1 289 000
1 290 000
1 291 000
1 292 000
1 293 000
1 294 000
1 295 000
1 296 000
1 297 000
1 298 000
1 299 000
1 300 000
1 301 000
1 302 000
1 303 000
1 304 000
1 305 000
1 306 000
1 307 000
1 308 000
1 309 000
1 310 000
1 311 000
1 312 000
1 313 000
1 314 000
1 315 000
1 316 000
1 317 000
1 318 000
1 319 000
2 0 000
2 1 000
2 2 000
2 3 000
2 4 000
2 5 000
2 6 000
2 7 000
2 8 000
2 9 000
2 10 000
2 11 000
2 12 000
2 13 000
2 14 000
2 15 000
2 16 000
2 17 000
2 18 000
2 19 000
2 20 000
2 21 000
2 22 000
2 23 000
2 24 000
2 25 000
2 26 000
2 27 000
2 28 000
2 29 000
2 30 000
2 31 000
2 32 000
2 33 000
2 34 000
2 35 000
2 36 000
2 37 000
2 38 000
2 39 000
2 40 000
2 41 000
2 42 000
2 43 000
2 44 000
2 45 000
2 46 000
2 47 000
2 48 000
2 49 000
2 50 000
2 51 000
2 52 000
2 53 000
2 54 000
2 55 000
2 56 000
2 57 000
2 58 000
2 59 000
2 60 000
2 61 000
2 62 000
2 63 000
2 64 000
2 65 000
2 66 000
2 67 000
2 68 000
2 69 000
2 70 000
2 71 000
2 72 000
2 73 000
2 74 000
2 75 000
2 76 000
2 77 000
2 78 000
2 79 000
2 80 000
2 81 000
2 82 000
2 83 000
2 84 000
2 85 000
2 86 000
2 87 000
2 88 000
2 89 000
2 90 000
2 91 000
2 92 000
2 93 000
2 94 000
2 95 000
2 96 000
2 97 000
2 98 000
2 99 000
2 100 000
2 101 000
2 102 000
2 103 000
2 104 000
2 105 000
2 106 000
2 107 000
2 108 000
2 109 000
2 110 000
2 111 000
2 112 000
2 113 000
2 114 000
2 115 000
2 116 000
2 117 000
2 118 000
2 119 000
2 120 000
2 121 000
2 122 000
2 123 000
2 124 000
2 125 000
2 126 000
2 127 000
2 128 000
2 129 000
2 130 000
2 131 000
2 132 000
2 133 000
2 134 000
2 135 000
2 136 000
2 137 000
2 138 000
2 139 000
2 140 000
2 141 000
2 142 000
2 143 000
2 144 000
2 145 000
2 146 000
2 147 000
2 148 000
2 149 000
2 150 000
2 151 000
2 152 000
2 153 000
2 154 000
2 155 000
2 156 000
2 157 000
2 158 000
2 159 000
2 160 000
2 161 000
2 162 000
2 163 000
2 164 000
2 165 000
2 166 000
2 167 000
2 168 000
2 169 000
2 170 000
2 171 000
2 172 000
2 173 000
2 174 000
2 175 000
2 176 000
2 177 000
2 178 000
2 179 000
2 180 000
2 181 000
2 182 000
2 183 000
2 184 000
2 185 000
2 186 000
2 187 000
2 188 000
2 189 000
2 190 000
2 191 000
2 192 000
2 193 000
2 194 000
2 195 000
2 196 000
2 197 000
2 198 000
2 199 000
2 200 000
2 201 000
2 202 000
2 203 000
2 204 000
2 205 000
2 206 000
2 207 000
2 208 000
2 209 000
2 210 000
2 211 000
2 212 000
2 213 000
2 214 000
2 215 000
2 216 000
2 217 000
2 218 000
2 219 000
2 220 000
2 221 000
2 222 000
2 223 000
2 224 000
2 225 000
2 226 000
2 227 000
2 228 000
2 229 000
2 230 000
2 231 000
2 232 000
2 233 000
2 234 000
2 235 000
2 236 000
2 237 000
2 238 000
2 239 000
2 240 000
2 241 000
2 242 000
2 243 000
2 244 000
2 245 000
2 246 000
2 247 000
2 248 000
2 249 000
2 250 000
2 251 000
2 252 000
2 253 000
2 254 000
2 255 000
2 256 000
2 257 000
2 258 000
2 259 000
2 260 000
2 261 000
2 262 000
2 263 000
2 264 000
2 265 000
2 266 000
2 267 000
2 268 000
2 269 000
2 270 000
2 271 000
2 272 000
2 273 000
2 274 000
2 275 000
2 276 000
2 277 000
2 278 000
2 279 000
2 280 000
2 281 000
2 282 000
2 283 000
2 284 000
2 285 000
2 286 000
2 287 000
2 288 000
2 289 000
2 290 000
2 291 000
2 292 000
2 293 000
2 294 000
2 295 000
2 296 000
2 297 000
2 298 000
2 299 000
2 300 000
2 301 000
2 302 000
2 303 000
2 304 000
2 305 000
2 306 000
2 307 000
2 308 000
2 309 000
2 310 000
2 311 000
2 312 000
2 313 000
2 314 000
2 315 000
2 316 000
2 317 000
2 318 000
2 319 000
3 0 000
3 1 000
3 2 000
3 3 000
3 4 000
3 5 000
3 6 000
3 7 000
3 8 000
3 9 000
3 10 000
3 11 000
3 12 000
3 13 000
3 14 000
3 15 000
3 16 000
3 17 000
3 18 000
3 19 000
3 20 000
3 21 000
3 22 000
3 23 000
3 24 000
3 25 000
3 26 000
3 27 000
3 28 000
3 29 000
3 30 000
3 31 000
3 32 000
3 33 000
3 34 000
3 35 000
3 36 000
3 37 000
3 38 000
3 39 000
3 40 000
3 41 000
3 42 000
3 43 000
3 44 000
3 45 000
3 46 000
3 47 000
3 48 000
3 49 000
3 50 000
3 51 000
3 52 000
3 53 000
3 54 000
3 55 000
3 56 000
3 57 000
3 58 000
3 59 000
3 60 000
3 61 000
3 62 000
3 63 000
3 64 000
3 65 000
3 66 000
3 67 000
3 68 000
3 69 000
3 70 000
3 71 000
3 72 000
3 73 000
3 74 000
3 75 000
3 76 000
3 77 000
3 78 000
3 79 000
3 80 000
3 81 000
3 82 000
3 83 000
3 84 000
3 85 000
3 86 000
3 87 000
3 88 000
3 89 000
3 90 000
3 91 000
3 92 000
3 93 000
3 94 000
3 95 000
3 96 000
3 97 000
3 98 000
3 99 000
3 100 000
3 101 000
3 102 000
3 103 000
3 104 000
3 105 000
3 106 000
3 107 000
3 108 000
3 109 000
3 110 000
3 111 000
3 112 000
3 113 000
3 114 000
3 115 000
3 116 000
3 117 000
3 118 000
3 119 000
3 120 000
3 121 000
3 122 000
3 123 000
3 124 000
3 125 000
3 126 000
3 127 000
3 128 000
3 129 000
3 130 000
3 131 000
3 132 000
3 133 000
3 134 000
3 135 000
3 136 000
3 137 000
3 138 000
3 139 000
3 140 000
3 141 000
3 142 000
3 143 000
3 144 000
3 145 000
3 146 000
3 147 000
3 148 000
3 149 000
3 150 000
3 151 000
3 152 000
3 153 000
3 154 000
3 155 000
3 156 000
3 157 000
3 158 000
3 159 000
3 160 000
3 161 000
3 162 000
3 163 000
3 164 000
3 165 000
3 166 000
3 167 000
3 168 000
3 169 000
3 170 000
3 171 000
3 172 000
3 173 000
3 174 000
3 175 000
3 176 000
3 177 000
3 178 000
3 179 000
3 180 000
3 181 000
3 182 000
3 183 000
3 184 000
3 185 000
3 186 000
3 187 000
3 188 000
3 189 000
3 190 000
3 191 000
3 192 000
3 193 000
3 194 000
3 195 000
3 196 000
3 197 000
3 198 000
3 199 000
3 200 000
3 201 000
3 202 000
3 203 000
3 204 000
3 205 000
3 206 000
3 207 000
3 208 000
3 209 000
3 210 000
3 211 000
3 212 000
3 213 000
3 214 000
3 215 000
3 216 000
3 217 000
3 218 000
3 219 000
3 220 000
3 221 000
3 222 000
3 223 000
3 224 000
3 225 000
3 226 000
3 227 000
3 228 000
3 229 000
3 230 000
3 231 000
3 232 000
3 233 000
3 234 000
3 235 000
3 236 000
3 237 000
3 238 000
3 239 000
3 240 000
3 241 000
3 242 000
3 243 000
3 244 000
3 245 000
3 246 000
3 247 000
3 248 000
3 249 000
3 250 000
3 251 000
3 252 000
3 253 000
3 254 000
3 255 000
3 256 000
3 257 000
3 258 000
3 259 000
3 260 000
3 261 000
3 262 000
3 263 000
3 264 000
3 265 000
3 266 000
3 267 000
3 268 000
3 269 000
3 270 000
3 271 000
3 272 000
3 273 000
3 274 000
3 275 000
3 276 000
3 277 000
3 278 000
3 279 000
3 280 000
3 281 000
3 282 000
3 283 000
3 284 000
3 285 000
3 286 000
3 287 000
3 288 000
3 289 000
3 290 000
3 291 000
3 292 000
3 293 000
3 294 000
3 295 000
3 296 000
3 297 000
3 298 000
3 299 000
3 300 000
3 301 000
3 302 000
3 303 000
3 304 000
3 305 000
3 306 000
3 307 000
3 308 000
3 309 000
3 310 000
3 311 000
3 312 000
3 313 000
3 314 000
3 315 000
3 316 000
3 317 000
3 318 000
3 319 000
4 0 000
4 1 000
4 2 000
4 3 000
4 4 000
4 5 000
4 6 000
4 7 000
4 8 000
4 9 000
4 10 000
4 11 000
4 12 000
4 13 000
4 14 000
4 15 000
4 16 000
4 17 000
4 18 000
4 19 000
4 20 000
4 21 000
4 22 000
4 23 000
4 24 000
4 25 000
4 26 000
4 27 000
4 28 000
4 29 000
4 30 000
4 31 000
4 32 000
4 33 000
4 34 000
4 35 000
4 36 000
4 37 000
4 38 000
4 39 000
4 40 000
4 41 000
4 42 000
4 43 000
4 44 000
4 45 000
4 46 000
4 47 000
4 48 000
4 49 000
4 50 000
4 51 000
4 52 000
4 53 000
4 54 000
4 55 000
4 56 000
4 57 000
4 58 000
4 59 000
4 60 000
4 61 000
4 62 000
4 63 000
4 64 000
4 65 000
4 66 000
4 67 000
4 68 000
4 69 000
4 70 000
4 71 000
4 72 000
4 73 000
4 74 000
4 75 000
4 76 000
4 77 000
4 78 000
4 79 000
4 80 000
4 81 000
4 82 000
4 83 000
4 84 000
4 85 000
4 86 000
4 87 000
4 88 000
4 89 000
4 90 000
4 91 000
4 92 000
4 93 000
4 94 000
4 95 000
4 96 000
4 97 000
4 98 000
4 99 000
4 100 000
4 101 000
4 102 000
4 103 000
4 104 000
4 105 000
4 106 000
4 107 000
4 108 000
4 109 000
4 110 000
4 111 000
4 112 000
4 113 000
4 114 000
4 115 000
4 116 000
4 117 000
4 118 000
4 119 000
4 120 000
4 121 000
4 122 000
4 123 000
4 124 000
4 125 000
4 126 000
4 127 000
4 128 000
4 129 000
4 130 000
4 131 000
4 132 000
4 133 000
4 134 000
4 135 000
4 136 000
4 137 000
4 138 000
4 139 000
4 140 000
4 141 000
4 142 000
4 143 000
4 144 000
4 145 000
4 146 000
4 147 000
4 148 000
4 149 000
4 150 000
4 151 000
4 152 000
4 153 000
4 154 000
4 155 000
4 156 000
4 157 000
4 158 000
4 159 000
4 160 000
4 161 000
4 162 000
4 163 000
4 164 000
4 165 000
4 166 000
4 167 000
4 168 000
4 169 000
4 170 000
4 171 000
4 172 000
4 173 000
4 174 000
4 175 000
4 176 000
4 177 000
4 178 000
4 179 000
4 180 000
4 181 000
4 182 000
4 183 000
4 184 000
4 185 000
4 186 000
4 187 000
4 188 000
4 189 000
4 190 000
4 191 000
4 192 000
4 193 000
4 194 000
4 195 000
4 196 000
4 197 000
4 198 000
4 199 000
4 200 000
4 201 000
4 202 000
4 203 000
4 204 000
4 205 000
4 206 000
4 207 000
4 208 000
4 209 000
4 210 000
4 211 000
4 212 000
4 213 000
4 214 000
4 215 000
4 216 000
4 217 000
4 218 000
4 219 000
4 220 000
4 221 000
4 222 000
4 223 000
4 224 000
4 225 000
4 226 000
4 227 000
4 228 000
4 229 000
4 230 000
4 231 000
4 232 000
4 233 000
4 234 000
4 235 000
4 236 000
4 237 000
4 238 000
4 239 000
4 240 000
4 241 000
4 242 000
4 243 000
4 244 000
4 245 000
4 246 000
4 247 000
4 248 000
4 249 000
4 250 000
4 251 000
4 252 000
4 253 000
4 254 000
4 255 000
4 256 000
4 257 000
4 258 000
4 259 000
4 260 000
4 261 000
4 262 000
4 263 000
4 264 000
4 265 000
4 266 000
4 267 000
4 268 000
4 269 000
4 270 000
4 271 000
4 272 000
4 273 000
4 274 000
4 275 000
4 276 000
4 277 000
4 278 000
4 279 000
4 280 000
4 281 000
4 282 000
4 283 000
4 284 000
4 285 000
4 286 000
4 287 000
4 288 000
4 289 000
4 290 000
4 291 000
4 292 000
4 293 000
4 294 000
4 295 000
4 296 000
4 297 000
4 298 000
4 299 000
4 300 000
4 301 000
4 302 000
4 303 000
4 304 000
4 305 000
4 306 000
4 307 000
4 308 000
4 309 000
4 310 000
4 311 000
4 312 000
4 313 000
4 314 000
4 315 000
4 316 000
4 317 000
4 318 000
4 319 000
5 0 000
5 1 000
5 2 000
5 3 000
5 4 000
5 5 000
5 6 000
5 7 000
5 8 000
5 9 000
5 10 000
5 11 000
5 12 000
5 13 000
5 14 000
5 15 000
5 16 000
5 17 000
5 18 000
5 19 000
5 20 000
5 21 000
5 22 000
5 23 000
5 24 000
5 25 000
5 26 000
5 27 000
5 28 000
5 29 000
5 30 000
5 31 000
5 32 000
5 33 000
5 34 000
5 35 000
5 36 000
5 37 000
5 38 000
5 39 000
5 40 000
5 41 000
5 42 000
5 43 000
5 44 000
5 45 000
5 46 000
5 47 000
5 48 000
5 49 000
5 50 000
5 51 000
5 52 000
5 53 000
5 54 000
5 55 000
5 56 000
5 57 000
5 58 000
5 59 000
5 60 000
5 61 000
5 62 000
5 63 000
5 64 000
5 65 000
5 66 000
5 67 000
5 68 000
5 69 000
5 70 000
5 71 000
5 72 000
5 73 000
5 74 000
5 75 000
5 76 000
5 77 000
5 78 000
5 79 000
5 80 000
5 81 000
5 82 000
5 83 000
5 84 000
5 85 000
5 86 000
5 87 000
5 88 000
5 89 000
5 90 000
5 91 000
5 92 000
5 93 000
5 94 000
5 95 000
5 96 000
5 97 000
5 98 000
5 99 000
5 100 000
5 101 000
5 102 000
5 103 000
5 104 000
5 105 000
5 106 000
5 107 000
5 108 000
5 109 000
5 110 000
5 111 000
5 112 000
5 113 000
5 114 000
5 115 000
5 116 000
5 117 000
5 118 000
5 119 000
5 120 000
5 121 000
5 122 000
5 123 000
5 124 000
5 125 000
5 126 000
5 127 000
5 128 000
5 129 000
5 130 000
5 131 000
5 132 000
5 133 000
5 134 000
5 135 000
5 136 000
5 137 000
5 138 000
5 139 000
5 140 000
5 141 000
5 142 000
5 143 000
5 144 000
5 145 000
5 146 000
5 147 000
5 148 000
5 149 000
5 150 000
5 151 000
5 152 000
5 153 000
5 154 000
5 155 000
5 156 000
5 157 000
5 158 000
5 159 000
5 160 000
5 161 000
5 162 000
5 163 000
5 164 000
5 165 000
5 166 000
5 167 000
5 168 000
5 169 000
5 170 000
5 171 000
5 172 000
5 173 000
5 174 000
5 175 000
5 176 000
5 177 000
5 178 000
5 179 000
5 180 000
5 181 000
5 182 000
5 183 000
5 184 000
5 185 000
5 186 000
5 187 000
5 188 000
5 189 000
5 190 000
5 191 000
5 192 000
5 193 000
5 194 000
5 195 000
5 196 000
5 197 000
5 198 000
5 199 000
5 200 000
5 201 000
5 202 000
5 203 000
5 204 000
5 205 000
5 206 000
5 207 000
5 208 000
5 209 000
5 210 000
5 211 000
5 212 000
5 213 000
5 214 000
5 215 000
5 216 000
5 217 000
5 218 000
5 219 000
5 220 000
5 221 000
5 222 000
5 223 000
5 224 000
5 225 000
5 226 000
5 227 000
5 228 000
5 229 000
5 230 000
5 231 000
5 232 000
5 233 000
5 234 000
5 235 000
5 236 000
5 237 000
5 238 000
5 239 000
5 240 000
5 241 000
5 242 000
5 243 000
5 244 000
5 245 000
5 246 000
5 247 000
5 248 000
5 249 000
5 250 000
5 251 000
5 252 000
5 253 000
5 254 000
5 255 000
5 256 000
5 257 000
5 258 000
5 259 000
5 260 000
5 261 000
5 262 000
5 263 000
5 264 000
5 265 000
5 266 000
5 267 000
5 268 000
5 269 000
5 270 000
5 271 000
5 272 000
5 273 000
5 274 000
5 275 000
5 276 000
5 277 000
5 278 000
5 279 000
5 280 000
5 281 000
5 282 000
5 283 000
5 284 000
5 285 000
5 286 000
5 287 000
5 288 000
5 289 000
5 290 000
5 291 000
5 292 000
5 293 000
5 294 000
5 295 000
5 296 000
5 297 000
5 298 000
5 299 000
5 300 000
5 301 000
5 302 000
5 303 000
5 304 000
5 305 000
5 306 000
5 307 000
5 308 000
5 309 000
5 310 000
5 311 000
5 312 000
5 313 000
5 314 000
5 315 000
5 316 000
5 317 000
5 318 000
5 319 000
6 0 000
6 1 000
6 2 000
6 3 000
6 4 000
6 5 000
6 6 000
6 7 000
6 8 000
6 9 000
6 10 000
6 11 000
6 12 000
6 13 000
6 14 000
6 15 000
6 16 000
6 17 000
6 18 000
6 19 000
6 20 000
6 21 000
6 22 000
6 23 000
6 24 000
6 25 000
6 26 000
6 27 000
6 28 000
6 29 000
6 30 000
6 31 000
6 32 000
6 33 000
6 34 000
6 35 000
6 36 000
6 37 000
6 38 000
6 39 000
6 40 000
6 41 000
6 42 000
6 43 000
6 44 000
6 45 000
6 46 000
6 47 000
6 48 000
6 49 000
6 50 000
6 51 000
6 52 000
6 53 000
6 54 000
6 55 000
6 56 000
6 57 000
6 58 000
6 59 000
6 60 000
6 61 000
6 62 000
6 63 000
6 64 000
6 65 000
6 66 000
6 67 000
6 68 000
6 69 000
6 70 000
6 71 000
6 72 000
6 73 000
6 74 000
6 75 000
6 76 000
6 77 000
6 78 000
6 79 000
6 80 000
6 81 000
6 82 000
6 83 000
6 84 000
6 85 000
6 86 000
6 87 000
6 88 000
6 89 000
6 90 000
6 91 000
6 92 000
6 93 000
6 94 000
6 95 000
6 96 000
6 97 000
6 98 000
6 99 000
6 100 000
6 101 000
6 102 000
6 103 000
6 104 000
6 105 000
6 106 000
6 107 000
6 108 000
6 109 000
6 110 000
6 111 000
6 112 000
6 113 000
6 114 000
6 115 000
6 116 000
6 117 000
6 118 000
6 119 000
6 120 000
6 121 000
6 122 000
6 123 000
6 124 000
6 125 000
6 126 000
6 127 000
6 128 000
6 129 000
6 130 000
6 131 000
6 132 000
6 133 000
6 134 000
6 135 000
6 136 000
6 137 000
6 138 000
6 139 000
6 140 000
6 141 000
6 142 000
6 143 000
6 144 000
6 145 000
6 146 000
6 147 000
6 148 000
6 149 000
6 150 000
6 151 000
6 152 000
6 153 000
6 154 000
6 155 000
6 156 000
6 157 000
6 158 000
6 159 000
6 160 000
6 161 000
6 162 000
6 163 000
6 164 000
6 165 000
6 166 000
6 167 000
6 168 000
6 169 000
6 170 000
6 171 000
6 172 000
6 173 000
6 174 000
6 175 000
6 176 000
6 177 000
6 178 000
6 179 000
6 180 000
6 181 000
6 182 000
6 183 000
6 184 000
6 185 000
6 186 000
6 187 000
6 188 000
6 189 000
6 190 000
6 191 000
6 192 000
6 193 000
6 194 000
6 195 000
6 196 000
6 197 000
6 198 000
6 199 000
6 200 000
6 201 000
6 202 000
6 203 000
6 204 000
6 205 000
6 206 000
6 207 000
6 208 000
6 209 000
6 210 000
6 211 000
6 212 000
6 213 000
6 214 000
6 215 000
6 216 000
6 217 000
6 218 000
6 219 000
6 220 000
6 221 000
6 222 000
6 223 000
6 224 000
6 225 000
6 226 000
6 227 000
6 228 000
6 229 000
6 230 000
6 231 000
6 232 000
6 233 000
6 234 000
6 235 000
6 236 000
6 237 000
6 238 000
6 239 000
6 240 000
6 241 000
6 242 000
6 243 000
6 244 000
6 245 000
6 246 000
6 247 000
6 248 000
6 249 000
6 250 000
6 251 000
6 252 000
6 253 000
6 254 000
6 255 000
6 256 000
6 257 000
6 258 000
6 259 000
6 260 000
6 261 000
6 262 000
6 263 000
6 264 000
6 265 000
6 266 000
6 267 000
6 268 000
6 269 000
6 270 000
6 271 000
6 272 000
6 273 000
6 274 000
6 275 000
6 276 000
6 277 000
6 278 000
6 279 000
6 280 000
6 281 000
6 282 000
6 283 000
6 284 000
6 285 000
6 286 000
6 287 000
6 288 000
6 289 000
6 290 000
6 291 000
6 292 000
6 293 000
6 294 000
6 295 000
6 296 000
6 297 000
6 298 000
6 299 000
6 300 000
6 301 000
6 302 000
6 303 000
6 304 000
6 305 000
6 306 000
6 307 000
6 308 000
6 309 000
6 310 000
6 311 000
6 312 000
6 313 000
6 314 000
6 315 000
6 316 000
6 317 000
6 318 000
6 319 000
7 0 000
7 1 000
7 2 000
7 3 000
7 4 000
7 5 000
7 6 000
7 7 000
7 8 000
7 9 000
7 10 000
7 11 000
7 12 000
7 13 000
7 14 000
7 15 000
7 16 000
7 17 000
7 18 000
7 19 000
7 20 000
7 21 000
7 22 000
7 23 000
7 24 000
7 25 000
7 26 000
7 27 000
7 28 000
7 29 000
7 30 000
7 31 000
7 32 000
7 33 000
7 34 000
7 35 000
7 36 000
7 37 000
7 38 000
7 39 000
7 40 000
7 41 000
7 42 000
7 43 000
7 44 000
7 45 000
7 46 000
7 47 000
7 48 000
7 49 000
7 50 000
7 51 000
7 52 000
7 53 000
7 54 000
7 55 000
7 56 000
7 57 000
7 58 000
7 59 000
7 60 000
7 61 000
7 62 000
7 63 000
7 64 000
7 65 000
7 66 000
7 67 000
7 68 000
7 69 000
7 70 000
7 71 000
7 72 000
7 73 000
7 74 000
7 75 000
7 76 000
7 77 000
7 78 000
7 79 000
7 80 000
7 81 000
7 82 000
7 83 000
7 84 000
7 85 000
7 86 000
7 87 000
7 88 000
7 89 000
7 90 000
7 91 000
7 92 000
7 93 000
7 94 000
7 95 000
7 96 000
7 97 000
7 98 000
7 99 000
7 100 000
7 101 000
7 102 000
7 103 000
7 104 000
7 105 000
7 106 000
7 107 000
7 108 000
7 109 000
7 110 000
7 111 000
7 112 000
7 113 000
7 114 000
7 115 000
7 116 000
7 117 000
7 118 000
7 119 000
7 120 000
7 121 000
7 122 000
7 123 000
7 124 000
7 125 000
7 126 000
7 127 000
7 128 000
7 129 000
7 130 000
7 131 000
7 132 000
7 133 000
7 134 000
7 135 000
7 136 000
7 137 000
7 138 000
7 139 000
7 140 000
7 141 000
7 142 000
7 143 000
7 144 000
7 145 000
7 146 000
7 147 000
7 148 000
7 149 000
7 150 000
7 151 000
7 152 000
7 153 000
7 154 000
7 155 000
7 156 000
7 157 000
7 158 000
7 159 000
7 160 000
7 161 000
7 162 000
7 163 000
7 164 000
7 165 000
7 166 000
7 167 000
7 168 000
7 169 000
7 170 000
7 171 000
7 172 000
7 173 000
7 174 000
7 175 000
7 176 000
7 177 000
7 178 000
7 179 000
7 180 000
7 181 000
7 182 000
7 183 000
7 184 000
7 185 000
7 186 000
7 187 000
7 188 000
7 189 000
7 190 000
7 191 000
7 192 000
7 193 000
7 194 000
7 195 000
7 196 000
7 197 000
7 198 000
7 199 000
7 200 000
7 201 000
7 202 000
7 203 000
7 204 000
7 205 000
7 206 000
7 207 000
7 208 000
7 209 000
7 210 000
7 211 000
7 212 000
7 213 000
7 214 000
7 215 000
7 216 000
7 217 000
7 218 000
7 219 000
7 220 000
7 221 000
7 222 000
7 223 000
7 224 000
7 225 000
7 226 000
7 227 000
7 228 000
7 229 000
7 230 000
7 231 000
7 232 000
7 233 000
7 234 000
7 235 000
7 236 000
7 237 000
7 238 000
7 239 000
7 240 000
7 241 000
7 242 000
7 243 000
7 244 000
7 245 000
7 246 000
7 247 000
7 248 000
7 249 000
7 250 000
7 251 000
7 252 000
7 253 000
7 254 000
7 255 000
7 256 000
7 257 000
7 258 000
7 259 000
7 260 000
7 261 000
7 262 000
7 263 000
7 264 000
7 265 000
7 266 000
7 267 000
7 268 000
7 269 000
7 270 000
7 271 000
7 272 000
7 273 000
7 274 000
7 275 000
7 276 000
7 277 000
7 278 000
7 279 000
7 280 000
7 281 000
7 282 000
7 283 000
7 284 000
7 285 000
7 286 000
7 287 000
7 288 000
7 289 000
7 290 000
7 291 000
7 292 000
7 293 000
7 294 000
7 295 000
7 296 000
7 297 000
7 298 000
7 299 000
7 300 000
7 301 000
7 302 000
7 303 000
7 304 000
7 305 000
7 306 000
7 307 000
7 308 000
7 309 000
7 310 000
7 311 000
7 312 000
7 313 000
7 314 000
7 315 000
7 316 000
7 317 000
7 318 000
7 319 000
8 0 000
8 1 000
8 2 000
8 3 000
8 4 000
8 5 000
8 6 000
8 7 000
8 8 000
8 9 000
8 10 000
8 11 000
8 12 000
8 13 000
8 14 000
8 15 000
8 16 000
8 17 000
8 18 000
8 19 000
8 20 000
8 21 000
8 22 000
8 23 000
8 24 000
8 25 000
8 26 000
8 27 000
8 28 000
8 29 000
8 30 000
8 31 000
8 32 000
8 33 000
8 34 000
8 35 000
8 36 000
8 37 000
8 38 000
8 39 000
8 40 000
8 41 000
8 42 000
8 43 000
8 44 000
8 45 000
8 46 000
8 47 000
8 48 000
8 49 000
8 50 000
8 51 000
8 52 000
8 53 000
8 54 000
8 55 000
8 56 000
8 57 000
8 58 000
8 59 000
8 60 000
8 61 000
8 62 000
8 63 000
8 64 000
8 65 000
8 66 000
8 67 000
8 68 000
8 69 000
8 70 000
8 71 000
8 72 000
8 73 000
8 74 000
8 75 000
8 76 000
8 77 000
8 78 000
8 79 000
8 80 000
8 81 000
8 82 000
8 83 000
8 84 000
8 85 000
8 86 000
8 87 000
8 88 000
8 89 000
8 90 000
8 91 000
8 92 000
8 93 000
8 94 000
8 95 000
8 96 000
8 97 000
8 98 000
8 99 000
8 100 000
8 101 000
8 102 000
8 103 000
8 104 000
8 105 000
8 106 000
8 107 000
8 108 000
8 109 000
8 110 000
8 111 000
8 112 000
8 113 000
8 114 000
8 115 000
8 116 000
8 117 000
8 118 000
8 119 000
8 120 000
8 121 000
8 122 000
8 123 000
8 124 000
8 125 000
8 126 000
8 127 000
8 128 000
8 129 000
8 130 000
8 131 000
8 132 000
8 133 000
8 134 000
8 135 000
8 136 000
8 137 000
8 138 000
8 139 000
8 140 000
8 141 000
8 142 000
8 143 000
8 144 000
8 145 000
8 146 000
8 147 000
8 148 000
8 149 000
8 150 000
8 151 000
8 152 000
8 153 000
8 154 000
8 155 000
8 156 000
8 157 000
8 158 000
8 159 000
8 160 000
8 161 000
8 162 000
8 163 000
8 164 000
8 165 000
8 166 000
8 167 000
8 168 000
8 169 000
8 170 000
8 171 000
8 172 000
8 173 000
8 174 000
8 175 000
8 176 000
8 177 000
8 178 000
8 179 000
8 180 000
8 181 000
8 182 000
8 183 000
8 184 000
8 185 000
8 186 000
8 187 000
8 188 000
8 189 000
8 190 000
8 191 000
8 192 000
8 193 000
8 194 000
8 195 000
8 196 000
8 197 000
8 198 000
8 199 000
8 200 000
8 201 000
8 202 000
8 203 000
8 204 000
8 205 000
8 206 000
8 207 000
8 208 000
8 209 000
8 210 000
8 211 000
8 212 000
8 213 000
8 214 000
8 215 000
8 216 000
8 217 000
8 218 000
8 219 000
8 220 000
8 221 000
8 222 000
8 223 000
8 224 000
8 225 000
8 226 000
8 227 000
8 228 000
8 229 000
8 230 000
8 231 000
8 232 000
8 233 000
8 234 000
8 235 000
8 236 000
8 237 000
8 238 000
8 239 000
8 240 000
8 241 000
8 242 000
8 243 000
8 244 000
8 245 000
8 246 000
8 247 000
8 248 000
8 249 000
8 250 000
8 251 000
8 252 000
8 253 000
8 254 000
8 255 000
8 256 000
8 257 000
8 258 000
8 259 000
8 260 000
8 261 000
8 262 000
8 263 000
8 264 000
8 265 000
8 266 000
8 267 000
8 268 000
8 269 000
8 270 000
8 271 000
8 272 000
8 273 000
8 274 000
8 275 000
8 276 000
8 277 000
8 278 000
8 279 000
8 280 000
8 281 000
8 282 000
8 283 000
8 284 000
8 285 000
8 286 000
8 287 000
8 288 000
8 289 000
8 290 000
8 291 000
8 292 000
8 293 000
8 294 000
8 295 000
8 296 000
8 297 000
8 298 000
8 299 000
8 300 000
8 301 000
8 302 000
8 303 000
8 304 000
8 305 000
8 306 000
8 307 000
8 308 000
8 309 000
8 310 000
8 311 000
8 312 000
8 313 000
8 314 000
8 315 000
8 316 000
8 317 000
8 318 000
8 319 000
9 0 000
9 1 000
9 2 000
9 3 000
9 4 000
9 5 000
9 6 000
9 7 000
9 8 000
9 9 000
9 10 000
9 11 000
9 12 000
9 13 000
9 14 000
9 15 000
9 16 000
9 17 000
9 18 000
9 19 000
9 20 000
9 21 000
9 22 000
9 23 000
9 24 000
9 25 000
9 26 000
9 27 000
9 28 000
9 29 000
9 30 000
9 31 000
9 32 000
9 33 000
9 34 000
9 35 000
9 36 000
9 37 000
9 38 000
9 39 000
9 40 000
9 41 000
9 42 000
9 43 000
9 44 000
9 45 000
9 46 000
9 47 000
9 48 000
9 49 000
9 50 000
9 51 000
9 52 000
9 53 000
9 54 000
9 55 000
9 56 000
9 57 000
9 58 000
9 59 000
9 60 000
9 61 000
9 62 000
9 63 000
9 64 000
9 65 000
9 66 000
9 67 000
9 68 000
9 69 000
9 70 000
9 71 000
9 72 000
9 73 000
9 74 000
9 75 000
9 76 000
9 77 000
9 78 000
9 79 000
9 80 000
9 81 000
9 82 000
9 83 000
9 84 000
9 85 000
9 86 000
9 87 000
9 88 000
9 89 000
9 90 000
9 91 000
9 92 000
9 93 000
9 94 000
9 95 000
9 96 000
9 97 000
9 98 000
9 99 000
9 100 000
9 101 000
9 102 000
9 103 000
9 104 000
9 105 000
9 106 000
9 107 000
9 108 000
9 109 000
9 110 000
9 111 000
9 112 000
9 113 000
9 114 000
9 115 000
9 116 000
9 117 000
9 118 000
9 119 000
9 120 000
9 121 000
9 122 000
9 123 000
9 124 000
9 125 000
9 126 000
9 127 000
9 128 000
9 129 000
9 130 000
9 131 000
9 132 000
9 133 000
9 134 000
9 135 000
9 136 000
9 137 000
9 138 000
9 139 000
9 140 000
9 141 000
9 142 000
9 143 000
9 144 000
9 145 000
9 146 000
9 147 000
9 148 000
9 149 000
9 150 000
9 151 000
9 152 000
9 153 000
9 154 000
9 155 000
9 156 000
9 157 000
9 158 000
9 159 000
9 160 000
9 161 000
9 162 000
9 163 000
9 164 000
9 165 000
9 166 000
9 167 000
9 168 000
9 169 000
9 170 000
9 171 000
9 172 000
9 173 000
9 174 000
9 175 000
9 176 000
9 177 000
9 178 000
9 179 000
9 180 000
9 181 000
9 182 000
9 183 000
9 184 000
9 185 000
9 186 000
9 187 000
9 188 000
9 189 000
9 190 000
9 191 000
9 192 000
9 193 000
9 194 000
9 195 000
9 196 000
9 197 000
9 198 000
9 199 000
9 200 000
9 201 000
9 202 000
9 203 000
9 204 000
9 205 000
9 206 000
9 207 000
9 208 000
9 209 000
9 210 000
9 211 000
9 212 000
9 213 000
9 214 000
9 215 000
9 216 000
9 217 000
9 218 000
9 219 000
9 220 000
9 221 000
9 222 000
9 223 000
9 224 000
9 225 000
9 226 000
9 227 000
9 228 000
9 229 000
9 230 000
9 231 000
9 232 000
9 233 000
9 234 000
9 235 000
9 236 000
9 237 000
9 238 000
9 239 000
9 240 000
9 241 000
9 242 000
9 243 000
9 244 000
9 245 000
9 246 000
9 247 000
9 248 000
9 249 000
9 250 000
9 251 000
9 252 000
9 253 000
9 254 000
9 255 000
9 256 000
9 257 000
9 258 000
9 259 000
9 260 000
9 261 000
9 262 000
9 263 000
9 264 000
9 265 000
9 266 000
9 267 000
9 268 000
9 269 000
9 270 000
9 271 000
9 272 000
9 273 000
9 274 000
9 275 000
9 276 000
9 277 000
9 278 000
9 279 000
9 280 000
9 281 000
9 282 000
9 283 000
9 284 000
9 285 000
9 286 000
9 287 000
9 288 000
9 289 000
9 290 000
9 291 000
9 292 000
9 293 000
9 294 000
9 295 000
9 296 000
9 297 000
9 298 000
9 299 000
9 300 000
9 301 000
9 302 000
9 303 000
9 304 000
9 305 000
9 306 000
9 307 000
9 308 000
9 309 000
9 310 000
9 311 000
9 312 000
9 313 000
9 314 000
9 315 000
9 316 000
9 317 000
9 318 000
9 319 000
10 0 000
10 1 000
10 2 000
10 3 000
10 4 000
10 5 000
10 6 000
10 7 000
10 8 000
10 9 000
10 10 000
10 11 000
10 12 000
10 13 000
10 14 000
10 15 000
10 16 000
10 17 000
10 18 000
10 19 000
10 20 000
10 21 000
10 22 000
10 23 000
10 24 000
10 25 000
10 26 000
10 27 000
10 28 000
10 29 000
10 30 000
10 31 000
10 32 000
10 33 000
10 34 000
10 35 000
10 36 000
10 37 000
10 38 000
10 39 000
10 40 000
10 41 000
10 42 000
10 43 000
10 44 000
10 45 000
10 46 000
10 47 000
10 48 000
10 49 000
10 50 000
10 51 000
10 52 000
10 53 000
10 54 000
10 55 000
10 56 000
10 57 000
10 58 000
10 59 000
10 60 000
10 61 000
10 62 000
10 63 000
10 64 000
10 65 000
10 66 000
10 67 000
10 68 000
10 69 000
10 70 000
10 71 000
10 72 000
10 73 000
10 74 000
10 75 000
10 76 000
10 77 000
10 78 000
10 79 000
10 80 000
10 81 000
10 82 000
10 83 000
10 84 000
10 85 000
10 86 000
10 87 000
10 88 000
10 89 000
10 90 000
10 91 000
10 92 000
10 93 000
10 94 000
10 95 000
10 96 000
10 97 000
10 98 000
10 99 000
10 100 000
10 101 000
10 102 000
10 103 000
10 104 000
10 105 000
10 106 000
10 107 000
10 108 000
10 109 000
10 110 000
10 111 000
10 112 000
10 113 000
10 114 000
10 115 000
10 116 000
10 117 000
10 118 000
10 119 000
10 120 000
10 121 000
10 122 000
10 123 000
10 124 000
10 125 000
10 126 000
10 127 000
10 128 000
10 129 000
10 130 000
10 131 000
10 132 000
10 133 000
10 134 000
10 135 000
10 136 000
10 137 000
10 138 000
10 139 000
10 140 000
10 141 000
10 142 000
10 143 000
10 144 000
10 145 000
10 146 000
10 147 000
10 148 000
10 149 000
10 150 000
10 151 000
10 152 000
10 153 000
10 154 000
10 155 000
10 156 000
10 157 000
10 158 000
10 159 000
10 160 000
10 161 000
10 162 000
10 163 000
10 164 000
10 165 000
10 166 000
10 167 000
10 168 000
10 169 000
10 170 000
10 171 000
10 172 000
10 173 000
10 174 000
10 175 000
10 176 000
10 177 000
10 178 000
10 179 000
10 180 000
10 181 000
10 182 000
10 183 000
10 184 000
10 185 000
10 186 000
10 187 000
10 188 000
10 189 000
10 190 000
10 191 000
10 192 000
10 193 000
10 194 000
10 195 000
10 196 000
10 197 000
10 198 000
10 199 000
10 200 000
10 201 000
10 202 000
10 203 000
10 204 000
10 205 000
10 206 000
10 207 000
10 208 000
10 209 000
10 210 000
10 211 000
10 212 000
10 213 000
10 214 000
10 215 000
10 216 000
10 217 000
10 218 000
10 219 000
10 220 000
10 221 000
10 222 000
10 223 000
10 224 000
10 225 000
10 226 000
10 227 000
10 228 000
10 229 000
10 230 000
10 231 000
10 232 000
10 233 000
10 234 000
10 235 000
10 236 000
10 237 000
10 238 000
10 239 000
10 240 000
10 241 000
10 242 000
10 243 000
10 244 000
10 245 000
10 246 000
10 247 000
10 248 000
10 249 000
10 250 000
10 251 000
10 252 000
10 253 000
10 254 000
10 255 000
10 256 000
10 257 000
10 258 000
10 259 000
10 260 000
10 261 000
10 262 000
10 263 000
10 264 000
10 265 000
10 266 000
10 267 000
10 268 000
10 269 000
10 270 000
10 271 000
10 272 000
10 273 000
10 274 000
10 275 000
10 276 000
10 277 000
10 278 000
10 279 000
10 280 000
10 281 000
10 282 000
10 283 000
10 284 000
10 285 000
10 286 000
10 287 000
10 288 000
10 289 000
10 290 000
10 291 000
10 292 000
10 293 000
10 294 000
10 295 000
10 296 000
10 297 000
10 298 000
10 299 000
10 300 000
10 301 000
10 302 000
10 303 000
10 304 000
10 305 000
10 306 000
10 307 000
10 308 000
10 309 000
10 310 000
10 311 000
10 312 000
10 313 000
10 314 000
10 315 000
10 316 000
10 317 000
10 318 000
10 319 000
11 0 000
11 1 000
11 2 000
11 3 000
11 4 000
11 5 000
11 6 000
11 7 000
11 8 000
11 9 000
11 10 000
11 11 000
11 12 000
11 13 000
11 14 000
11 15 000
11 16 000
11 17 000
11 18 000
11 19 000
11 20 000
11 21 000
11 22 000
11 23 000
11 24 000
11 25 000
11 26 000
11 27 000
11 28 000
11 29 000
11 30 000
11 31 000
11 32 000
11 33 000
11 34 000
11 35 000
11 36 000
11 37 000
11 38 000
11 39 000
11 40 000
11 41 000
11 42 000
11 43 000
11 44 000
11 45 000
11 46 000
11 47 000
11 48 000
11 49 000
11 50 000
11 51 000
11 52 000
11 53 000
11 54 000
11 55 000
11 56 000
11 57 000
11 58 000
11 59 000
11 60 000
11 61 000
11 62 000
11 63 000
11 64 000
11 65 000
11 66 000
11 67 000
11 68 000
11 69 000
11 70 000
11 71 000
11 72 000
11 73 000
11 74 000
11 75 000
11 76 000
11 77 000
11 78 000
11 79 000
11 80 000
11 81 000
11 82 000
11 83 000
11 84 000
11 85 000
11 86 000
11 87 000
11 88 000
11 89 000
11 90 000
11 91 000
11 92 000
11 93 000
11 94 000
11 95 000
11 96 000
11 97 000
11 98 000
11 99 000
11 100 000
11 101 000
11 102 000
11 103 000
11 104 000
11 105 000
11 106 000
11 107 000
11 108 000
11 109 000
11 110 000
11 111 000
11 112 000
11 113 000
11 114 000
11 115 000
11 116 000
11 117 000
11 118 000
11 119 000
11 120 000
11 121 000
11 122 000
11 123 000
11 124 000
11 125 000
11 126 000
11 127 000
11 128 000
11 129 000
11 130 000
11 131 000
11 132 000
11 133 000
11 134 000
11 135 000
11 136 000
11 137 000
11 138 000
11 139 000
11 140 000
11 141 000
11 142 000
11 143 000
11 144 000
11 145 000
11 146 000
11 147 000
11 148 000
11 149 000
11 150 000
11 151 000
11 152 000
11 153 000
11 154 000
11 155 000
11 156 000
11 157 000
11 158 000
11 159 000
11 160 000
11 161 000
11 162 000
11 163 000
11 164 000
11 165 000
11 166 000
11 167 000
11 168 000
11 169 000
11 170 000
11 171 000
11 172 000
11 173 000
11 174 000
11 175 000
11 176 000
11 177 000
11 178 000
11 179 000
11 180 000
11 181 000
11 182 000
11 183 000
11 184 000
11 185 000
11 186 000
11 187 000
11 188 000
11 189 000
11 190 000
11 191 000
11 192 000
11 193 000
11 194 000
11 195 000
11 196 000
11 197 000
11 198 000
11 199 000
11 200 000
11 201 000
11 202 000
11 203 000
11 204 000
11 205 000
11 206 000
11 207 000
11 208 000
11 209 000
11 210 000
11 211 000
11 212 000
11 213 000
11 214 000
11 215 000
11 216 000
11 217 000
11 218 000
11 219 000
11 220 000
11 221 000
11 222 000
11 223 000
11 224 000
11 225 000
11 226 000
11 227 000
11 228 000
11 229 000
11 230 000
11 231 000
11 232 000
11 233 000
11 234 000
11 235 000
11 236 000
11 237 000
11 238 000
11 239 000
11 240 000
11 241 000
11 242 000
11 243 000
11 244 000
11 245 000
11 246 000
11 247 000
11 248 000
11 249 000
11 250 000
11 251 000
11 252 000
11 253 000
11 254 000
11 255 000
11 256 000
11 257 000
11 258 000
11 259 000
11 260 000
11 261 000
11 262 000
11 263 000
11 264 000
11 265 000
11 266 000
11 267 000
11 268 000
11 269 000
11 270 000
11 271 000
11 272 000
11 273 000
11 274 000
11 275 000
11 276 000
11 277 000
11 278 000
11 279 000
11 280 000
11 281 000
11 282 000
11 283 000
11 284 000
11 285 000
11 286 000
11 287 000
11 288 000
11 289 000
11 290 000
11 291 000
11 292 000
11 293 000
11 294 000
11 295 000
11 296 000
11 297 000
11 298 000
11 299 000
11 300 000
11 301 000
11 302 000
11 303 000
11 304 000
11 305 000
11 306 000
11 307 000
11 308 000
11 309 000
11 310 000
11 311 000
11 312 000
11 313 000
11 314 000
11 315 000
11 316 000
11 317 000
11 318 000
11 319 000
12 0 000
12 1 000
12 2 000
12 3 000
12 4 000
12 5 000
12 6 000
12 7 000
12 8 000
12 9 000
12 10 000
12 11 000
12 12 000
12 13 000
12 14 000
12 15 000
12 16 000
12 17 000
12 18 000
12 19 000
12 20 000
12 21 000
12 22 000
12 23 000
12 24 000
12 25 000
12 26 000
12 27 000
12 28 000
12 29 000
12 30 000
12 31 000
12 32 000
12 33 000
12 34 000
12 35 000
12 36 000
12 37 000
12 38 000
12 39 000
12 40 000
12 41 000
12 42 000
12 43 000
12 44 000
12 45 000
12 46 000
12 47 000
12 48 000
12 49 000
12 50 000
12 51 000
12 52 000
12 53 000
12 54 000
12 55 000
12 56 000
12 57 000
12 58 000
12 59 000
12 60 000
12 61 000
12 62 000
12 63 000
12 64 000
12 65 000
12 66 000
12 67 000
12 68 000
12 69 000
12 70 000
12 71 000
12 72 000
12 73 000
12 74 000
12 75 000
12 76 000
12 77 000
12 78 000
12 79 000
12 80 000
12 81 000
12 82 000
12 83 000
12 84 000
12 85 000
12 86 000
12 87 000
12 88 000
12 89 000
12 90 000
12 91 000
12 92 000
12 93 000
12 94 000
12 95 000
12 96 000
12 97 000
12 98 000
12 99 000
12 100 000
12 101 000
12 102 000
12 103 000
12 104 000
12 105 000
12 106 000
12 107 000
12 108 000
12 109 000
12 110 000
12 111 000
12 112 000
12 113 000
12 114 000
12 115 000
12 116 000
12 117 000
12 118 000
12 119 000
12 120 000
12 121 000
12 122 000
12 123 000
12 124 000
12 125 000
12 126 000
12 127 000
12 128 000
12 129 000
12 130 000
12 131 000
12 132 000
12 133 000
12 134 000
12 135 000
12 136 000
12 137 000
12 138 000
12 139 000
12 140 000
12 141 000
12 142 000
12 143 000
12 144 000
12 145 000
12 146 000
12 147 000
12 148 000
12 149 000
12 150 000
12 151 000
12 152 000
12 153 000
12 154 000
12 155 000
12 156 000
12 157 000
12 158 000
12 159 000
12 160 000
12 161 000
12 162 000
12 163 000
12 164 000
12 165 000
12 166 000
12 167 000
12 168 000
12 169 000
12 170 000
12 171 000
12 172 000
12 173 000
12 174 000
12 175 000
12 176 000
12 177 000
12 178 000
12 179 000
12 180 000
12 181 000
12 182 000
12 183 000
12 184 000
12 185 000
12 186 000
12 187 000
12 188 000
12 189 000
12 190 000
12 191 000
12 192 000
12 193 000
12 194 000
12 195 000
12 196 000
12 197 000
12 198 000
12 199 000
12 200 000
12 201 000
12 202 000
12 203 000
12 204 000
12 205 000
12 206 000
12 207 000
12 208 000
12 209 000
12 210 000
12 211 000
12 212 000
12 213 000
12 214 000
12 215 000
12 216 000
12 217 000
12 218 000
12 219 000
12 220 000
12 221 000
12 222 000
12 223 000
12 224 000
12 225 000
12 226 000
12 227 000
12 228 000
12 229 000
12 230 000
12 231 000
12 232 000
12 233 000
12 234 000
12 235 000
12 236 000
12 237 000
12 238 000
12 239 000
12 240 000
12 241 000
12 242 000
12 243 000
12 244 000
12 245 000
12 246 000
12 247 000
12 248 000
12 249 000
12 250 000
12 251 000
12 252 000
12 253 000
12 254 000
12 255 000
12 256 000
12 257 000
12 258 000
12 259 000
12 260 000
12 261 000
12 262 000
12 263 000
12 264 000
12 265 000
12 266 000
12 267 000
12 268 000
12 269 000
12 270 000
12 271 000
12 272 000
12 273 000
12 274 000
12 275 000
12 276 000
12 277 000
12 278 000
12 279 000
12 280 000
12 281 000
12 282 000
12 283 000
12 284 000
12 285 000
12 286 000
12 287 000
12 288 000
12 289 000
12 290 000
12 291 000
12 292 000
12 293 000
12 294 000
12 295 000
12 296 000
12 297 000
12 298 000
12 299 000
12 300 000
12 301 000
12 302 000
12 303 000
12 304 000
12 305 000
12 306 000
12 307 000
12 308 000
12 309 000
12 310 000
12 311 000
12 312 000
12 313 000
12 314 000
12 315 000
12 316 000
12 317 000
12 318 000
12 319 000
13 0 000
13 1 000
13 2 000
13 3 000
13 4 000
13 5 000
13 6 000
13 7 000
13 8 000
13 9 000
13 10 000
13 11 000
13 12 000
13 13 000
13 14 000
13 15 000
13 16 000
13 17 000
13 18 000
13 19 000
13 20 000
13 21 000
13 22 000
13 23 000
13 24 000
13 25 000
13 26 000
13 27 000
13 28 000
13 29 000
13 30 000
13 31 000
13 32 000
13 33 000
13 34 000
13 35 000
13 36 000
13 37 000
13 38 000
13 39 000
13 40 000
13 41 000
13 42 000
13 43 000
13 44 000
13 45 000
13 46 000
13 47 000
13 48 000
13 49 000
13 50 000
13 51 000
13 52 000
13 53 000
13 54 000
13 55 000
13 56 000
13 57 000
13 58 000
13 59 000
13 60 000
13 61 000
13 62 000
13 63 000
13 64 000
13 65 000
13 66 000
13 67 000
13 68 000
13 69 000
13 70 000
13 71 000
13 72 000
13 73 000
13 74 000
13 75 000
13 76 000
13 77 000
13 78 000
13 79 000
13 80 000
13 81 000
13 82 000
13 83 000
13 84 000
13 85 000
13 86 000
13 87 000
13 88 000
13 89 000
13 90 000
13 91 000
13 92 000
13 93 000
13 94 000
13 95 000
13 96 000
13 97 000
13 98 000
13 99 000
13 100 000
13 101 000
13 102 000
13 103 000
13 104 000
13 105 000
13 106 000
13 107 000
13 108 000
13 109 000
13 110 000
13 111 000
13 112 000
13 113 000
13 114 000
13 115 000
13 116 000
13 117 000
13 118 000
13 119 000
13 120 000
13 121 000
13 122 000
13 123 000
13 124 000
13 125 000
13 126 000
13 127 000
13 128 000
13 129 000
13 130 000
13 131 000
13 132 000
13 133 000
13 134 000
13 135 000
13 136 000
13 137 000
13 138 000
13 139 000
13 140 000
13 141 000
13 142 000
13 143 000
13 144 000
13 145 000
13 146 000
13 147 000
13 148 000
13 149 000
13 150 000
13 151 000
13 152 000
13 153 000
13 154 000
13 155 000
13 156 000
13 157 000
13 158 000
13 159 000
13 160 000
13 161 000
13 162 000
13 163 000
13 164 000
13 165 000
13 166 000
13 167 000
13 168 000
13 169 000
13 170 000
13 171 000
13 172 000
13 173 000
13 174 000
13 175 000
13 176 000
13 177 000
13 178 000
13 179 000
13 180 000
13 181 000
13 182 000
13 183 000
13 184 000
13 185 000
13 186 000
13 187 000
13 188 000
13 189 000
13 190 000
13 191 000
13 192 000
13 193 000
13 194 000
13 195 000
13 196 000
13 197 000
13 198 000
13 199 000
13 200 000
13 201 000
13 202 000
13 203 000
13 204 000
13 205 000
13 206 000
13 207 000
13 208 000
13 209 000
13 210 000
13 211 000
13 212 000
13 213 000
13 214 000
13 215 000
13 216 000
13 217 000
13 218 000
13 219 000
13 220 000
13 221 000
13 222 000
13 223 000
13 224 000
13 225 000
13 226 000
13 227 000
13 228 000
13 229 000
13 230 000
13 231 000
13 232 000
13 233 000
13 234 000
13 235 000
13 236 000
13 237 000
13 238 000
13 239 000
13 240 000
13 241 000
13 242 000
13 243 000
13 244 000
13 245 000
13 246 000
13 247 000
13 248 000
13 249 000
13 250 000
13 251 000
13 252 000
13 253 000
13 254 000
13 255 000
13 256 000
13 257 000
13 258 000
13 259 000
13 260 000
13 261 000
13 262 000
13 263 000
13 264 000
13 265 000
13 266 000
13 267 000
13 268 000
13 269 000
13 270 000
13 271 000
13 272 000
13 273 000
13 274 000
13 275 000
13 276 000
13 277 000
13 278 000
13 279 000
13 280 000
13 281 000
13 282 000
13 283 000
13 284 000
13 285 000
13 286 000
13 287 000
13 288 000
13 289 000
13 290 000
13 291 000
13 292 000
13 293 000
13 294 000
13 295 000
13 296 000
13 297 000
13 298 000
13 299 000
13 300 000
13 301 000
13 302 000
13 303 000
13 304 000
13 305 000
13 306 000
13 307 000
13 308 000
13 309 000
13 310 000
13 311 000
13 312 000
13 313 000
13 314 000
13 315 000
13 316 000
13 317 000
13 318 000
13 319 000
14 0 000
14 1 000
14 2 000
14 3 000
14 4 000
14 5 000
14 6 000
14 7 000
14 8 000
14 9 000
14 10 000
14 11 000
14 12 000
14 13 000
14 14 000
14 15 000
14 16 000
14 17 000
14 18 000
14 19 000
14 20 000
14 21 000
14 22 000
14 23 000
14 24 000
14 25 000
14 26 000
14 27 000
14 28 000
14 29 000
14 30 000
14 31 000
14 32 000
14 33 000
14 34 000
14 35 000
14 36 000
14 37 000
14 38 000
14 39 000
14 40 000
14 41 000
14 42 000
14 43 000
14 44 000
14 45 000
14 46 000
14 47 000
14 48 000
14 49 000
14 50 000
14 51 000
14 52 000
14 53 000
14 54 000
14 55 000
14 56 000
14 57 000
14 58 000
14 59 000
14 60 000
14 61 000
14 62 000
14 63 000
14 64 000
14 65 000
14 66 000
14 67 000
14 68 000
14 69 000
14 70 000
14 71 000
14 72 000
14 73 000
14 74 000
14 75 000
14 76 000
14 77 000
14 78 000
14 79 000
14 80 000
14 81 000
14 82 000
14 83 000
14 84 000
14 85 000
14 86 000
14 87 000
14 88 000
14 89 000
14 90 000
14 91 000
14 92 000
14 93 000
14 94 000
14 95 000
14 96 000
14 97 000
14 98 000
14 99 000
14 100 000
14 101 000
14 102 000
14 103 000
14 104 000
14 105 000
14 106 000
14 107 000
14 108 000
14 109 000
14 110 000
14 111 000
14 112 000
14 113 000
14 114 000
14 115 000
14 116 000
14 117 000
14 118 000
14 119 000
14 120 000
14 121 000
14 122 000
14 123 000
14 124 000
14 125 000
14 126 000
14 127 000
14 128 000
14 129 000
14 130 000
14 131 000
14 132 000
14 133 000
14 134 000
14 135 000
14 136 000
14 137 000
14 138 000
14 139 000
14 140 000
14 141 000
14 142 000
14 143 000
14 144 000
14 145 000
14 146 000
14 147 000
14 148 000
14 149 000
14 150 000
14 151 000
14 152 000
14 153 000
14 154 000
14 155 000
14 156 000
14 157 000
14 158 000
14 159 000
14 160 000
14 161 000
14 162 000
14 163 000
14 164 000
14 165 000
14 166 000
14 167 000
14 168 000
14 169 000
14 170 000
14 171 000
14 172 000
14 173 000
14 174 000
14 175 000
14 176 000
14 177 000
14 178 000
14 179 000
14 180 000
14 181 000
14 182 000
14 183 000
14 184 000
14 185 000
14 186 000
14 187 000
14 188 000
14 189 000
14 190 000
14 191 000
14 192 000
14 193 000
14 194 000
14 195 000
14 196 000
14 197 000
14 198 000
14 199 000
14 200 000
14 201 000
14 202 000
14 203 000
14 204 000
14 205 000
14 206 000
14 207 000
14 208 000
14 209 000
14 210 000
14 211 000
14 212 000
14 213 000
14 214 000
14 215 000
14 216 000
14 217 000
14 218 000
14 219 000
14 220 000
14 221 000
14 222 000
14 223 000
14 224 000
14 225 000
14 226 000
14 227 000
14 228 000
14 229 000
14 230 000
14 231 000
14 232 000
14 233 000
14 234 000
14 235 000
14 236 000
14 237 000
14 238 000
14 239 000
14 240 000
14 241 000
14 242 000
14 243 000
14 244 000
14 245 000
14 246 000
14 247 000
14 248 000
14 249 000
14 250 000
14 251 000
14 252 000
14 253 000
14 254 000
14 255 000
14 256 000
14 257 000
14 258 000
14 259 000
14 260 000
14 261 000
14 262 000
14 263 000
14 264 000
14 265 000
14 266 000
14 267 000
14 268 000
14 269 000
14 270 000
14 271 000
14 272 000
14 273 000
14 274 000
14 275 000
14 276 000
14 277 000
14 278 000
14 279 000
14 280 000
14 281 000
14 282 000
14 283 000
14 284 000
14 285 000
14 286 000
14 287 000
14 288 000
14 289 000
14 290 000
14 291 000
14 292 000
14 293 000
14 294 000
14 295 000
14 296 000
14 297 000
14 298 000
14 299 000
14 300 000
14 301 000
14 302 000
14 303 000
14 304 000
14 305 000
14 306 000
14 307 000
14 308 000
14 309 000
14 310 000
14 311 000
14 312 000
14 313 000
14 314 000
14 315 000
14 316 000
14 317 000
14 318 000
14 319 000
15 0 000
15 1 000
15 2 000
15 3 000
15 4 000
15 5 000
15 6 000
15 7 000
15 8 000
15 9 000
15 10 000
15 11 000
15 12 000
15 13 000
15 14 000
15 15 000
15 16 000
15 17 000
15 18 000
15 19 000
15 20 000
15 21 000
15 22 000
15 23 000
15 24 000
15 25 000
15 26 000
15 27 000
15 28 000
15 29 000
15 30 000
15 31 000
15 32 000
15 33 000
15 34 000
15 35 000
15 36 000
15 37 000
15 38 000
15 39 000
15 40 000
15 41 000
15 42 000
15 43 000
15 44 000
15 45 000
15 46 000
15 47 000
15 48 000
15 49 000
15 50 000
15 51 000
15 52 000
15 53 000
15 54 000
15 55 000
15 56 000
15 57 000
15 58 000
15 59 000
15 60 000
15 61 000
15 62 000
15 63 000
15 64 000
15 65 000
15 66 000
15 67 000
15 68 000
15 69 000
15 70 000
15 71 000
15 72 000
15 73 000
15 74 000
15 75 000
15 76 000
15 77 000
15 78 000
15 79 000
15 80 000
15 81 000
15 82 000
15 83 000
15 84 000
15 85 000
15 86 000
15 87 000
15 88 000
15 89 000
15 90 000
15 91 000
15 92 000
15 93 000
15 94 000
15 95 000
15 96 000
15 97 000
15 98 000
15 99 000
15 100 000
15 101 000
15 102 000
15 103 000
15 104 000
15 105 000
15 106 000
15 107 000
15 108 000
15 109 000
15 110 000
15 111 000
15 112 000
15 113 000
15 114 000
15 115 000
15 116 000
15 117 000
15 118 000
15 119 000
15 120 000
15 121 000
15 122 000
15 123 000
15 124 000
15 125 000
15 126 000
15 127 000
15 128 000
15 129 000
15 130 000
15 131 000
15 132 000
15 133 000
15 134 000
15 135 000
15 136 000
15 137 000
15 138 000
15 139 000
15 140 000
15 141 000
15 142 000
15 143 000
15 144 000
15 145 000
15 146 000
15 147 000
15 148 000
15 149 000
15 150 000
15 151 000
15 152 000
15 153 000
15 154 000
15 155 000
15 156 000
15 157 000
15 158 000
15 159 000
15 160 000
15 161 000
15 162 000
15 163 000
15 164 000
15 165 000
15 166 000
15 167 000
15 168 000
15 169 000
15 170 000
15 171 000
15 172 000
15 173 000
15 174 000
15 175 000
15 176 000
15 177 000
15 178 000
15 179 000
15 180 000
15 181 000
15 182 000
15 183 000
15 184 000
15 185 000
15 186 000
15 187 000
15 188 000
15 189 000
15 190 000
15 191 000
15 192 000
15 193 000
15 194 000
15 195 000
15 196 000
15 197 000
15 198 000
15 199 000
15 200 000
15 201 000
15 202 000
15 203 000
15 204 000
15 205 000
15 206 000
15 207 000
15 208 000
15 209 000
15 210 000
15 211 000
15 212 000
15 213 000
15 214 000
15 215 000
15 216 000
15 217 000
15 218 000
15 219 000
15 220 000
15 221 000
15 222 000
15 223 000
15 224 000
15 225 000
15 226 000
15 227 000
15 228 000
15 229 000
15 230 000
15 231 000
15 232 000
15 233 000
15 234 000
15 235 000
15 236 000
15 237 000
15 238 000
15 239 000
15 240 000
15 241 000
15 242 000
15 243 000
15 244 000
15 245 000
15 246 000
15 247 000
15 248 000
15 249 000
15 250 000
15 251 000
15 252 000
15 253 000
15 254 000
15 255 000
15 256 000
15 257 000
15 258 000
15 259 000
15 260 000
15 261 000
15 262 000
15 263 000
15 264 000
15 265 000
15 266 000
15 267 000
15 268 000
15 269 000
15 270 000
15 271 000
15 272 000
15 273 000
15 274 000
15 275 000
15 276 000
15 277 000
15 278 000
15 279 000
15 280 000
15 281 000
15 282 000
15 283 000
15 284 000
15 285 000
15 286 000
15 287 000
15 288 000
15 289 000
15 290 000
15 291 000
15 292 000
15 293 000
15 294 000
15 295 000
15 296 000
15 297 000
15 298 000
15 299 000
15 300 000
15 301 000
15 302 000
15 303 000
15 304 000
15 305 000
15 306 000
15 307 000
15 308 000
15 309 000
15 310 000
15 311 000
15 312 000
15 313 000
15 314 000
15 315 000
15 316 000
15 317 000
15 318 000
15 319 000
16 0 000
16 1 000
16 2 000
16 3 000
16 4 000
16 5 000
16 6 000
16 7 000
16 8 000
16 9 000
16 10 000
16 11 000
16 12 000
16 13 000
16 14 000
16 15 000
16 16 000
16 17 000
16 18 000
16 19 000
16 20 000
16 21 000
16 22 000
16 23 000
16 24 000
16 25 000
16 26 000
16 27 000
16 28 000
16 29 000
16 30 000
16 31 000
16 32 000
16 33 000
16 34 000
16 35 000
16 36 000
16 37 000
16 38 000
16 39 000
16 40 000
16 41 000
16 42 000
16 43 000
16 44 000
16 45 000
16 46 000
16 47 000
16 48 000
16 49 000
16 50 000
16 51 000
16 52 000
16 53 000
16 54 000
16 55 000
16 56 000
16 57 000
16 58 000
16 59 000
16 60 000
16 61 000
16 62 000
16 63 000
16 64 000
16 65 000
16 66 000
16 67 000
16 68 000
16 69 000
16 70 000
16 71 000
16 72 000
16 73 000
16 74 000
16 75 000
16 76 000
16 77 000
16 78 000
16 79 000
16 80 000
16 81 000
16 82 000
16 83 000
16 84 000
16 85 000
16 86 000
16 87 000
16 88 000
16 89 000
16 90 000
16 91 000
16 92 000
16 93 000
16 94 000
16 95 000
16 96 000
16 97 000
16 98 000
16 99 000
16 100 000
16 101 000
16 102 000
16 103 000
16 104 000
16 105 000
16 106 000
16 107 000
16 108 000
16 109 000
16 110 000
16 111 000
16 112 000
16 113 000
16 114 000
16 115 000
16 116 000
16 117 000
16 118 000
16 119 000
16 120 000
16 121 000
16 122 000
16 123 000
16 124 000
16 125 000
16 126 000
16 127 000
16 128 000
16 129 000
16 130 000
16 131 000
16 132 000
16 133 000
16 134 000
16 135 000
16 136 000
16 137 000
16 138 000
16 139 000
16 140 000
16 141 000
16 142 000
16 143 000
16 144 000
16 145 000
16 146 000
16 147 000
16 148 000
16 149 000
16 150 000
16 151 000
16 152 000
16 153 000
16 154 000
16 155 000
16 156 000
16 157 000
16 158 000
16 159 000
16 160 000
16 161 000
16 162 000
16 163 000
16 164 000
16 165 000
16 166 000
16 167 000
16 168 000
16 169 000
16 170 000
16 171 000
16 172 000
16 173 000
16 174 000
16 175 000
16 176 000
16 177 000
16 178 000
16 179 000
16 180 000
16 181 000
16 182 000
16 183 000
16 184 000
16 185 000
16 186 000
16 187 000
16 188 000
16 189 000
16 190 000
16 191 000
16 192 000
16 193 000
16 194 000
16 195 000
16 196 000
16 197 000
16 198 000
16 199 000
16 200 000
16 201 000
16 202 000
16 203 000
16 204 000
16 205 000
16 206 000
16 207 000
16 208 000
16 209 000
16 210 000
16 211 000
16 212 000
16 213 000
16 214 000
16 215 000
16 216 000
16 217 000
16 218 000
16 219 000
16 220 000
16 221 000
16 222 000
16 223 000
16 224 000
16 225 000
16 226 000
16 227 000
16 228 000
16 229 000
16 230 000
16 231 000
16 232 000
16 233 000
16 234 000
16 235 000
16 236 000
16 237 000
16 238 000
16 239 000
16 240 000
16 241 000
16 242 000
16 243 000
16 244 000
16 245 000
16 246 000
16 247 000
16 248 000
16 249 000
16 250 000
16 251 000
16 252 000
16 253 000
16 254 000
16 255 000
16 256 000
16 257 000
16 258 000
16 259 000
16 260 000
16 261 000
16 262 000
16 263 000
16 264 000
16 265 000
16 266 000
16 267 000
16 268 000
16 269 000
16 270 000
16 271 000
16 272 000
16 273 000
16 274 000
16 275 000
16 276 000
16 277 000
16 278 000
16 279 000
16 280 000
16 281 000
16 282 000
16 283 000
16 284 000
16 285 000
16 286 000
16 287 000
16 288 000
16 289 000
16 290 000
16 291 000
16 292 000
16 293 000
16 294 000
16 295 000
16 296 000
16 297 000
16 298 000
16 299 000
16 300 000
16 301 000
16 302 000
16 303 000
16 304 000
16 305 000
16 306 000
16 307 000
16 308 000
16 309 000
16 310 000
16 311 000
16 312 000
16 313 000
16 314 000
16 315 000
16 316 000
16 317 000
16 318 000
16 319 000
17 0 000
17 1 000
17 2 000
17 3 000
17 4 000
17 5 000
17 6 000
17 7 000
17 8 000
17 9 000
17 10 000
17 11 000
17 12 000
17 13 000
17 14 000
17 15 000
17 16 000
17 17 000
17 18 000
17 19 000
17 20 000
17 21 000
17 22 000
17 23 000
17 24 000
17 25 000
17 26 000
17 27 000
17 28 000
17 29 000
17 30 000
17 31 000
17 32 000
17 33 000
17 34 000
17 35 000
17 36 000
17 37 000
17 38 000
17 39 000
17 40 000
17 41 000
17 42 000
17 43 000
17 44 000
17 45 000
17 46 000
17 47 000
17 48 000
17 49 000
17 50 000
17 51 000
17 52 000
17 53 000
17 54 000
17 55 000
17 56 000
17 57 000
17 58 000
17 59 000
17 60 000
17 61 000
17 62 000
17 63 000
17 64 000
17 65 000
17 66 000
17 67 000
17 68 000
17 69 000
17 70 000
17 71 000
17 72 000
17 73 000
17 74 000
17 75 000
17 76 000
17 77 000
17 78 000
17 79 000
17 80 000
17 81 000
17 82 000
17 83 000
17 84 000
17 85 000
17 86 000
17 87 000
17 88 000
17 89 000
17 90 000
17 91 000
17 92 000
17 93 000
17 94 000
17 95 000
17 96 000
17 97 000
17 98 000
17 99 000
17 100 000
17 101 000
17 102 000
17 103 000
17 104 000
17 105 000
17 106 000
17 107 000
17 108 000
17 109 000
17 110 000
17 111 000
17 112 000
17 113 000
17 114 000
17 115 000
17 116 000
17 117 000
17 118 000
17 119 000
17 120 000
17 121 000
17 122 000
17 123 000
17 124 000
17 125 000
17 126 000
17 127 000
17 128 000
17 129 000
17 130 000
17 131 000
17 132 000
17 133 000
17 134 000
17 135 000
17 136 000
17 137 000
17 138 000
17 139 000
17 140 000
17 141 000
17 142 000
17 143 000
17 144 000
17 145 000
17 146 000
17 147 000
17 148 000
17 149 000
17 150 000
17 151 000
17 152 000
17 153 000
17 154 000
17 155 000
17 156 000
17 157 000
17 158 000
17 159 000
17 160 000
17 161 000
17 162 000
17 163 000
17 164 000
17 165 000
17 166 000
17 167 000
17 168 000
17 169 000
17 170 000
17 171 000
17 172 000
17 173 000
17 174 000
17 175 000
17 176 000
17 177 000
17 178 000
17 179 000
17 180 000
17 181 000
17 182 000
17 183 000
17 184 000
17 185 000
17 186 000
17 187 000
17 188 000
17 189 000
17 190 000
17 191 000
17 192 000
17 193 000
17 194 000
17 195 000
17 196 000
17 197 000
17 198 000
17 199 000
17 200 000
17 201 000
17 202 000
17 203 000
17 204 000
17 205 000
17 206 000
17 207 000
17 208 000
17 209 000
17 210 000
17 211 000
17 212 000
17 213 000
17 214 000
17 215 000
17 216 000
17 217 000
17 218 000
17 219 000
17 220 000
17 221 000
17 222 000
17 223 000
17 224 000
17 225 000
17 226 000
17 227 000
17 228 000
17 229 000
17 230 000
17 231 000
17 232 000
17 233 000
17 234 000
17 235 000
17 236 000
17 237 000
17 238 000
17 239 000
17 240 000
17 241 000
17 242 000
17 243 000
17 244 000
17 245 000
17 246 000
17 247 000
17 248 000
17 249 000
17 250 000
17 251 000
17 252 000
17 253 000
17 254 000
17 255 000
17 256 000
17 257 000
17 258 000
17 259 000
17 260 000
17 261 000
17 262 000
17 263 000
17 264 000
17 265 000
17 266 000
17 267 000
17 268 000
17 269 000
17 270 000
17 271 000
17 272 000
17 273 000
17 274 000
17 275 000
17 276 000
17 277 000
17 278 000
17 279 000
17 280 000
17 281 000
17 282 000
17 283 000
17 284 000
17 285 000
17 286 000
17 287 000
17 288 000
17 289 000
17 290 000
17 291 000
17 292 000
17 293 000
17 294 000
17 295 000
17 296 000
17 297 000
17 298 000
17 299 000
17 300 000
17 301 000
17 302 000
17 303 000
17 304 000
17 305 000
17 306 000
17 307 000
17 308 000
17 309 000
17 310 000
17 311 000
17 312 000
17 313 000
17 314 000
17 315 000
17 316 000
17 317 000
17 318 000
17 319 000
18 0 000
18 1 000
18 2 000
18 3 000
18 4 000
18 5 000
18 6 000
18 7 000
18 8 000
18 9 000
18 10 000
18 11 000
18 12 000
18 13 000
18 14 000
18 15 000
18 16 000
18 17 000
18 18 000
18 19 000
18 20 000
18 21 000
18 22 000
18 23 000
18 24 000
18 25 000
18 26 000
18 27 000
18 28 000
18 29 000
18 30 000
18 31 000
18 32 000
18 33 000
18 34 000
18 35 000
18 36 000
18 37 000
18 38 000
18 39 000
18 40 000
18 41 000
18 42 000
18 43 000
18 44 000
18 45 000
18 46 000
18 47 000
18 48 000
18 49 000
18 50 000
18 51 000
18 52 000
18 53 000
18 54 000
18 55 000
18 56 000
18 57 000
18 58 000
18 59 000
18 60 000
18 61 000
18 62 000
18 63 000
18 64 000
18 65 000
18 66 000
18 67 000
18 68 000
18 69 000
18 70 000
18 71 000
18 72 000
18 73 000
18 74 000
18 75 000
18 76 000
18 77 000
18 78 000
18 79 000
18 80 000
18 81 000
18 82 000
18 83 000
18 84 000
18 85 000
18 86 000
18 87 000
18 88 000
18 89 000
18 90 000
18 91 000
18 92 000
18 93 000
18 94 000
18 95 000
18 96 000
18 97 000
18 98 000
18 99 000
18 100 000
18 101 000
18 102 000
18 103 000
18 104 000
18 105 000
18 106 000
18 107 000
18 108 000
18 109 000
18 110 000
18 111 000
18 112 000
18 113 000
18 114 000
18 115 000
18 116 000
18 117 000
18 118 000
18 119 000
18 120 000
18 121 000
18 122 000
18 123 000
18 124 000
18 125 000
18 126 000
18 127 000
18 128 000
18 129 000
18 130 000
18 131 000
18 132 000
18 133 000
18 134 000
18 135 000
18 136 000
18 137 000
18 138 000
18 139 000
18 140 000
18 141 000
18 142 000
18 143 000
18 144 000
18 145 000
18 146 000
18 147 000
18 148 000
18 149 000
18 150 000
18 151 000
18 152 000
18 153 000
18 154 000
18 155 000
18 156 000
18 157 000
18 158 000
18 159 000
18 160 000
18 161 000
18 162 000
18 163 000
18 164 000
18 165 000
18 166 000
18 167 000
18 168 000
18 169 000
18 170 000
18 171 000
18 172 000
18 173 000
18 174 000
18 175 000
18 176 000
18 177 000
18 178 000
18 179 000
18 180 000
18 181 000
18 182 000
18 183 000
18 184 000
18 185 000
18 186 000
18 187 000
18 188 000
18 189 000
18 190 000
18 191 000
18 192 000
18 193 000
18 194 000
18 195 000
18 196 000
18 197 000
18 198 000
18 199 000
18 200 000
18 201 000
18 202 000
18 203 000
18 204 000
18 205 000
18 206 000
18 207 000
18 208 000
18 209 000
18 210 000
18 211 000
18 212 000
18 213 000
18 214 000
18 215 000
18 216 000
18 217 000
18 218 000
18 219 000
18 220 000
18 221 000
18 222 000
18 223 000
18 224 000
18 225 000
18 226 000
18 227 000
18 228 000
18 229 000
18 230 000
18 231 000
18 232 000
18 233 000
18 234 000
18 235 000
18 236 000
18 237 000
18 238 000
18 239 000
18 240 000
18 241 000
18 242 000
18 243 000
18 244 000
18 245 000
18 246 000
18 247 000
18 248 000
18 249 000
18 250 000
18 251 000
18 252 000
18 253 000
18 254 000
18 255 000
18 256 000
18 257 000
18 258 000
18 259 000
18 260 000
18 261 000
18 262 000
18 263 000
18 264 000
18 265 000
18 266 000
18 267 000
18 268 000
18 269 000
18 270 000
18 271 000
18 272 000
18 273 000
18 274 000
18 275 000
18 276 000
18 277 000
18 278 000
18 279 000
18 280 000
18 281 000
18 282 000
18 283 000
18 284 000
18 285 000
18 286 000
18 287 000
18 288 000
18 289 000
18 290 000
18 291 000
18 292 000
18 293 000
18 294 000
18 295 000
18 296 000
18 297 000
18 298 000
18 299 000
18 300 000
18 301 000
18 302 000
18 303 000
18 304 000
18 305 000
18 306 000
18 307 000
18 308 000
18 309 000
18 310 000
18 311 000
18 312 000
18 313 000
18 314 000
18 315 000
18 316 000
18 317 000
18 318 000
18 319 000
19 0 000
19 1 000
19 2 000
19 3 000
19 4 000
19 5 000
19 6 000
19 7 000
19 8 000
19 9 000
19 10 000
19 11 000
19 12 000
19 13 000
19 14 000
19 15 000
19 16 000
19 17 000
19 18 000
19 19 000
19 20 000
19 21 000
19 22 000
19 23 000
19 24 000
19 25 000
19 26 000
19 27 000
19 28 000
19 29 000
19 30 000
19 31 000
19 32 000
19 33 000
19 34 000
19 35 000
19 36 000
19 37 000
19 38 000
19 39 000
19 40 000
19 41 000
19 42 000
19 43 000
19 44 000
19 45 000
19 46 000
19 47 000
19 48 000
19 49 000
19 50 000
19 51 000
19 52 000
19 53 000
19 54 000
19 55 000
19 56 000
19 57 000
19 58 000
19 59 000
19 60 000
19 61 000
19 62 000
19 63 000
19 64 000
19 65 000
19 66 000
19 67 000
19 68 000
19 69 000
19 70 000
19 71 000
19 72 000
19 73 000
19 74 000
19 75 000
19 76 000
19 77 000
19 78 000
19 79 000
19 80 000
19 81 000
19 82 000
19 83 000
19 84 000
19 85 000
19 86 000
19 87 000
19 88 000
19 89 000
19 90 000
19 91 000
19 92 000
19 93 000
19 94 000
19 95 000
19 96 000
19 97 000
19 98 000
19 99 000
19 100 000
19 101 000
19 102 000
19 103 000
19 104 000
19 105 000
19 106 000
19 107 000
19 108 000
19 109 000
19 110 000
19 111 000
19 112 000
19 113 000
19 114 000
19 115 000
19 116 000
19 117 000
19 118 000
19 119 000
19 120 000
19 121 000
19 122 000
19 123 000
19 124 000
19 125 000
19 126 000
19 127 000
19 128 000
19 129 000
19 130 000
19 131 000
19 132 000
19 133 000
19 134 000
19 135 000
19 136 000
19 137 000
19 138 000
19 139 000
19 140 000
19 141 000
19 142 000
19 143 000
19 144 000
19 145 000
19 146 000
19 147 000
19 148 000
19 149 000
19 150 000
19 151 000
19 152 000
19 153 000
19 154 000
19 155 000
19 156 000
19 157 000
19 158 000
19 159 000
19 160 000
19 161 000
19 162 000
19 163 000
19 164 000
19 165 000
19 166 000
19 167 000
19 168 000
19 169 000
19 170 000
19 171 000
19 172 000
19 173 000
19 174 000
19 175 000
19 176 000
19 177 000
19 178 000
19 179 000
19 180 000
19 181 000
19 182 000
19 183 000
19 184 000
19 185 000
19 186 000
19 187 000
19 188 000
19 189 000
19 190 000
19 191 000
19 192 000
19 193 000
19 194 000
19 195 000
19 196 000
19 197 000
19 198 000
19 199 000
19 200 000
19 201 000
19 202 000
19 203 000
19 204 000
19 205 000
19 206 000
19 207 000
19 208 000
19 209 000
19 210 000
19 211 000
19 212 000
19 213 000
19 214 000
19 215 000
19 216 000
19 217 000
19 218 000
19 219 000
19 220 000
19 221 000
19 222 000
19 223 000
19 224 000
19 225 000
19 226 000
19 227 000
19 228 000
19 229 000
19 230 000
19 231 000
19 232 000
19 233 000
19 234 000
19 235 000
19 236 000
19 237 000
19 238 000
19 239 000
19 240 000
19 241 000
19 242 000
19 243 000
19 244 000
19 245 000
19 246 000
19 247 000
19 248 000
19 249 000
19 250 000
19 251 000
19 252 000
19 253 000
19 254 000
19 255 000
19 256 000
19 257 000
19 258 000
19 259 000
19 260 000
19 261 000
19 262 000
19 263 000
19 264 000
19 265 000
19 266 000
19 267 000
19 268 000
19 269 000
19 270 000
19 271 000
19 272 000
19 273 000
19 274 000
19 275 000
19 276 000
19 277 000
19 278 000
19 279 000
19 280 000
19 281 000
19 282 000
19 283 000
19 284 000
19 285 000
19 286 000
19 287 000
19 288 000
19 289 000
19 290 000
19 291 000
19 292 000
19 293 000
19 294 000
19 295 000
19 296 000
19 297 000
19 298 000
19 299 000
19 300 000
19 301 000
19 302 000
19 303 000
19 304 000
19 305 000
19 306 000
19 307 000
19 308 000
19 309 000
19 310 000
19 311 000
19 312 000
19 313 000
19 314 000
19 315 000
19 316 000
19 317 000
19 318 000
19 319 000
20 0 000
20 1 000
20 2 000
20 3 000
20 4 000
20 5 000
20 6 000
20 7 000
20 8 000
20 9 000
20 10 000
20 11 000
20 12 000
20 13 000
20 14 000
20 15 000
20 16 000
20 17 000
20 18 000
20 19 000
20 20 000
20 21 000
20 22 000
20 23 000
20 24 000
20 25 000
20 26 000
20 27 000
20 28 000
20 29 000
20 30 000
20 31 000
20 32 000
20 33 000
20 34 000
20 35 000
20 36 000
20 37 000
20 38 000
20 39 000
20 40 000
20 41 000
20 42 000
20 43 000
20 44 000
20 45 000
20 46 000
20 47 000
20 48 000
20 49 000
20 50 000
20 51 000
20 52 000
20 53 000
20 54 000
20 55 000
20 56 000
20 57 000
20 58 000
20 59 000
20 60 000
20 61 000
20 62 000
20 63 000
20 64 000
20 65 000
20 66 000
20 67 000
20 68 000
20 69 000
20 70 000
20 71 000
20 72 000
20 73 000
20 74 000
20 75 000
20 76 000
20 77 000
20 78 000
20 79 000
20 80 000
20 81 000
20 82 000
20 83 000
20 84 000
20 85 000
20 86 000
20 87 000
20 88 000
20 89 000
20 90 000
20 91 000
20 92 000
20 93 000
20 94 000
20 95 000
20 96 000
20 97 000
20 98 000
20 99 000
20 100 000
20 101 000
20 102 000
20 103 000
20 104 000
20 105 000
20 106 000
20 107 000
20 108 000
20 109 000
20 110 000
20 111 000
20 112 000
20 113 000
20 114 000
20 115 000
20 116 000
20 117 000
20 118 000
20 119 000
20 120 000
20 121 000
20 122 000
20 123 000
20 124 000
20 125 000
20 126 000
20 127 000
20 128 000
20 129 000
20 130 000
20 131 000
20 132 000
20 133 000
20 134 000
20 135 000
20 136 000
20 137 000
20 138 000
20 139 000
20 140 000
20 141 000
20 142 000
20 143 000
20 144 000
20 145 000
20 146 000
20 147 000
20 148 000
20 149 000
20 150 000
20 151 000
20 152 000
20 153 000
20 154 000
20 155 000
20 156 000
20 157 000
20 158 000
20 159 000
20 160 000
20 161 000
20 162 000
20 163 000
20 164 000
20 165 000
20 166 000
20 167 000
20 168 000
20 169 000
20 170 000
20 171 000
20 172 000
20 173 000
20 174 000
20 175 000
20 176 000
20 177 000
20 178 000
20 179 000
20 180 000
20 181 000
20 182 000
20 183 000
20 184 000
20 185 000
20 186 000
20 187 000
20 188 000
20 189 000
20 190 000
20 191 000
20 192 000
20 193 000
20 194 000
20 195 000
20 196 000
20 197 000
20 198 000
20 199 000
20 200 000
20 201 000
20 202 000
20 203 000
20 204 000
20 205 000
20 206 000
20 207 000
20 208 000
20 209 000
20 210 000
20 211 000
20 212 000
20 213 000
20 214 000
20 215 000
20 216 000
20 217 000
20 218 000
20 219 000
20 220 000
20 221 000
20 222 000
20 223 000
20 224 000
20 225 000
20 226 000
20 227 000
20 228 000
20 229 000
20 230 000
20 231 000
20 232 000
20 233 000
20 234 000
20 235 000
20 236 000
20 237 000
20 238 000
20 239 000
20 240 000
20 241 000
20 242 000
20 243 000
20 244 000
20 245 000
20 246 000
20 247 000
20 248 000
20 249 000
20 250 000
20 251 000
20 252 000
20 253 000
20 254 000
20 255 000
20 256 000
20 257 000
20 258 000
20 259 000
20 260 000
20 261 000
20 262 000
20 263 000
20 264 000
20 265 000
20 266 000
20 267 000
20 268 000
20 269 000
20 270 000
20 271 000
20 272 000
20 273 000
20 274 000
20 275 000
20 276 000
20 277 000
20 278 000
20 279 000
20 280 000
20 281 000
20 282 000
20 283 000
20 284 000
20 285 000
20 286 000
20 287 000
20 288 000
20 289 000
20 290 000
20 291 000
20 292 000
20 293 000
20 294 000
20 295 000
20 296 000
20 297 000
20 298 000
20 299 000
20 300 000
20 301 000
20 302 000
20 303 000
20 304 000
20 305 000
20 306 000
20 307 000
20 308 000
20 309 000
20 310 000
20 311 000
20 312 000
20 313 000
20 314 000
20 315 000
20 316 000
20 317 000
20 318 000
20 319 000
21 0 000
21 1 000
21 2 000
21 3 000
21 4 000
21 5 000
21 6 000
21 7 000
21 8 000
21 9 000
21 10 000
21 11 000
21 12 000
21 13 000
21 14 000
21 15 000
21 16 000
21 17 000
21 18 000
21 19 000
21 20 000
21 21 000
21 22 000
21 23 000
21 24 000
21 25 000
21 26 000
21 27 000
21 28 000
21 29 000
21 30 000
21 31 000
21 32 000
21 33 000
21 34 000
21 35 000
21 36 000
21 37 000
21 38 000
21 39 000
21 40 000
21 41 000
21 42 000
21 43 000
21 44 000
21 45 000
21 46 000
21 47 000
21 48 000
21 49 000
21 50 000
21 51 000
21 52 000
21 53 000
21 54 000
21 55 000
21 56 000
21 57 000
21 58 000
21 59 000
21 60 000
21 61 000
21 62 000
21 63 000
21 64 000
21 65 000
21 66 000
21 67 000
21 68 000
21 69 000
21 70 000
21 71 000
21 72 000
21 73 000
21 74 000
21 75 000
21 76 000
21 77 000
21 78 000
21 79 000
21 80 000
21 81 000
21 82 000
21 83 000
21 84 000
21 85 000
21 86 000
21 87 000
21 88 000
21 89 000
21 90 000
21 91 000
21 92 000
21 93 000
21 94 000
21 95 000
21 96 000
21 97 000
21 98 000
21 99 000
21 100 000
21 101 000
21 102 000
21 103 000
21 104 000
21 105 000
21 106 000
21 107 000
21 108 000
21 109 000
21 110 000
21 111 000
21 112 000
21 113 000
21 114 000
21 115 000
21 116 000
21 117 000
21 118 000
21 119 000
21 120 000
21 121 000
21 122 000
21 123 000
21 124 000
21 125 000
21 126 000
21 127 000
21 128 000
21 129 000
21 130 000
21 131 000
21 132 000
21 133 000
21 134 000
21 135 000
21 136 000
21 137 000
21 138 000
21 139 000
21 140 000
21 141 000
21 142 000
21 143 000
21 144 000
21 145 000
21 146 000
21 147 000
21 148 000
21 149 000
21 150 000
21 151 000
21 152 000
21 153 000
21 154 000
21 155 000
21 156 000
21 157 000
21 158 000
21 159 000
21 160 000
21 161 000
21 162 000
21 163 000
21 164 000
21 165 000
21 166 000
21 167 000
21 168 000
21 169 000
21 170 000
21 171 000
21 172 000
21 173 000
21 174 000
21 175 000
21 176 000
21 177 000
21 178 000
21 179 000
21 180 000
21 181 000
21 182 000
21 183 000
21 184 000
21 185 000
21 186 000
21 187 000
21 188 000
21 189 000
21 190 000
21 191 000
21 192 000
21 193 000
21 194 000
21 195 000
21 196 000
21 197 000
21 198 000
21 199 000
21 200 000
21 201 000
21 202 000
21 203 000
21 204 000
21 205 000
21 206 000
21 207 000
21 208 000
21 209 000
21 210 000
21 211 000
21 212 000
21 213 000
21 214 000
21 215 000
21 216 000
21 217 000
21 218 000
21 219 000
21 220 000
21 221 000
21 222 000
21 223 000
21 224 000
21 225 000
21 226 000
21 227 000
21 228 000
21 229 000
21 230 000
21 231 000
21 232 000
21 233 000
21 234 000
21 235 000
21 236 000
21 237 000
21 238 000
21 239 000
21 240 000
21 241 000
21 242 000
21 243 000
21 244 000
21 245 000
21 246 000
21 247 000
21 248 000
21 249 000
21 250 000
21 251 000
21 252 000
21 253 000
21 254 000
21 255 000
21 256 000
21 257 000
21 258 000
21 259 000
21 260 000
21 261 000
21 262 000
21 263 000
21 264 000
21 265 000
21 266 000
21 267 000
21 268 000
21 269 000
21 270 000
21 271 000
21 272 000
21 273 000
21 274 000
21 275 000
21 276 000
21 277 000
21 278 000
21 279 000
21 280 000
21 281 000
21 282 000
21 283 000
21 284 000
21 285 000
21 286 000
21 287 000
21 288 000
21 289 000
21 290 000
21 291 000
21 292 000
21 293 000
21 294 000
21 295 000
21 296 000
21 297 000
21 298 000
21 299 000
21 300 000
21 301 000
21 302 000
21 303 000
21 304 000
21 305 000
21 306 000
21 307 000
21 308 000
21 309 000
21 310 000
21 311 000
21 312 000
21 313 000
21 314 000
21 315 000
21 316 000
21 317 000
21 318 000
21 319 000
22 0 000
22 1 000
22 2 000
22 3 000
22 4 000
22 5 000
22 6 000
22 7 000
22 8 000
22 9 000
22 10 000
22 11 000
22 12 000
22 13 000
22 14 000
22 15 000
22 16 000
22 17 000
22 18 000
22 19 000
22 20 000
22 21 000
22 22 000
22 23 000
22 24 000
22 25 000
22 26 000
22 27 000
22 28 000
22 29 000
22 30 000
22 31 000
22 32 000
22 33 000
22 34 000
22 35 000
22 36 000
22 37 000
22 38 000
22 39 000
22 40 000
22 41 000
22 42 000
22 43 000
22 44 000
22 45 000
22 46 000
22 47 000
22 48 000
22 49 000
22 50 000
22 51 000
22 52 000
22 53 000
22 54 000
22 55 000
22 56 000
22 57 000
22 58 000
22 59 000
22 60 000
22 61 000
22 62 000
22 63 000
22 64 000
22 65 000
22 66 000
22 67 000
22 68 000
22 69 000
22 70 000
22 71 000
22 72 000
22 73 000
22 74 000
22 75 000
22 76 000
22 77 000
22 78 000
22 79 000
22 80 000
22 81 000
22 82 000
22 83 000
22 84 000
22 85 000
22 86 000
22 87 000
22 88 000
22 89 000
22 90 000
22 91 000
22 92 000
22 93 000
22 94 000
22 95 000
22 96 000
22 97 000
22 98 000
22 99 000
22 100 000
22 101 000
22 102 000
22 103 000
22 104 000
22 105 000
22 106 000
22 107 000
22 108 000
22 109 000
22 110 000
22 111 000
22 112 000
22 113 000
22 114 000
22 115 000
22 116 000
22 117 000
22 118 000
22 119 000
22 120 000
22 121 000
22 122 000
22 123 000
22 124 000
22 125 000
22 126 000
22 127 000
22 128 000
22 129 000
22 130 000
22 131 000
22 132 000
22 133 000
22 134 000
22 135 000
22 136 000
22 137 000
22 138 000
22 139 000
22 140 000
22 141 000
22 142 000
22 143 000
22 144 000
22 145 000
22 146 000
22 147 000
22 148 000
22 149 000
22 150 000
22 151 000
22 152 000
22 153 000
22 154 000
22 155 000
22 156 000
22 157 000
22 158 000
22 159 000
22 160 000
22 161 000
22 162 000
22 163 000
22 164 000
22 165 000
22 166 000
22 167 000
22 168 000
22 169 000
22 170 000
22 171 000
22 172 000
22 173 000
22 174 000
22 175 000
22 176 000
22 177 000
22 178 000
22 179 000
22 180 000
22 181 000
22 182 000
22 183 000
22 184 000
22 185 000
22 186 000
22 187 000
22 188 000
22 189 000
22 190 000
22 191 000
22 192 000
22 193 000
22 194 000
22 195 000
22 196 000
22 197 000
22 198 000
22 199 000
22 200 000
22 201 000
22 202 000
22 203 000
22 204 000
22 205 000
22 206 000
22 207 000
22 208 000
22 209 000
22 210 000
22 211 000
22 212 000
22 213 000
22 214 000
22 215 000
22 216 000
22 217 000
22 218 000
22 219 000
22 220 000
22 221 000
22 222 000
22 223 000
22 224 000
22 225 000
22 226 000
22 227 000
22 228 000
22 229 000
22 230 000
22 231 000
22 232 000
22 233 000
22 234 000
22 235 000
22 236 000
22 237 000
22 238 000
22 239 000
22 240 000
22 241 000
22 242 000
22 243 000
22 244 000
22 245 000
22 246 000
22 247 000
22 248 000
22 249 000
22 250 000
22 251 000
22 252 000
22 253 000
22 254 000
22 255 000
22 256 000
22 257 000
22 258 000
22 259 000
22 260 000
22 261 000
22 262 000
22 263 000
22 264 000
22 265 000
22 266 000
22 267 000
22 268 000
22 269 000
22 270 000
22 271 000
22 272 000
22 273 000
22 274 000
22 275 000
22 276 000
22 277 000
22 278 000
22 279 000
22 280 000
22 281 000
22 282 000
22 283 000
22 284 000
22 285 000
22 286 000
22 287 000
22 288 000
22 289 000
22 290 000
22 291 000
22 292 000
22 293 000
22 294 000
22 295 000
22 296 000
22 297 000
22 298 000
22 299 000
22 300 000
22 301 000
22 302 000
22 303 000
22 304 000
22 305 000
22 306 000
22 307 000
22 308 000
22 309 000
22 310 000
22 311 000
22 312 000
22 313 000
22 314 000
22 315 000
22 316 000
22 317 000
22 318 000
22 319 000
23 0 000
23 1 000
23 2 000
23 3 000
23 4 000
23 5 000
23 6 000
23 7 000
23 8 000
23 9 000
23 10 000
23 11 000
23 12 000
23 13 000
23 14 000
23 15 000
23 16 000
23 17 000
23 18 000
23 19 000
23 20 000
23 21 000
23 22 000
23 23 000
23 24 000
23 25 000
23 26 000
23 27 000
23 28 000
23 29 000
23 30 000
23 31 000
23 32 000
23 33 000
23 34 000
23 35 000
23 36 000
23 37 000
23 38 000
23 39 000
23 40 000
23 41 000
23 42 000
23 43 000
23 44 000
23 45 000
23 46 000
23 47 000
23 48 000
23 49 000
23 50 000
23 51 000
23 52 000
23 53 000
23 54 000
23 55 000
23 56 000
23 57 000
23 58 000
23 59 000
23 60 000
23 61 000
23 62 000
23 63 000
23 64 000
23 65 000
23 66 000
23 67 000
23 68 000
23 69 000
23 70 000
23 71 000
23 72 000
23 73 000
23 74 000
23 75 000
23 76 000
23 77 000
23 78 000
23 79 000
23 80 000
23 81 000
23 82 000
23 83 000
23 84 000
23 85 000
23 86 000
23 87 000
23 88 000
23 89 000
23 90 000
23 91 000
23 92 000
23 93 000
23 94 000
23 95 000
23 96 000
23 97 000
23 98 000
23 99 000
23 100 000
23 101 000
23 102 000
23 103 000
23 104 000
23 105 000
23 106 000
23 107 000
23 108 000
23 109 000
23 110 000
23 111 000
23 112 000
23 113 000
23 114 000
23 115 000
23 116 000
23 117 000
23 118 000
23 119 000
23 120 000
23 121 000
23 122 000
23 123 000
23 124 000
23 125 000
23 126 000
23 127 000
23 128 000
23 129 000
23 130 000
23 131 000
23 132 000
23 133 000
23 134 000
23 135 000
23 136 000
23 137 000
23 138 000
23 139 000
23 140 000
23 141 000
23 142 000
23 143 000
23 144 000
23 145 000
23 146 000
23 147 000
23 148 000
23 149 000
23 150 000
23 151 000
23 152 000
23 153 000
23 154 000
23 155 000
23 156 000
23 157 000
23 158 000
23 159 000
23 160 000
23 161 000
23 162 000
23 163 000
23 164 000
23 165 000
23 166 000
23 167 000
23 168 000
23 169 000
23 170 000
23 171 000
23 172 000
23 173 000
23 174 000
23 175 000
23 176 000
23 177 000
23 178 000
23 179 000
23 180 000
23 181 000
23 182 000
23 183 000
23 184 000
23 185 000
23 186 000
23 187 000
23 188 000
23 189 000
23 190 000
23 191 000
23 192 000
23 193 000
23 194 000
23 195 000
23 196 000
23 197 000
23 198 000
23 199 000
23 200 000
23 201 000
23 202 000
23 203 000
23 204 000
23 205 000
23 206 000
23 207 000
23 208 000
23 209 000
23 210 000
23 211 000
23 212 000
23 213 000
23 214 000
23 215 000
23 216 000
23 217 000
23 218 000
23 219 000
23 220 000
23 221 000
23 222 000
23 223 000
23 224 000
23 225 000
23 226 000
23 227 000
23 228 000
23 229 000
23 230 000
23 231 000
23 232 000
23 233 000
23 234 000
23 235 000
23 236 000
23 237 000
23 238 000
23 239 000
23 240 000
23 241 000
23 242 000
23 243 000
23 244 000
23 245 000
23 246 000
23 247 000
23 248 000
23 249 000
23 250 000
23 251 000
23 252 000
23 253 000
23 254 000
23 255 000
23 256 000
23 257 000
23 258 000
23 259 000
23 260 000
23 261 000
23 262 000
23 263 000
23 264 000
23 265 000
23 266 000
23 267 000
23 268 000
23 269 000
23 270 000
23 271 000
23 272 000
23 273 000
23 274 000
23 275 000
23 276 000
23 277 000
23 278 000
23 279 000
23 280 000
23 281 000
23 282 000
23 283 000
23 284 000
23 285 000
23 286 000
23 287 000
23 288 000
23 289 000
23 290 000
23 291 000
23 292 000
23 293 000
23 294 000
23 295 000
23 296 000
23 297 000
23 298 000
23 299 000
23 300 000
23 301 000
23 302 000
23 303 000
23 304 000
23 305 000
23 306 000
23 307 000
23 308 000
23 309 000
23 310 000
23 311 000
23 312 000
23 313 000
23 314 000
23 315 000
23 316 000
23 317 000
23 318 000
23 319 000
24 0 000
24 1 000
24 2 000
24 3 000
24 4 000
24 5 000
24 6 000
24 7 000
24 8 000
24 9 000
24 10 000
24 11 000
24 12 000
24 13 000
24 14 000
24 15 000
24 16 000
24 17 000
24 18 000
24 19 000
24 20 000
24 21 000
24 22 000
24 23 000
24 24 000
24 25 000
24 26 000
24 27 000
24 28 000
24 29 000
24 30 000
24 31 000
24 32 000
24 33 000
24 34 000
24 35 000
24 36 000
24 37 000
24 38 000
24 39 000
24 40 000
24 41 000
24 42 000
24 43 000
24 44 000
24 45 000
24 46 000
24 47 000
24 48 000
24 49 000
24 50 000
24 51 000
24 52 000
24 53 000
24 54 000
24 55 000
24 56 000
24 57 000
24 58 000
24 59 000
24 60 000
24 61 000
24 62 000
24 63 000
24 64 000
24 65 000
24 66 000
24 67 000
24 68 000
24 69 000
24 70 000
24 71 000
24 72 000
24 73 000
24 74 000
24 75 000
24 76 000
24 77 000
24 78 000
24 79 000
24 80 000
24 81 000
24 82 000
24 83 000
24 84 000
24 85 000
24 86 000
24 87 000
24 88 000
24 89 000
24 90 000
24 91 000
24 92 000
24 93 000
24 94 000
24 95 000
24 96 000
24 97 000
24 98 000
24 99 000
24 100 000
24 101 000
24 102 000
24 103 000
24 104 000
24 105 000
24 106 000
24 107 000
24 108 000
24 109 000
24 110 000
24 111 000
24 112 000
24 113 000
24 114 000
24 115 000
24 116 000
24 117 000
24 118 000
24 119 000
24 120 000
24 121 000
24 122 000
24 123 000
24 124 000
24 125 000
24 126 000
24 127 000
24 128 000
24 129 000
24 130 000
24 131 000
24 132 000
24 133 000
24 134 000
24 135 000
24 136 000
24 137 000
24 138 000
24 139 000
24 140 000
24 141 000
24 142 000
24 143 000
24 144 000
24 145 000
24 146 000
24 147 000
24 148 000
24 149 000
24 150 000
24 151 000
24 152 000
24 153 000
24 154 000
24 155 000
24 156 000
24 157 000
24 158 000
24 159 000
24 160 000
24 161 000
24 162 000
24 163 000
24 164 000
24 165 000
24 166 000
24 167 000
24 168 000
24 169 000
24 170 000
24 171 000
24 172 000
24 173 000
24 174 000
24 175 000
24 176 000
24 177 000
24 178 000
24 179 000
24 180 000
24 181 000
24 182 000
24 183 000
24 184 000
24 185 000
24 186 000
24 187 000
24 188 000
24 189 000
24 190 000
24 191 000
24 192 000
24 193 000
24 194 000
24 195 000
24 196 000
24 197 000
24 198 000
24 199 000
24 200 000
24 201 000
24 202 000
24 203 000
24 204 000
24 205 000
24 206 000
24 207 000
24 208 000
24 209 000
24 210 000
24 211 000
24 212 000
24 213 000
24 214 000
24 215 000
24 216 000
24 217 000
24 218 000
24 219 000
24 220 000
24 221 000
24 222 000
24 223 000
24 224 000
24 225 000
24 226 000
24 227 000
24 228 000
24 229 000
24 230 000
24 231 000
24 232 000
24 233 000
24 234 000
24 235 000
24 236 000
24 237 000
24 238 000
24 239 000
24 240 000
24 241 000
24 242 000
24 243 000
24 244 000
24 245 000
24 246 000
24 247 000
24 248 000
24 249 000
24 250 000
24 251 000
24 252 000
24 253 000
24 254 000
24 255 000
24 256 000
24 257 000
24 258 000
24 259 000
24 260 000
24 261 000
24 262 000
24 263 000
24 264 000
24 265 000
24 266 000
24 267 000
24 268 000
24 269 000
24 270 000
24 271 000
24 272 000
24 273 000
24 274 000
24 275 000
24 276 000
24 277 000
24 278 000
24 279 000
24 280 000
24 281 000
24 282 000
24 283 000
24 284 000
24 285 000
24 286 000
24 287 000
24 288 000
24 289 000
24 290 000
24 291 000
24 292 000
24 293 000
24 294 000
24 295 000
24 296 000
24 297 000
24 298 000
24 299 000
24 300 000
24 301 000
24 302 000
24 303 000
24 304 000
24 305 000
24 306 000
24 307 000
24 308 000
24 309 000
24 310 000
24 311 000
24 312 000
24 313 000
24 314 000
24 315 000
24 316 000
24 317 000
24 318 000
24 319 000
25 0 000
25 1 000
25 2 000
25 3 000
25 4 000
25 5 000
25 6 000
25 7 000
25 8 000
25 9 000
25 10 000
25 11 000
25 12 000
25 13 000
25 14 000
25 15 000
25 16 000
25 17 000
25 18 000
25 19 000
25 20 000
25 21 000
25 22 000
25 23 000
25 24 000
25 25 000
25 26 000
25 27 000
25 28 000
25 29 000
25 30 000
25 31 000
25 32 000
25 33 000
25 34 000
25 35 000
25 36 000
25 37 000
25 38 000
25 39 000
25 40 000
25 41 000
25 42 000
25 43 000
25 44 000
25 45 000
25 46 000
25 47 000
25 48 000
25 49 000
25 50 000
25 51 000
25 52 000
25 53 000
25 54 000
25 55 000
25 56 000
25 57 000
25 58 000
25 59 000
25 60 000
25 61 000
25 62 000
25 63 000
25 64 000
25 65 000
25 66 000
25 67 000
25 68 000
25 69 000
25 70 000
25 71 000
25 72 000
25 73 000
25 74 000
25 75 000
25 76 000
25 77 000
25 78 000
25 79 000
25 80 000
25 81 000
25 82 000
25 83 000
25 84 000
25 85 000
25 86 000
25 87 000
25 88 000
25 89 000
25 90 000
25 91 000
25 92 000
25 93 000
25 94 000
25 95 000
25 96 000
25 97 000
25 98 000
25 99 000
25 100 000
25 101 000
25 102 000
25 103 000
25 104 000
25 105 000
25 106 000
25 107 000
25 108 000
25 109 000
25 110 000
25 111 000
25 112 000
25 113 000
25 114 000
25 115 000
25 116 000
25 117 000
25 118 000
25 119 000
25 120 000
25 121 000
25 122 000
25 123 000
25 124 000
25 125 000
25 126 000
25 127 000
25 128 000
25 129 000
25 130 000
25 131 000
25 132 000
25 133 000
25 134 000
25 135 000
25 136 000
25 137 000
25 138 000
25 139 000
25 140 000
25 141 000
25 142 000
25 143 000
25 144 000
25 145 000
25 146 000
25 147 000
25 148 000
25 149 000
25 150 000
25 151 000
25 152 000
25 153 000
25 154 000
25 155 000
25 156 000
25 157 000
25 158 000
25 159 000
25 160 000
25 161 000
25 162 000
25 163 000
25 164 000
25 165 000
25 166 000
25 167 000
25 168 000
25 169 000
25 170 000
25 171 000
25 172 000
25 173 000
25 174 000
25 175 000
25 176 000
25 177 000
25 178 000
25 179 000
25 180 000
25 181 000
25 182 000
25 183 000
25 184 000
25 185 000
25 186 000
25 187 000
25 188 000
25 189 000
25 190 000
25 191 000
25 192 000
25 193 000
25 194 000
25 195 000
25 196 000
25 197 000
25 198 000
25 199 000
25 200 000
25 201 000
25 202 000
25 203 000
25 204 000
25 205 000
25 206 000
25 207 000
25 208 000
25 209 000
25 210 000
25 211 000
25 212 000
25 213 000
25 214 000
25 215 000
25 216 000
25 217 000
25 218 000
25 219 000
25 220 000
25 221 000
25 222 000
25 223 000
25 224 000
25 225 000
25 226 000
25 227 000
25 228 000
25 229 000
25 230 000
25 231 000
25 232 000
25 233 000
25 234 000
25 235 000
25 236 000
25 237 000
25 238 000
25 239 000
25 240 000
25 241 000
25 242 000
25 243 000
25 244 000
25 245 000
25 246 000
25 247 000
25 248 000
25 249 000
25 250 000
25 251 000
25 252 000
25 253 000
25 254 000
25 255 000
25 256 000
25 257 000
25 258 000
25 259 000
25 260 000
25 261 000
25 262 000
25 263 000
25 264 000
25 265 000
25 266 000
25 267 000
25 268 000
25 269 000
25 270 000
25 271 000
25 272 000
25 273 000
25 274 000
25 275 000
25 276 000
25 277 000
25 278 000
25 279 000
25 280 000
25 281 000
25 282 000
25 283 000
25 284 000
25 285 000
25 286 000
25 287 000
25 288 000
25 289 000
25 290 000
25 291 000
25 292 000
25 293 000
25 294 000
25 295 000
25 296 000
25 297 000
25 298 000
25 299 000
25 300 000
25 301 000
25 302 000
25 303 000
25 304 000
25 305 000
25 306 000
25 307 000
25 308 000
25 309 000
25 310 000
25 311 000
25 312 000
25 313 000
25 314 000
25 315 000
25 316 000
25 317 000
25 318 000
25 319 000
26 0 000
26 1 000
26 2 000
26 3 000
26 4 000
26 5 000
26 6 000
26 7 000
26 8 000
26 9 000
26 10 000
26 11 000
26 12 000
26 13 000
26 14 000
26 15 000
26 16 000
26 17 000
26 18 000
26 19 000
26 20 000
26 21 000
26 22 000
26 23 000
26 24 000
26 25 000
26 26 000
26 27 000
26 28 000
26 29 000
26 30 000
26 31 000
26 32 000
26 33 000
26 34 000
26 35 000
26 36 000
26 37 000
26 38 000
26 39 000
26 40 000
26 41 000
26 42 000
26 43 000
26 44 000
26 45 000
26 46 000
26 47 000
26 48 000
26 49 000
26 50 000
26 51 000
26 52 000
26 53 000
26 54 000
26 55 000
26 56 000
26 57 000
26 58 000
26 59 000
26 60 000
26 61 000
26 62 000
26 63 000
26 64 000
26 65 000
26 66 000
26 67 000
26 68 000
26 69 000
26 70 000
26 71 000
26 72 000
26 73 000
26 74 000
26 75 000
26 76 000
26 77 000
26 78 000
26 79 000
26 80 000
26 81 000
26 82 000
26 83 000
26 84 000
26 85 000
26 86 000
26 87 000
26 88 000
26 89 000
26 90 000
26 91 000
26 92 000
26 93 000
26 94 000
26 95 000
26 96 000
26 97 000
26 98 000
26 99 000
26 100 000
26 101 000
26 102 000
26 103 000
26 104 000
26 105 000
26 106 000
26 107 000
26 108 000
26 109 000
26 110 000
26 111 000
26 112 000
26 113 000
26 114 000
26 115 000
26 116 000
26 117 000
26 118 000
26 119 000
26 120 000
26 121 000
26 122 000
26 123 000
26 124 000
26 125 000
26 126 000
26 127 000
26 128 000
26 129 000
26 130 000
26 131 000
26 132 000
26 133 000
26 134 000
26 135 000
26 136 000
26 137 000
26 138 000
26 139 000
26 140 000
26 141 000
26 142 000
26 143 000
26 144 000
26 145 000
26 146 000
26 147 000
26 148 000
26 149 000
26 150 000
26 151 000
26 152 000
26 153 000
26 154 000
26 155 000
26 156 000
26 157 000
26 158 000
26 159 000
26 160 000
26 161 000
26 162 000
26 163 000
26 164 000
26 165 000
26 166 000
26 167 000
26 168 000
26 169 000
26 170 000
26 171 000
26 172 000
26 173 000
26 174 000
26 175 000
26 176 000
26 177 000
26 178 000
26 179 000
26 180 000
26 181 000
26 182 000
26 183 000
26 184 000
26 185 000
26 186 000
26 187 000
26 188 000
26 189 000
26 190 000
26 191 000
26 192 000
26 193 000
26 194 000
26 195 000
26 196 000
26 197 000
26 198 000
26 199 000
26 200 000
26 201 000
26 202 000
26 203 000
26 204 000
26 205 000
26 206 000
26 207 000
26 208 000
26 209 000
26 210 000
26 211 000
26 212 000
26 213 000
26 214 000
26 215 000
26 216 000
26 217 000
26 218 000
26 219 000
26 220 000
26 221 000
26 222 000
26 223 000
26 224 000
26 225 000
26 226 000
26 227 000
26 228 000
26 229 000
26 230 000
26 231 000
26 232 000
26 233 000
26 234 000
26 235 000
26 236 000
26 237 000
26 238 000
26 239 000
26 240 000
26 241 000
26 242 000
26 243 000
26 244 000
26 245 000
26 246 000
26 247 000
26 248 000
26 249 000
26 250 000
26 251 000
26 252 000
26 253 000
26 254 000
26 255 000
26 256 000
26 257 000
26 258 000
26 259 000
26 260 000
26 261 000
26 262 000
26 263 000
26 264 000
26 265 000
26 266 000
26 267 000
26 268 000
26 269 000
26 270 000
26 271 000
26 272 000
26 273 000
26 274 000
26 275 000
26 276 000
26 277 000
26 278 000
26 279 000
26 280 000
26 281 000
26 282 000
26 283 000
26 284 000
26 285 000
26 286 000
26 287 000
26 288 000
26 289 000
26 290 000
26 291 000
26 292 000
26 293 000
26 294 000
26 295 000
26 296 000
26 297 000
26 298 000
26 299 000
26 300 000
26 301 000
26 302 000
26 303 000
26 304 000
26 305 000
26 306 000
26 307 000
26 308 000
26 309 000
26 310 000
26 311 000
26 312 000
26 313 000
26 314 000
26 315 000
26 316 000
26 317 000
26 318 000
26 319 000
27 0 000
27 1 000
27 2 000
27 3 000
27 4 000
27 5 000
27 6 000
27 7 000
27 8 000
27 9 000
27 10 000
27 11 000
27 12 000
27 13 000
27 14 000
27 15 000
27 16 000
27 17 000
27 18 000
27 19 000
27 20 000
27 21 000
27 22 000
27 23 000
27 24 000
27 25 000
27 26 000
27 27 000
27 28 000
27 29 000
27 30 000
27 31 000
27 32 000
27 33 000
27 34 000
27 35 000
27 36 000
27 37 000
27 38 000
27 39 000
27 40 000
27 41 000
27 42 000
27 43 000
27 44 000
27 45 000
27 46 000
27 47 000
27 48 000
27 49 000
27 50 000
27 51 000
27 52 000
27 53 000
27 54 000
27 55 000
27 56 000
27 57 000
27 58 000
27 59 000
27 60 000
27 61 000
27 62 000
27 63 000
27 64 000
27 65 000
27 66 000
27 67 000
27 68 000
27 69 000
27 70 000
27 71 000
27 72 000
27 73 000
27 74 000
27 75 000
27 76 000
27 77 000
27 78 000
27 79 000
27 80 000
27 81 000
27 82 000
27 83 000
27 84 000
27 85 000
27 86 000
27 87 000
27 88 000
27 89 000
27 90 000
27 91 000
27 92 000
27 93 000
27 94 000
27 95 000
27 96 000
27 97 000
27 98 000
27 99 000
27 100 000
27 101 000
27 102 000
27 103 000
27 104 000
27 105 000
27 106 000
27 107 000
27 108 000
27 109 000
27 110 000
27 111 000
27 112 000
27 113 000
27 114 000
27 115 000
27 116 000
27 117 000
27 118 000
27 119 000
27 120 000
27 121 000
27 122 000
27 123 000
27 124 000
27 125 000
27 126 000
27 127 000
27 128 000
27 129 000
27 130 000
27 131 000
27 132 000
27 133 000
27 134 000
27 135 000
27 136 000
27 137 000
27 138 000
27 139 000
27 140 000
27 141 000
27 142 000
27 143 000
27 144 000
27 145 000
27 146 000
27 147 000
27 148 000
27 149 000
27 150 000
27 151 000
27 152 000
27 153 000
27 154 000
27 155 000
27 156 000
27 157 000
27 158 000
27 159 000
27 160 000
27 161 000
27 162 000
27 163 000
27 164 000
27 165 000
27 166 000
27 167 000
27 168 000
27 169 000
27 170 000
27 171 000
27 172 000
27 173 000
27 174 000
27 175 000
27 176 000
27 177 000
27 178 000
27 179 000
27 180 000
27 181 000
27 182 000
27 183 000
27 184 000
27 185 000
27 186 000
27 187 000
27 188 000
27 189 000
27 190 000
27 191 000
27 192 000
27 193 000
27 194 000
27 195 000
27 196 000
27 197 000
27 198 000
27 199 000
27 200 000
27 201 000
27 202 000
27 203 000
27 204 000
27 205 000
27 206 000
27 207 000
27 208 000
27 209 000
27 210 000
27 211 000
27 212 000
27 213 000
27 214 000
27 215 000
27 216 000
27 217 000
27 218 000
27 219 000
27 220 000
27 221 000
27 222 000
27 223 000
27 224 000
27 225 000
27 226 000
27 227 000
27 228 000
27 229 000
27 230 000
27 231 000
27 232 000
27 233 000
27 234 000
27 235 000
27 236 000
27 237 000
27 238 000
27 239 000
27 240 000
27 241 000
27 242 000
27 243 000
27 244 000
27 245 000
27 246 000
27 247 000
27 248 000
27 249 000
27 250 000
27 251 000
27 252 000
27 253 000
27 254 000
27 255 000
27 256 000
27 257 000
27 258 000
27 259 000
27 260 000
27 261 000
27 262 000
27 263 000
27 264 000
27 265 000
27 266 000
27 267 000
27 268 000
27 269 000
27 270 000
27 271 000
27 272 000
27 273 000
27 274 000
27 275 000
27 276 000
27 277 000
27 278 000
27 279 000
27 280 000
27 281 000
27 282 000
27 283 000
27 284 000
27 285 000
27 286 000
27 287 000
27 288 000
27 289 000
27 290 000
27 291 000
27 292 000
27 293 000
27 294 000
27 295 000
27 296 000
27 297 000
27 298 000
27 299 000
27 300 000
27 301 000
27 302 000
27 303 000
27 304 000
27 305 000
27 306 000
27 307 000
27 308 000
27 309 000
27 310 000
27 311 000
27 312 000
27 313 000
27 314 000
27 315 000
27 316 000
27 317 000
27 318 000
27 319 000
28 0 000
28 1 000
28 2 000
28 3 000
28 4 000
28 5 000
28 6 000
28 7 000
28 8 000
28 9 000
28 10 000
28 11 000
28 12 000
28 13 000
28 14 000
28 15 000
28 16 000
28 17 000
28 18 000
28 19 000
28 20 000
28 21 000
28 22 000
28 23 000
28 24 000
28 25 000
28 26 000
28 27 000
28 28 000
28 29 000
28 30 000
28 31 000
28 32 000
28 33 000
28 34 000
28 35 000
28 36 000
28 37 000
28 38 000
28 39 000
28 40 000
28 41 000
28 42 000
28 43 000
28 44 000
28 45 000
28 46 000
28 47 000
28 48 000
28 49 000
28 50 000
28 51 000
28 52 000
28 53 000
28 54 000
28 55 000
28 56 000
28 57 000
28 58 000
28 59 000
28 60 000
28 61 000
28 62 000
28 63 000
28 64 000
28 65 000
28 66 000
28 67 000
28 68 000
28 69 000
28 70 000
28 71 000
28 72 000
28 73 000
28 74 000
28 75 000
28 76 000
28 77 000
28 78 000
28 79 000
28 80 000
28 81 000
28 82 000
28 83 000
28 84 000
28 85 000
28 86 000
28 87 000
28 88 000
28 89 000
28 90 000
28 91 000
28 92 000
28 93 000
28 94 000
28 95 000
28 96 000
28 97 000
28 98 000
28 99 000
28 100 000
28 101 000
28 102 000
28 103 000
28 104 000
28 105 000
28 106 000
28 107 000
28 108 000
28 109 000
28 110 000
28 111 000
28 112 000
28 113 000
28 114 000
28 115 000
28 116 000
28 117 000
28 118 000
28 119 000
28 120 000
28 121 000
28 122 000
28 123 000
28 124 000
28 125 000
28 126 000
28 127 000
28 128 000
28 129 000
28 130 000
28 131 000
28 132 000
28 133 000
28 134 000
28 135 000
28 136 000
28 137 000
28 138 000
28 139 000
28 140 000
28 141 000
28 142 000
28 143 000
28 144 000
28 145 000
28 146 000
28 147 000
28 148 000
28 149 000
28 150 000
28 151 000
28 152 000
28 153 000
28 154 000
28 155 000
28 156 000
28 157 000
28 158 000
28 159 000
28 160 000
28 161 000
28 162 000
28 163 000
28 164 000
28 165 000
28 166 000
28 167 000
28 168 000
28 169 000
28 170 000
28 171 000
28 172 000
28 173 000
28 174 000
28 175 000
28 176 000
28 177 000
28 178 000
28 179 000
28 180 000
28 181 000
28 182 000
28 183 000
28 184 000
28 185 000
28 186 000
28 187 000
28 188 000
28 189 000
28 190 000
28 191 000
28 192 000
28 193 000
28 194 000
28 195 000
28 196 000
28 197 000
28 198 000
28 199 000
28 200 000
28 201 000
28 202 000
28 203 000
28 204 000
28 205 000
28 206 000
28 207 000
28 208 000
28 209 000
28 210 000
28 211 000
28 212 000
28 213 000
28 214 000
28 215 000
28 216 000
28 217 000
28 218 000
28 219 000
28 220 000
28 221 000
28 222 000
28 223 000
28 224 000
28 225 000
28 226 000
28 227 000
28 228 000
28 229 000
28 230 000
28 231 000
28 232 000
28 233 000
28 234 000
28 235 000
28 236 000
28 237 000
28 238 000
28 239 000
28 240 000
28 241 000
28 242 000
28 243 000
28 244 000
28 245 000
28 246 000
28 247 000
28 248 000
28 249 000
28 250 000
28 251 000
28 252 000
28 253 000
28 254 000
28 255 000
28 256 000
28 257 000
28 258 000
28 259 000
28 260 000
28 261 000
28 262 000
28 263 000
28 264 000
28 265 000
28 266 000
28 267 000
28 268 000
28 269 000
28 270 000
28 271 000
28 272 000
28 273 000
28 274 000
28 275 000
28 276 000
28 277 000
28 278 000
28 279 000
28 280 000
28 281 000
28 282 000
28 283 000
28 284 000
28 285 000
28 286 000
28 287 000
28 288 000
28 289 000
28 290 000
28 291 000
28 292 000
28 293 000
28 294 000
28 295 000
28 296 000
28 297 000
28 298 000
28 299 000
28 300 000
28 301 000
28 302 000
28 303 000
28 304 000
28 305 000
28 306 000
28 307 000
28 308 000
28 309 000
28 310 000
28 311 000
28 312 000
28 313 000
28 314 000
28 315 000
28 316 000
28 317 000
28 318 000
28 319 000
29 0 000
29 1 000
29 2 000
29 3 000
29 4 000
29 5 000
29 6 000
29 7 000
29 8 000
29 9 000
29 10 000
29 11 000
29 12 000
29 13 000
29 14 000
29 15 000
29 16 000
29 17 000
29 18 000
29 19 000
29 20 000
29 21 000
29 22 000
29 23 000
29 24 000
29 25 000
29 26 000
29 27 000
29 28 000
29 29 000
29 30 000
29 31 000
29 32 000
29 33 000
29 34 000
29 35 000
29 36 000
29 37 000
29 38 000
29 39 000
29 40 000
29 41 000
29 42 000
29 43 000
29 44 000
29 45 000
29 46 000
29 47 000
29 48 000
29 49 000
29 50 000
29 51 000
29 52 000
29 53 000
29 54 000
29 55 000
29 56 000
29 57 000
29 58 000
29 59 000
29 60 000
29 61 000
29 62 000
29 63 000
29 64 000
29 65 000
29 66 000
29 67 000
29 68 000
29 69 000
29 70 000
29 71 000
29 72 000
29 73 000
29 74 000
29 75 000
29 76 000
29 77 000
29 78 000
29 79 000
29 80 000
29 81 000
29 82 000
29 83 000
29 84 000
29 85 000
29 86 000
29 87 000
29 88 000
29 89 000
29 90 000
29 91 000
29 92 000
29 93 000
29 94 000
29 95 000
29 96 000
29 97 000
29 98 000
29 99 000
29 100 000
29 101 000
29 102 000
29 103 000
29 104 000
29 105 000
29 106 000
29 107 000
29 108 000
29 109 000
29 110 000
29 111 000
29 112 000
29 113 000
29 114 000
29 115 000
29 116 000
29 117 000
29 118 000
29 119 000
29 120 000
29 121 000
29 122 000
29 123 000
29 124 000
29 125 000
29 126 000
29 127 000
29 128 000
29 129 000
29 130 000
29 131 000
29 132 000
29 133 000
29 134 000
29 135 000
29 136 000
29 137 000
29 138 000
29 139 000
29 140 000
29 141 000
29 142 000
29 143 000
29 144 000
29 145 000
29 146 000
29 147 000
29 148 000
29 149 000
29 150 000
29 151 000
29 152 000
29 153 000
29 154 000
29 155 000
29 156 000
29 157 000
29 158 000
29 159 000
29 160 000
29 161 000
29 162 000
29 163 000
29 164 000
29 165 000
29 166 000
29 167 000
29 168 000
29 169 000
29 170 000
29 171 000
29 172 000
29 173 000
29 174 000
29 175 000
29 176 000
29 177 000
29 178 000
29 179 000
29 180 000
29 181 000
29 182 000
29 183 000
29 184 000
29 185 000
29 186 000
29 187 000
29 188 000
29 189 000
29 190 000
29 191 000
29 192 000
29 193 000
29 194 000
29 195 000
29 196 000
29 197 000
29 198 000
29 199 000
29 200 000
29 201 000
29 202 000
29 203 000
29 204 000
29 205 000
29 206 000
29 207 000
29 208 000
29 209 000
29 210 000
29 211 000
29 212 000
29 213 000
29 214 000
29 215 000
29 216 000
29 217 000
29 218 000
29 219 000
29 220 000
29 221 000
29 222 000
29 223 000
29 224 000
29 225 000
29 226 000
29 227 000
29 228 000
29 229 000
29 230 000
29 231 000
29 232 000
29 233 000
29 234 000
29 235 000
29 236 000
29 237 000
29 238 000
29 239 000
29 240 000
29 241 000
29 242 000
29 243 000
29 244 000
29 245 000
29 246 000
29 247 000
29 248 000
29 249 000
29 250 000
29 251 000
29 252 000
29 253 000
29 254 000
29 255 000
29 256 000
29 257 000
29 258 000
29 259 000
29 260 000
29 261 000
29 262 000
29 263 000
29 264 000
29 265 000
29 266 000
29 267 000
29 268 000
29 269 000
29 270 000
29 271 000
29 272 000
29 273 000
29 274 000
29 275 000
29 276 000
29 277 000
29 278 000
29 279 000
29 280 000
29 281 000
29 282 000
29 283 000
29 284 000
29 285 000
29 286 000
29 287 000
29 288 000
29 289 000
29 290 000
29 291 000
29 292 000
29 293 000
29 294 000
29 295 000
29 296 000
29 297 000
29 298 000
29 299 000
29 300 000
29 301 000
29 302 000
29 303 000
29 304 000
29 305 000
29 306 000
29 307 000
29 308 000
29 309 000
29 310 000
29 311 000
29 312 000
29 313 000
29 314 000
29 315 000
29 316 000
29 317 000
29 318 000
29 319 000
30 0 000
30 1 000
30 2 000
30 3 000
30 4 000
30 5 000
30 6 000
30 7 000
30 8 000
30 9 000
30 10 000
30 11 000
30 12 000
30 13 000
30 14 000
30 15 000
30 16 000
30 17 000
30 18 000
30 19 000
30 20 000
30 21 000
30 22 000
30 23 000
30 24 000
30 25 000
30 26 000
30 27 000
30 28 000
30 29 000
30 30 000
30 31 000
30 32 000
30 33 000
30 34 000
30 35 000
30 36 000
30 37 000
30 38 000
30 39 000
30 40 000
30 41 000
30 42 000
30 43 000
30 44 000
30 45 000
30 46 000
30 47 000
30 48 000
30 49 000
30 50 000
30 51 000
30 52 000
30 53 000
30 54 000
30 55 000
30 56 000
30 57 000
30 58 000
30 59 000
30 60 000
30 61 000
30 62 000
30 63 000
30 64 000
30 65 000
30 66 000
30 67 000
30 68 000
30 69 000
30 70 000
30 71 000
30 72 000
30 73 000
30 74 000
30 75 000
30 76 000
30 77 000
30 78 000
30 79 000
30 80 000
30 81 000
30 82 000
30 83 000
30 84 000
30 85 000
30 86 000
30 87 000
30 88 000
30 89 000
30 90 000
30 91 000
30 92 000
30 93 000
30 94 000
30 95 000
30 96 000
30 97 000
30 98 000
30 99 000
30 100 000
30 101 000
30 102 000
30 103 000
30 104 000
30 105 000
30 106 000
30 107 000
30 108 000
30 109 000
30 110 000
30 111 000
30 112 000
30 113 000
30 114 000
30 115 000
30 116 000
30 117 000
30 118 000
30 119 000
30 120 000
30 121 000
30 122 000
30 123 000
30 124 000
30 125 000
30 126 000
30 127 000
30 128 000
30 129 000
30 130 000
30 131 000
30 132 000
30 133 000
30 134 000
30 135 000
30 136 000
30 137 000
30 138 000
30 139 000
30 140 000
30 141 000
30 142 000
30 143 000
30 144 000
30 145 000
30 146 000
30 147 000
30 148 000
30 149 000
30 150 000
30 151 000
30 152 000
30 153 000
30 154 000
30 155 000
30 156 000
30 157 000
30 158 000
30 159 000
30 160 000
30 161 000
30 162 000
30 163 000
30 164 000
30 165 000
30 166 000
30 167 000
30 168 000
30 169 000
30 170 000
30 171 000
30 172 000
30 173 000
30 174 000
30 175 000
30 176 000
30 177 000
30 178 000
30 179 000
30 180 000
30 181 000
30 182 000
30 183 000
30 184 000
30 185 000
30 186 000
30 187 000
30 188 000
30 189 000
30 190 000
30 191 000
30 192 000
30 193 000
30 194 000
30 195 000
30 196 000
30 197 000
30 198 000
30 199 000
30 200 000
30 201 000
30 202 000
30 203 000
30 204 000
30 205 000
30 206 000
30 207 000
30 208 000
30 209 000
30 210 000
30 211 000
30 212 000
30 213 000
30 214 000
30 215 000
30 216 000
30 217 000
30 218 000
30 219 000
30 220 000
30 221 000
30 222 000
30 223 000
30 224 000
30 225 000
30 226 000
30 227 000
30 228 000
30 229 000
30 230 000
30 231 000
30 232 000
30 233 000
30 234 000
30 235 000
30 236 000
30 237 000
30 238 000
30 239 000
30 240 000
30 241 000
30 242 000
30 243 000
30 244 000
30 245 000
30 246 000
30 247 000
30 248 000
30 249 000
30 250 000
30 251 000
30 252 000
30 253 000
30 254 000
30 255 000
30 256 000
30 257 000
30 258 000
30 259 000
30 260 000
30 261 000
30 262 000
30 263 000
30 264 000
30 265 000
30 266 000
30 267 000
30 268 000
30 269 000
30 270 000
30 271 000
30 272 000
30 273 000
30 274 000
30 275 000
30 276 000
30 277 000
30 278 000
30 279 000
30 280 000
30 281 000
30 282 000
30 283 000
30 284 000
30 285 000
30 286 000
30 287 000
30 288 000
30 289 000
30 290 000
30 291 000
30 292 000
30 293 000
30 294 000
30 295 000
30 296 000
30 297 000
30 298 000
30 299 000
30 300 000
30 301 000
30 302 000
30 303 000
30 304 000
30 305 000
30 306 000
30 307 000
30 308 000
30 309 000
30 310 000
30 311 000
30 312 000
30 313 000
30 314 000
30 315 000
30 316 000
30 317 000
30 318 000
30 319 000
31 0 000
31 1 000
31 2 000
31 3 000
31 4 000
31 5 000
31 6 000
31 7 000
31 8 000
31 9 000
31 10 000
31 11 000
31 12 000
31 13 000
31 14 000
31 15 000
31 16 000
31 17 000
31 18 000
31 19 000
31 20 000
31 21 000
31 22 000
31 23 000
31 24 000
31 25 000
31 26 000
31 27 000
31 28 000
31 29 000
31 30 000
31 31 000
31 32 000
31 33 000
31 34 000
31 35 000
31 36 000
31 37 000
31 38 000
31 39 000
31 40 000
31 41 000
31 42 000
31 43 000
31 44 000
31 45 000
31 46 000
31 47 000
31 48 000
31 49 000
31 50 000
31 51 000
31 52 000
31 53 000
31 54 000
31 55 000
31 56 000
31 57 000
31 58 000
31 59 000
31 60 000
31 61 000
31 62 000
31 63 000
31 64 000
31 65 000
31 66 000
31 67 000
31 68 000
31 69 000
31 70 000
31 71 000
31 72 000
31 73 000
31 74 000
31 75 000
31 76 000
31 77 000
31 78 000
31 79 000
31 80 000
31 81 000
31 82 000
31 83 000
31 84 000
31 85 000
31 86 000
31 87 000
31 88 000
31 89 000
31 90 000
31 91 000
31 92 000
31 93 000
31 94 000
31 95 000
31 96 000
31 97 000
31 98 000
31 99 000
31 100 000
31 101 000
31 102 000
31 103 000
31 104 000
31 105 000
31 106 000
31 107 000
31 108 000
31 109 000
31 110 000
31 111 000
31 112 000
31 113 000
31 114 000
31 115 000
31 116 000
31 117 000
31 118 000
31 119 000
31 120 000
31 121 000
31 122 000
31 123 000
31 124 000
31 125 000
31 126 000
31 127 000
31 128 000
31 129 000
31 130 000
31 131 000
31 132 000
31 133 000
31 134 000
31 135 000
31 136 000
31 137 000
31 138 000
31 139 000
31 140 000
31 141 000
31 142 000
31 143 000
31 144 000
31 145 000
31 146 000
31 147 000
31 148 000
31 149 000
31 150 000
31 151 000
31 152 000
31 153 000
31 154 000
31 155 000
31 156 000
31 157 000
31 158 000
31 159 000
31 160 000
31 161 000
31 162 000
31 163 000
31 164 000
31 165 000
31 166 000
31 167 000
31 168 000
31 169 000
31 170 000
31 171 000
31 172 000
31 173 000
31 174 000
31 175 000
31 176 000
31 177 000
31 178 000
31 179 000
31 180 000
31 181 000
31 182 000
31 183 000
31 184 000
31 185 000
31 186 000
31 187 000
31 188 000
31 189 000
31 190 000
31 191 000
31 192 000
31 193 000
31 194 000
31 195 000
31 196 000
31 197 000
31 198 000
31 199 000
31 200 000
31 201 000
31 202 000
31 203 000
31 204 000
31 205 000
31 206 000
31 207 000
31 208 000
31 209 000
31 210 000
31 211 000
31 212 000
31 213 000
31 214 000
31 215 000
31 216 000
31 217 000
31 218 000
31 219 000
31 220 000
31 221 000
31 222 000
31 223 000
31 224 000
31 225 000
31 226 000
31 227 000
31 228 000
31 229 000
31 230 000
31 231 000
31 232 000
31 233 000
31 234 000
31 235 000
31 236 000
31 237 000
31 238 000
31 239 000
31 240 000
31 241 000
31 242 000
31 243 000
31 244 000
31 245 000
31 246 000
31 247 000
31 248 000
31 249 000
31 250 000
31 251 000
31 252 000
31 253 000
31 254 000
31 255 000
31 256 000
31 257 000
31 258 000
31 259 000
31 260 000
31 261 000
31 262 000
31 263 000
31 264 000
31 265 000
31 266 000
31 267 000
31 268 000
31 269 000
31 270 000
31 271 000
31 272 000
31 273 000
31 274 000
31 275 000
31 276 000
31 277 000
31 278 000
31 279 000
31 280 000
31 281 000
31 282 000
31 283 000
31 284 000
31 285 000
31 286 000
31 287 000
31 288 000
31 289 000
31 290 000
31 291 000
31 292 000
31 293 000
31 294 000
31 295 000
31 296 000
31 297 000
31 298 000
31 299 000
31 300 000
31 301 000
31 302 000
31 303 000
31 304 000
31 305 000
31 306 000
31 307 000
31 308 000
31 309 000
31 310 000
31 311 000
31 312 000
31 313 000
31 314 000
31 315 000
31 316 000
31 317 000
31 318 000
31 319 000
32 0 000
32 1 000
32 2 000
32 3 000
32 4 000
32 5 000
32 6 000
32 7 000
32 8 000
32 9 000
32 10 000
32 11 000
32 12 000
32 13 000
32 14 000
32 15 000
32 16 000
32 17 000
32 18 000
32 19 000
32 20 000
32 21 000
32 22 000
32 23 000
32 24 000
32 25 000
32 26 000
32 27 000
32 28 000
32 29 000
32 30 000
32 31 000
32 32 000
32 33 000
32 34 000
32 35 000
32 36 000
32 37 000
32 38 000
32 39 000
32 40 000
32 41 000
32 42 000
32 43 000
32 44 000
32 45 000
32 46 000
32 47 000
32 48 000
32 49 000
32 50 000
32 51 000
32 52 000
32 53 000
32 54 000
32 55 000
32 56 000
32 57 000
32 58 000
32 59 000
32 60 000
32 61 000
32 62 000
32 63 000
32 64 000
32 65 000
32 66 000
32 67 000
32 68 000
32 69 000
32 70 000
32 71 000
32 72 000
32 73 000
32 74 000
32 75 000
32 76 000
32 77 000
32 78 000
32 79 000
32 80 000
32 81 000
32 82 000
32 83 000
32 84 000
32 85 000
32 86 000
32 87 000
32 88 000
32 89 000
32 90 000
32 91 000
32 92 000
32 93 000
32 94 000
32 95 000
32 96 000
32 97 000
32 98 000
32 99 000
32 100 000
32 101 000
32 102 000
32 103 000
32 104 000
32 105 000
32 106 000
32 107 000
32 108 000
32 109 000
32 110 000
32 111 000
32 112 000
32 113 000
32 114 000
32 115 000
32 116 000
32 117 000
32 118 000
32 119 000
32 120 000
32 121 000
32 122 000
32 123 000
32 124 000
32 125 000
32 126 000
32 127 000
32 128 000
32 129 000
32 130 000
32 131 000
32 132 000
32 133 000
32 134 000
32 135 000
32 136 000
32 137 000
32 138 000
32 139 000
32 140 000
32 141 000
32 142 000
32 143 000
32 144 000
32 145 000
32 146 000
32 147 000
32 148 000
32 149 000
32 150 000
32 151 000
32 152 000
32 153 000
32 154 000
32 155 000
32 156 000
32 157 000
32 158 000
32 159 000
32 160 000
32 161 000
32 162 000
32 163 000
32 164 000
32 165 000
32 166 000
32 167 000
32 168 000
32 169 000
32 170 000
32 171 000
32 172 000
32 173 000
32 174 000
32 175 000
32 176 000
32 177 000
32 178 000
32 179 000
32 180 000
32 181 000
32 182 000
32 183 000
32 184 000
32 185 000
32 186 000
32 187 000
32 188 000
32 189 000
32 190 000
32 191 000
32 192 000
32 193 000
32 194 000
32 195 000
32 196 000
32 197 000
32 198 000
32 199 000
32 200 000
32 201 000
32 202 000
32 203 000
32 204 000
32 205 000
32 206 000
32 207 000
32 208 000
32 209 000
32 210 000
32 211 000
32 212 000
32 213 000
32 214 000
32 215 000
32 216 000
32 217 000
32 218 000
32 219 000
32 220 000
32 221 000
32 222 000
32 223 000
32 224 000
32 225 000
32 226 000
32 227 000
32 228 000
32 229 000
32 230 000
32 231 000
32 232 000
32 233 000
32 234 000
32 235 000
32 236 000
32 237 000
32 238 000
32 239 000
32 240 000
32 241 000
32 242 000
32 243 000
32 244 000
32 245 000
32 246 000
32 247 000
32 248 000
32 249 000
32 250 000
32 251 000
32 252 000
32 253 000
32 254 000
32 255 000
32 256 000
32 257 000
32 258 000
32 259 000
32 260 000
32 261 000
32 262 000
32 263 000
32 264 000
32 265 000
32 266 000
32 267 000
32 268 000
32 269 000
32 270 000
32 271 000
32 272 000
32 273 000
32 274 000
32 275 000
32 276 000
32 277 000
32 278 000
32 279 000
32 280 000
32 281 000
32 282 000
32 283 000
32 284 000
32 285 000
32 286 000
32 287 000
32 288 000
32 289 000
32 290 000
32 291 000
32 292 000
32 293 000
32 294 000
32 295 000
32 296 000
32 297 000
32 298 000
32 299 000
32 300 000
32 301 000
32 302 000
32 303 000
32 304 000
32 305 000
32 306 000
32 307 000
32 308 000
32 309 000
32 310 000
32 311 000
32 312 000
32 313 000
32 314 000
32 315 000
32 316 000
32 317 000
32 318 000
32 319 000
33 0 000
33 1 000
33 2 000
33 3 000
33 4 000
33 5 000
33 6 000
33 7 000
33 8 000
33 9 000
33 10 000
33 11 000
33 12 000
33 13 000
33 14 000
33 15 000
33 16 000
33 17 000
33 18 000
33 19 000
33 20 000
33 21 000
33 22 000
33 23 000
33 24 000
33 25 000
33 26 000
33 27 000
33 28 000
33 29 000
33 30 000
33 31 000
33 32 000
33 33 000
33 34 000
33 35 000
33 36 000
33 37 000
33 38 000
33 39 000
33 40 000
33 41 000
33 42 000
33 43 000
33 44 000
33 45 000
33 46 000
33 47 000
33 48 000
33 49 000
33 50 000
33 51 000
33 52 000
33 53 000
33 54 000
33 55 000
33 56 000
33 57 000
33 58 000
33 59 000
33 60 000
33 61 000
33 62 000
33 63 000
33 64 000
33 65 000
33 66 000
33 67 000
33 68 000
33 69 000
33 70 000
33 71 000
33 72 000
33 73 000
33 74 000
33 75 000
33 76 000
33 77 000
33 78 000
33 79 000
33 80 000
33 81 000
33 82 000
33 83 000
33 84 000
33 85 000
33 86 000
33 87 000
33 88 000
33 89 000
33 90 000
33 91 000
33 92 000
33 93 000
33 94 000
33 95 000
33 96 000
33 97 000
33 98 000
33 99 000
33 100 000
33 101 000
33 102 000
33 103 000
33 104 000
33 105 000
33 106 000
33 107 000
33 108 000
33 109 000
33 110 000
33 111 000
33 112 000
33 113 000
33 114 000
33 115 000
33 116 000
33 117 000
33 118 000
33 119 000
33 120 000
33 121 000
33 122 000
33 123 000
33 124 000
33 125 000
33 126 000
33 127 000
33 128 000
33 129 000
33 130 000
33 131 000
33 132 000
33 133 000
33 134 000
33 135 000
33 136 000
33 137 000
33 138 000
33 139 000
33 140 000
33 141 000
33 142 000
33 143 000
33 144 000
33 145 000
33 146 000
33 147 000
33 148 000
33 149 000
33 150 000
33 151 000
33 152 000
33 153 000
33 154 000
33 155 000
33 156 000
33 157 000
33 158 000
33 159 000
33 160 000
33 161 000
33 162 000
33 163 000
33 164 000
33 165 000
33 166 000
33 167 000
33 168 000
33 169 000
33 170 000
33 171 000
33 172 000
33 173 000
33 174 000
33 175 000
33 176 000
33 177 000
33 178 000
33 179 000
33 180 000
33 181 000
33 182 000
33 183 000
33 184 000
33 185 000
33 186 000
33 187 000
33 188 000
33 189 000
33 190 000
33 191 000
33 192 000
33 193 000
33 194 000
33 195 000
33 196 000
33 197 000
33 198 000
33 199 000
33 200 000
33 201 000
33 202 000
33 203 000
33 204 000
33 205 000
33 206 000
33 207 000
33 208 000
33 209 000
33 210 000
33 211 000
33 212 000
33 213 000
33 214 000
33 215 000
33 216 000
33 217 000
33 218 000
33 219 000
33 220 000
33 221 000
33 222 000
33 223 000
33 224 000
33 225 000
33 226 000
33 227 000
33 228 000
33 229 000
33 230 000
33 231 000
33 232 000
33 233 000
33 234 000
33 235 000
33 236 000
33 237 000
33 238 000
33 239 000
33 240 000
33 241 000
33 242 000
33 243 000
33 244 000
33 245 000
33 246 000
33 247 000
33 248 000
33 249 000
33 250 000
33 251 000
33 252 000
33 253 000
33 254 000
33 255 000
33 256 000
33 257 000
33 258 000
33 259 000
33 260 000
33 261 000
33 262 000
33 263 000
33 264 000
33 265 000
33 266 000
33 267 000
33 268 000
33 269 000
33 270 000
33 271 000
33 272 000
33 273 000
33 274 000
33 275 000
33 276 000
33 277 000
33 278 000
33 279 000
33 280 000
33 281 000
33 282 000
33 283 000
33 284 000
33 285 000
33 286 000
33 287 000
33 288 000
33 289 000
33 290 000
33 291 000
33 292 000
33 293 000
33 294 000
33 295 000
33 296 000
33 297 000
33 298 000
33 299 000
33 300 000
33 301 000
33 302 000
33 303 000
33 304 000
33 305 000
33 306 000
33 307 000
33 308 000
33 309 000
33 310 000
33 311 000
33 312 000
33 313 000
33 314 000
33 315 000
33 316 000
33 317 000
33 318 000
33 319 000
34 0 000
34 1 000
34 2 000
34 3 000
34 4 000
34 5 000
34 6 000
34 7 000
34 8 000
34 9 000
34 10 000
34 11 000
34 12 000
34 13 000
34 14 000
34 15 000
34 16 000
34 17 000
34 18 000
34 19 000
34 20 000
34 21 000
34 22 000
34 23 000
34 24 000
34 25 000
34 26 000
34 27 000
34 28 000
34 29 000
34 30 000
34 31 000
34 32 000
34 33 000
34 34 000
34 35 000
34 36 000
34 37 000
34 38 000
34 39 000
34 40 000
34 41 000
34 42 000
34 43 000
34 44 000
34 45 000
34 46 000
34 47 000
34 48 000
34 49 000
34 50 000
34 51 000
34 52 000
34 53 000
34 54 000
34 55 000
34 56 000
34 57 000
34 58 000
34 59 000
34 60 000
34 61 000
34 62 000
34 63 000
34 64 000
34 65 000
34 66 000
34 67 000
34 68 000
34 69 000
34 70 000
34 71 000
34 72 000
34 73 000
34 74 000
34 75 000
34 76 000
34 77 000
34 78 000
34 79 000
34 80 000
34 81 000
34 82 000
34 83 000
34 84 000
34 85 000
34 86 000
34 87 000
34 88 000
34 89 000
34 90 000
34 91 000
34 92 000
34 93 000
34 94 000
34 95 000
34 96 000
34 97 000
34 98 000
34 99 000
34 100 000
34 101 000
34 102 000
34 103 000
34 104 000
34 105 000
34 106 000
34 107 000
34 108 000
34 109 000
34 110 000
34 111 000
34 112 000
34 113 000
34 114 000
34 115 000
34 116 000
34 117 000
34 118 000
34 119 000
34 120 000
34 121 000
34 122 000
34 123 000
34 124 000
34 125 000
34 126 000
34 127 000
34 128 000
34 129 000
34 130 000
34 131 000
34 132 000
34 133 000
34 134 000
34 135 000
34 136 000
34 137 000
34 138 000
34 139 000
34 140 000
34 141 000
34 142 000
34 143 000
34 144 000
34 145 000
34 146 000
34 147 000
34 148 000
34 149 000
34 150 000
34 151 000
34 152 000
34 153 000
34 154 000
34 155 000
34 156 000
34 157 000
34 158 000
34 159 000
34 160 000
34 161 000
34 162 000
34 163 000
34 164 000
34 165 000
34 166 000
34 167 000
34 168 000
34 169 000
34 170 000
34 171 000
34 172 000
34 173 000
34 174 000
34 175 000
34 176 000
34 177 000
34 178 000
34 179 000
34 180 000
34 181 000
34 182 000
34 183 000
34 184 000
34 185 000
34 186 000
34 187 000
34 188 000
34 189 000
34 190 000
34 191 000
34 192 000
34 193 000
34 194 000
34 195 000
34 196 000
34 197 000
34 198 000
34 199 000
34 200 000
34 201 000
34 202 000
34 203 000
34 204 000
34 205 000
34 206 000
34 207 000
34 208 000
34 209 000
34 210 000
34 211 000
34 212 000
34 213 000
34 214 000
34 215 000
34 216 000
34 217 000
34 218 000
34 219 000
34 220 000
34 221 000
34 222 000
34 223 000
34 224 000
34 225 000
34 226 000
34 227 000
34 228 000
34 229 000
34 230 000
34 231 000
34 232 000
34 233 000
34 234 000
34 235 000
34 236 000
34 237 000
34 238 000
34 239 000
34 240 000
34 241 000
34 242 000
34 243 000
34 244 000
34 245 000
34 246 000
34 247 000
34 248 000
34 249 000
34 250 000
34 251 000
34 252 000
34 253 000
34 254 000
34 255 000
34 256 000
34 257 000
34 258 000
34 259 000
34 260 000
34 261 000
34 262 000
34 263 000
34 264 000
34 265 000
34 266 000
34 267 000
34 268 000
34 269 000
34 270 000
34 271 000
34 272 000
34 273 000
34 274 000
34 275 000
34 276 000
34 277 000
34 278 000
34 279 000
34 280 000
34 281 000
34 282 000
34 283 000
34 284 000
34 285 000
34 286 000
34 287 000
34 288 000
34 289 000
34 290 000
34 291 000
34 292 000
34 293 000
34 294 000
34 295 000
34 296 000
34 297 000
34 298 000
34 299 000
34 300 000
34 301 000
34 302 000
34 303 000
34 304 000
34 305 000
34 306 000
34 307 000
34 308 000
34 309 000
34 310 000
34 311 000
34 312 000
34 313 000
34 314 000
34 315 000
34 316 000
34 317 000
34 318 000
34 319 000
35 0 000
35 1 000
35 2 000
35 3 000
35 4 000
35 5 000
35 6 000
35 7 000
35 8 000
35 9 000
35 10 000
35 11 000
35 12 000
35 13 000
35 14 000
35 15 000
35 16 000
35 17 000
35 18 000
35 19 000
35 20 000
35 21 000
35 22 000
35 23 000
35 24 000
35 25 000
35 26 000
35 27 000
35 28 000
35 29 000
35 30 000
35 31 000
35 32 000
35 33 000
35 34 000
35 35 000
35 36 000
35 37 000
35 38 000
35 39 000
35 40 000
35 41 000
35 42 000
35 43 000
35 44 000
35 45 000
35 46 000
35 47 000
35 48 000
35 49 000
35 50 000
35 51 000
35 52 000
35 53 000
35 54 000
35 55 000
35 56 000
35 57 000
35 58 000
35 59 000
35 60 000
35 61 000
35 62 000
35 63 000
35 64 000
35 65 000
35 66 000
35 67 000
35 68 000
35 69 000
35 70 000
35 71 000
35 72 000
35 73 000
35 74 000
35 75 000
35 76 000
35 77 000
35 78 000
35 79 000
35 80 000
35 81 000
35 82 000
35 83 000
35 84 000
35 85 000
35 86 000
35 87 000
35 88 000
35 89 000
35 90 000
35 91 000
35 92 000
35 93 000
35 94 000
35 95 000
35 96 000
35 97 000
35 98 000
35 99 000
35 100 000
35 101 000
35 102 000
35 103 000
35 104 000
35 105 000
35 106 000
35 107 000
35 108 000
35 109 000
35 110 000
35 111 000
35 112 000
35 113 000
35 114 000
35 115 000
35 116 000
35 117 000
35 118 000
35 119 000
35 120 000
35 121 000
35 122 000
35 123 000
35 124 000
35 125 000
35 126 000
35 127 000
35 128 000
35 129 000
35 130 000
35 131 000
35 132 000
35 133 000
35 134 000
35 135 000
35 136 000
35 137 000
35 138 000
35 139 000
35 140 000
35 141 000
35 142 000
35 143 000
35 144 000
35 145 000
35 146 000
35 147 000
35 148 000
35 149 000
35 150 000
35 151 000
35 152 000
35 153 000
35 154 000
35 155 000
35 156 000
35 157 000
35 158 000
35 159 000
35 160 000
35 161 000
35 162 000
35 163 000
35 164 000
35 165 000
35 166 000
35 167 000
35 168 000
35 169 000
35 170 000
35 171 000
35 172 000
35 173 000
35 174 000
35 175 000
35 176 000
35 177 000
35 178 000
35 179 000
35 180 000
35 181 000
35 182 000
35 183 000
35 184 000
35 185 000
35 186 000
35 187 000
35 188 000
35 189 000
35 190 000
35 191 000
35 192 000
35 193 000
35 194 000
35 195 000
35 196 000
35 197 000
35 198 000
35 199 000
35 200 000
35 201 000
35 202 000
35 203 000
35 204 000
35 205 000
35 206 000
35 207 000
35 208 000
35 209 000
35 210 000
35 211 000
35 212 000
35 213 000
35 214 000
35 215 000
35 216 000
35 217 000
35 218 000
35 219 000
35 220 000
35 221 000
35 222 000
35 223 000
35 224 000
35 225 000
35 226 000
35 227 000
35 228 000
35 229 000
35 230 000
35 231 000
35 232 000
35 233 000
35 234 000
35 235 000
35 236 000
35 237 000
35 238 000
35 239 000
35 240 000
35 241 000
35 242 000
35 243 000
35 244 000
35 245 000
35 246 000
35 247 000
35 248 000
35 249 000
35 250 000
35 251 000
35 252 000
35 253 000
35 254 000
35 255 000
35 256 000
35 257 000
35 258 000
35 259 000
35 260 000
35 261 000
35 262 000
35 263 000
35 264 000
35 265 000
35 266 000
35 267 000
35 268 000
35 269 000
35 270 000
35 271 000
35 272 000
35 273 000
35 274 000
35 275 000
35 276 000
35 277 000
35 278 000
35 279 000
35 280 000
35 281 000
35 282 000
35 283 000
35 284 000
35 285 000
35 286 000
35 287 000
35 288 000
35 289 000
35 290 000
35 291 000
35 292 000
35 293 000
35 294 000
35 295 000
35 296 000
35 297 000
35 298 000
35 299 000
35 300 000
35 301 000
35 302 000
35 303 000
35 304 000
35 305 000
35 306 000
35 307 000
35 308 000
35 309 000
35 310 000
35 311 000
35 312 000
35 313 000
35 314 000
35 315 000
35 316 000
35 317 000
35 318 000
35 319 000
36 0 000
36 1 000
36 2 000
36 3 000
36 4 000
36 5 000
36 6 000
36 7 000
36 8 000
36 9 000
36 10 000
36 11 000
36 12 000
36 13 000
36 14 000
36 15 000
36 16 000
36 17 000
36 18 000
36 19 000
36 20 000
36 21 000
36 22 000
36 23 000
36 24 000
36 25 000
36 26 000
36 27 000
36 28 000
36 29 000
36 30 000
36 31 000
36 32 000
36 33 000
36 34 000
36 35 000
36 36 000
36 37 000
36 38 000
36 39 000
36 40 000
36 41 000
36 42 000
36 43 000
36 44 000
36 45 000
36 46 000
36 47 000
36 48 000
36 49 000
36 50 000
36 51 000
36 52 000
36 53 000
36 54 000
36 55 000
36 56 000
36 57 000
36 58 000
36 59 000
36 60 000
36 61 000
36 62 000
36 63 000
36 64 000
36 65 000
36 66 000
36 67 000
36 68 000
36 69 000
36 70 000
36 71 000
36 72 000
36 73 000
36 74 000
36 75 000
36 76 000
36 77 000
36 78 000
36 79 000
36 80 000
36 81 000
36 82 000
36 83 000
36 84 000
36 85 000
36 86 000
36 87 000
36 88 000
36 89 000
36 90 000
36 91 000
36 92 000
36 93 000
36 94 000
36 95 000
36 96 000
36 97 000
36 98 000
36 99 000
36 100 000
36 101 000
36 102 000
36 103 000
36 104 000
36 105 000
36 106 000
36 107 000
36 108 000
36 109 000
36 110 000
36 111 000
36 112 000
36 113 000
36 114 000
36 115 000
36 116 000
36 117 000
36 118 000
36 119 000
36 120 000
36 121 000
36 122 000
36 123 000
36 124 000
36 125 000
36 126 000
36 127 000
36 128 000
36 129 000
36 130 000
36 131 000
36 132 000
36 133 000
36 134 000
36 135 000
36 136 000
36 137 000
36 138 000
36 139 000
36 140 000
36 141 000
36 142 000
36 143 000
36 144 000
36 145 000
36 146 000
36 147 000
36 148 000
36 149 000
36 150 000
36 151 000
36 152 000
36 153 000
36 154 000
36 155 000
36 156 000
36 157 000
36 158 000
36 159 000
36 160 000
36 161 000
36 162 000
36 163 000
36 164 000
36 165 000
36 166 000
36 167 000
36 168 000
36 169 000
36 170 000
36 171 000
36 172 000
36 173 000
36 174 000
36 175 000
36 176 000
36 177 000
36 178 000
36 179 000
36 180 000
36 181 000
36 182 000
36 183 000
36 184 000
36 185 000
36 186 000
36 187 000
36 188 000
36 189 000
36 190 000
36 191 000
36 192 000
36 193 000
36 194 000
36 195 000
36 196 000
36 197 000
36 198 000
36 199 000
36 200 000
36 201 000
36 202 000
36 203 000
36 204 000
36 205 000
36 206 000
36 207 000
36 208 000
36 209 000
36 210 000
36 211 000
36 212 000
36 213 000
36 214 000
36 215 000
36 216 000
36 217 000
36 218 000
36 219 000
36 220 000
36 221 000
36 222 000
36 223 000
36 224 000
36 225 000
36 226 000
36 227 000
36 228 000
36 229 000
36 230 000
36 231 000
36 232 000
36 233 000
36 234 000
36 235 000
36 236 000
36 237 000
36 238 000
36 239 000
36 240 000
36 241 000
36 242 000
36 243 000
36 244 000
36 245 000
36 246 000
36 247 000
36 248 000
36 249 000
36 250 000
36 251 000
36 252 000
36 253 000
36 254 000
36 255 000
36 256 000
36 257 000
36 258 000
36 259 000
36 260 000
36 261 000
36 262 000
36 263 000
36 264 000
36 265 000
36 266 000
36 267 000
36 268 000
36 269 000
36 270 000
36 271 000
36 272 000
36 273 000
36 274 000
36 275 000
36 276 000
36 277 000
36 278 000
36 279 000
36 280 000
36 281 000
36 282 000
36 283 000
36 284 000
36 285 000
36 286 000
36 287 000
36 288 000
36 289 000
36 290 000
36 291 000
36 292 000
36 293 000
36 294 000
36 295 000
36 296 000
36 297 000
36 298 000
36 299 000
36 300 000
36 301 000
36 302 000
36 303 000
36 304 000
36 305 000
36 306 000
36 307 000
36 308 000
36 309 000
36 310 000
36 311 000
36 312 000
36 313 000
36 314 000
36 315 000
36 316 000
36 317 000
36 318 000
36 319 000
37 0 000
37 1 000
37 2 000
37 3 000
37 4 000
37 5 000
37 6 000
37 7 000
37 8 000
37 9 000
37 10 000
37 11 000
37 12 000
37 13 000
37 14 000
37 15 000
37 16 000
37 17 000
37 18 000
37 19 000
37 20 000
37 21 000
37 22 000
37 23 000
37 24 000
37 25 000
37 26 000
37 27 000
37 28 000
37 29 000
37 30 000
37 31 000
37 32 000
37 33 000
37 34 000
37 35 000
37 36 000
37 37 000
37 38 000
37 39 000
37 40 000
37 41 000
37 42 000
37 43 000
37 44 000
37 45 000
37 46 000
37 47 000
37 48 000
37 49 000
37 50 000
37 51 000
37 52 000
37 53 000
37 54 000
37 55 000
37 56 000
37 57 000
37 58 000
37 59 000
37 60 000
37 61 000
37 62 000
37 63 000
37 64 000
37 65 000
37 66 000
37 67 000
37 68 000
37 69 000
37 70 000
37 71 000
37 72 000
37 73 000
37 74 000
37 75 000
37 76 000
37 77 000
37 78 000
37 79 000
37 80 000
37 81 000
37 82 000
37 83 000
37 84 000
37 85 000
37 86 000
37 87 000
37 88 000
37 89 000
37 90 000
37 91 000
37 92 000
37 93 000
37 94 000
37 95 000
37 96 000
37 97 000
37 98 000
37 99 000
37 100 000
37 101 000
37 102 000
37 103 000
37 104 000
37 105 000
37 106 000
37 107 000
37 108 000
37 109 000
37 110 000
37 111 000
37 112 000
37 113 000
37 114 000
37 115 000
37 116 000
37 117 000
37 118 000
37 119 000
37 120 000
37 121 000
37 122 000
37 123 000
37 124 000
37 125 000
37 126 000
37 127 000
37 128 000
37 129 000
37 130 000
37 131 000
37 132 000
37 133 000
37 134 000
37 135 000
37 136 000
37 137 000
37 138 000
37 139 000
37 140 000
37 141 000
37 142 000
37 143 000
37 144 000
37 145 000
37 146 000
37 147 000
37 148 000
37 149 000
37 150 000
37 151 000
37 152 000
37 153 000
37 154 000
37 155 000
37 156 000
37 157 000
37 158 000
37 159 000
37 160 000
37 161 000
37 162 000
37 163 000
37 164 000
37 165 000
37 166 000
37 167 000
37 168 000
37 169 000
37 170 000
37 171 000
37 172 000
37 173 000
37 174 000
37 175 000
37 176 000
37 177 000
37 178 000
37 179 000
37 180 000
37 181 000
37 182 000
37 183 000
37 184 000
37 185 000
37 186 000
37 187 000
37 188 000
37 189 000
37 190 000
37 191 000
37 192 000
37 193 000
37 194 000
37 195 000
37 196 000
37 197 000
37 198 000
37 199 000
37 200 000
37 201 000
37 202 000
37 203 000
37 204 000
37 205 000
37 206 000
37 207 000
37 208 000
37 209 000
37 210 000
37 211 000
37 212 000
37 213 000
37 214 000
37 215 000
37 216 000
37 217 000
37 218 000
37 219 000
37 220 000
37 221 000
37 222 000
37 223 000
37 224 000
37 225 000
37 226 000
37 227 000
37 228 000
37 229 000
37 230 000
37 231 000
37 232 000
37 233 000
37 234 000
37 235 000
37 236 000
37 237 000
37 238 000
37 239 000
37 240 000
37 241 000
37 242 000
37 243 000
37 244 000
37 245 000
37 246 000
37 247 000
37 248 000
37 249 000
37 250 000
37 251 000
37 252 000
37 253 000
37 254 000
37 255 000
37 256 000
37 257 000
37 258 000
37 259 000
37 260 000
37 261 000
37 262 000
37 263 000
37 264 000
37 265 000
37 266 000
37 267 000
37 268 000
37 269 000
37 270 000
37 271 000
37 272 000
37 273 000
37 274 000
37 275 000
37 276 000
37 277 000
37 278 000
37 279 000
37 280 000
37 281 000
37 282 000
37 283 000
37 284 000
37 285 000
37 286 000
37 287 000
37 288 000
37 289 000
37 290 000
37 291 000
37 292 000
37 293 000
37 294 000
37 295 000
37 296 000
37 297 000
37 298 000
37 299 000
37 300 000
37 301 000
37 302 000
37 303 000
37 304 000
37 305 000
37 306 000
37 307 000
37 308 000
37 309 000
37 310 000
37 311 000
37 312 000
37 313 000
37 314 000
37 315 000
37 316 000
37 317 000
37 318 000
37 319 000
38 0 000
38 1 000
38 2 000
38 3 000
38 4 000
38 5 000
38 6 000
38 7 000
38 8 000
38 9 000
38 10 000
38 11 000
38 12 000
38 13 000
38 14 000
38 15 000
38 16 000
38 17 000
38 18 000
38 19 000
38 20 000
38 21 000
38 22 000
38 23 000
38 24 000
38 25 000
38 26 000
38 27 000
38 28 000
38 29 000
38 30 000
38 31 000
38 32 000
38 33 000
38 34 000
38 35 000
38 36 000
38 37 000
38 38 000
38 39 000
38 40 000
38 41 000
38 42 000
38 43 000
38 44 000
38 45 000
38 46 000
38 47 000
38 48 000
38 49 000
38 50 000
38 51 000
38 52 000
38 53 000
38 54 000
38 55 000
38 56 000
38 57 000
38 58 000
38 59 000
38 60 000
38 61 000
38 62 000
38 63 000
38 64 000
38 65 000
38 66 000
38 67 000
38 68 000
38 69 000
38 70 000
38 71 000
38 72 000
38 73 000
38 74 000
38 75 000
38 76 000
38 77 000
38 78 000
38 79 000
38 80 000
38 81 000
38 82 000
38 83 000
38 84 000
38 85 000
38 86 000
38 87 000
38 88 000
38 89 000
38 90 000
38 91 000
38 92 000
38 93 000
38 94 000
38 95 000
38 96 000
38 97 000
38 98 000
38 99 000
38 100 000
38 101 000
38 102 000
38 103 000
38 104 000
38 105 000
38 106 000
38 107 000
38 108 000
38 109 000
38 110 000
38 111 000
38 112 000
38 113 000
38 114 000
38 115 000
38 116 000
38 117 000
38 118 000
38 119 000
38 120 000
38 121 000
38 122 000
38 123 000
38 124 000
38 125 000
38 126 000
38 127 000
38 128 000
38 129 000
38 130 000
38 131 000
38 132 000
38 133 000
38 134 000
38 135 000
38 136 000
38 137 000
38 138 000
38 139 000
38 140 000
38 141 000
38 142 000
38 143 000
38 144 000
38 145 000
38 146 000
38 147 000
38 148 000
38 149 000
38 150 000
38 151 000
38 152 000
38 153 000
38 154 000
38 155 000
38 156 000
38 157 000
38 158 000
38 159 000
38 160 000
38 161 000
38 162 000
38 163 000
38 164 000
38 165 000
38 166 000
38 167 000
38 168 000
38 169 000
38 170 000
38 171 000
38 172 000
38 173 000
38 174 000
38 175 000
38 176 000
38 177 000
38 178 000
38 179 000
38 180 000
38 181 000
38 182 000
38 183 000
38 184 000
38 185 000
38 186 000
38 187 000
38 188 000
38 189 000
38 190 000
38 191 000
38 192 000
38 193 000
38 194 000
38 195 000
38 196 000
38 197 000
38 198 000
38 199 000
38 200 000
38 201 000
38 202 000
38 203 000
38 204 000
38 205 000
38 206 000
38 207 000
38 208 000
38 209 000
38 210 000
38 211 000
38 212 000
38 213 000
38 214 000
38 215 000
38 216 000
38 217 000
38 218 000
38 219 000
38 220 000
38 221 000
38 222 000
38 223 000
38 224 000
38 225 000
38 226 000
38 227 000
38 228 000
38 229 000
38 230 000
38 231 000
38 232 000
38 233 000
38 234 000
38 235 000
38 236 000
38 237 000
38 238 000
38 239 000
38 240 000
38 241 000
38 242 000
38 243 000
38 244 000
38 245 000
38 246 000
38 247 000
38 248 000
38 249 000
38 250 000
38 251 000
38 252 000
38 253 000
38 254 000
38 255 000
38 256 000
38 257 000
38 258 000
38 259 000
38 260 000
38 261 000
38 262 000
38 263 000
38 264 000
38 265 000
38 266 000
38 267 000
38 268 000
38 269 000
38 270 000
38 271 000
38 272 000
38 273 000
38 274 000
38 275 000
38 276 000
38 277 000
38 278 000
38 279 000
38 280 000
38 281 000
38 282 000
38 283 000
38 284 000
38 285 000
38 286 000
38 287 000
38 288 000
38 289 000
38 290 000
38 291 000
38 292 000
38 293 000
38 294 000
38 295 000
38 296 000
38 297 000
38 298 000
38 299 000
38 300 000
38 301 000
38 302 000
38 303 000
38 304 000
38 305 000
38 306 000
38 307 000
38 308 000
38 309 000
38 310 000
38 311 000
38 312 000
38 313 000
38 314 000
38 315 000
38 316 000
38 317 000
38 318 000
38 319 000
39 0 000
39 1 000
39 2 000
39 3 000
39 4 000
39 5 000
39 6 000
39 7 000
39 8 000
39 9 000
39 10 000
39 11 000
39 12 000
39 13 000
39 14 000
39 15 000
39 16 000
39 17 000
39 18 000
39 19 000
39 20 000
39 21 000
39 22 000
39 23 000
39 24 000
39 25 000
39 26 000
39 27 000
39 28 000
39 29 000
39 30 000
39 31 000
39 32 000
39 33 000
39 34 000
39 35 000
39 36 000
39 37 000
39 38 000
39 39 000
39 40 000
39 41 000
39 42 000
39 43 000
39 44 000
39 45 000
39 46 000
39 47 000
39 48 000
39 49 000
39 50 000
39 51 000
39 52 000
39 53 000
39 54 000
39 55 000
39 56 000
39 57 000
39 58 000
39 59 000
39 60 000
39 61 000
39 62 000
39 63 000
39 64 000
39 65 000
39 66 000
39 67 000
39 68 000
39 69 000
39 70 000
39 71 000
39 72 000
39 73 000
39 74 000
39 75 000
39 76 000
39 77 000
39 78 000
39 79 000
39 80 000
39 81 000
39 82 000
39 83 000
39 84 000
39 85 000
39 86 000
39 87 000
39 88 000
39 89 000
39 90 000
39 91 000
39 92 000
39 93 000
39 94 000
39 95 000
39 96 000
39 97 000
39 98 000
39 99 000
39 100 000
39 101 000
39 102 000
39 103 000
39 104 000
39 105 000
39 106 000
39 107 000
39 108 000
39 109 000
39 110 000
39 111 000
39 112 000
39 113 000
39 114 000
39 115 000
39 116 000
39 117 000
39 118 000
39 119 000
39 120 000
39 121 000
39 122 000
39 123 000
39 124 000
39 125 000
39 126 000
39 127 000
39 128 000
39 129 000
39 130 000
39 131 000
39 132 000
39 133 000
39 134 000
39 135 000
39 136 000
39 137 000
39 138 000
39 139 000
39 140 000
39 141 000
39 142 000
39 143 000
39 144 000
39 145 000
39 146 000
39 147 000
39 148 000
39 149 000
39 150 000
39 151 000
39 152 000
39 153 000
39 154 000
39 155 000
39 156 000
39 157 000
39 158 000
39 159 000
39 160 000
39 161 000
39 162 000
39 163 000
39 164 000
39 165 000
39 166 000
39 167 000
39 168 000
39 169 000
39 170 000
39 171 000
39 172 000
39 173 000
39 174 000
39 175 000
39 176 000
39 177 000
39 178 000
39 179 000
39 180 000
39 181 000
39 182 000
39 183 000
39 184 000
39 185 000
39 186 000
39 187 000
39 188 000
39 189 000
39 190 000
39 191 000
39 192 000
39 193 000
39 194 000
39 195 000
39 196 000
39 197 000
39 198 000
39 199 000
39 200 000
39 201 000
39 202 000
39 203 000
39 204 000
39 205 000
39 206 000
39 207 000
39 208 000
39 209 000
39 210 000
39 211 000
39 212 000
39 213 000
39 214 000
39 215 000
39 216 000
39 217 000
39 218 000
39 219 000
39 220 000
39 221 000
39 222 000
39 223 000
39 224 000
39 225 000
39 226 000
39 227 000
39 228 000
39 229 000
39 230 000
39 231 000
39 232 000
39 233 000
39 234 000
39 235 000
39 236 000
39 237 000
39 238 000
39 239 000
39 240 000
39 241 000
39 242 000
39 243 000
39 244 000
39 245 000
39 246 000
39 247 000
39 248 000
39 249 000
39 250 000
39 251 000
39 252 000
39 253 000
39 254 000
39 255 000
39 256 000
39 257 000
39 258 000
39 259 000
39 260 000
39 261 000
39 262 000
39 263 000
39 264 000
39 265 000
39 266 000
39 267 000
39 268 000
39 269 000
39 270 000
39 271 000
39 272 000
39 273 000
39 274 000
39 275 000
39 276 000
39 277 000
39 278 000
39 279 000
39 280 000
39 281 000
39 282 000
39 283 000
39 284 000
39 285 000
39 286 000
39 287 000
39 288 000
39 289 000
39 290 000
39 291 000
39 292 000
39 293 000
39 294 000
39 295 000
39 296 000
39 297 000
39 298 000
39 299 000
39 300 000
39 301 000
39 302 000
39 303 000
39 304 000
39 305 000
39 306 000
39 307 000
39 308 000
39 309 000
39 310 000
39 311 000
39 312 000
39 313 000
39 314 000
39 315 000
39 316 000
39 317 000
39 318 000
39 319 000
40 0 000
40 1 000
40 2 000
40 3 000
40 4 000
40 5 000
40 6 000
40 7 000
40 8 000
40 9 000
40 10 000
40 11 000
40 12 000
40 13 000
40 14 000
40 15 000
40 16 000
40 17 000
40 18 000
40 19 000
40 20 000
40 21 000
40 22 000
40 23 000
40 24 000
40 25 000
40 26 000
40 27 000
40 28 000
40 29 000
40 30 000
40 31 000
40 32 000
40 33 000
40 34 000
40 35 000
40 36 000
40 37 000
40 38 000
40 39 000
40 40 000
40 41 000
40 42 000
40 43 000
40 44 000
40 45 000
40 46 000
40 47 000
40 48 000
40 49 000
40 50 000
40 51 000
40 52 000
40 53 000
40 54 000
40 55 000
40 56 000
40 57 000
40 58 000
40 59 000
40 60 000
40 61 000
40 62 000
40 63 000
40 64 000
40 65 000
40 66 000
40 67 000
40 68 000
40 69 000
40 70 000
40 71 000
40 72 000
40 73 000
40 74 000
40 75 000
40 76 000
40 77 000
40 78 000
40 79 000
40 80 000
40 81 000
40 82 000
40 83 000
40 84 000
40 85 000
40 86 000
40 87 000
40 88 000
40 89 000
40 90 000
40 91 000
40 92 000
40 93 000
40 94 000
40 95 000
40 96 000
40 97 000
40 98 000
40 99 000
40 100 000
40 101 000
40 102 000
40 103 000
40 104 000
40 105 000
40 106 000
40 107 000
40 108 000
40 109 000
40 110 000
40 111 000
40 112 000
40 113 000
40 114 000
40 115 000
40 116 000
40 117 000
40 118 000
40 119 000
40 120 000
40 121 000
40 122 000
40 123 000
40 124 000
40 125 000
40 126 000
40 127 000
40 128 000
40 129 000
40 130 000
40 131 000
40 132 000
40 133 000
40 134 000
40 135 000
40 136 000
40 137 000
40 138 000
40 139 000
40 140 000
40 141 000
40 142 000
40 143 000
40 144 000
40 145 000
40 146 000
40 147 000
40 148 000
40 149 000
40 150 000
40 151 000
40 152 000
40 153 000
40 154 000
40 155 000
40 156 000
40 157 000
40 158 000
40 159 000
40 160 000
40 161 000
40 162 000
40 163 000
40 164 000
40 165 000
40 166 000
40 167 000
40 168 000
40 169 000
40 170 000
40 171 000
40 172 000
40 173 000
40 174 000
40 175 000
40 176 000
40 177 000
40 178 000
40 179 000
40 180 000
40 181 000
40 182 000
40 183 000
40 184 000
40 185 000
40 186 000
40 187 000
40 188 000
40 189 000
40 190 000
40 191 000
40 192 000
40 193 000
40 194 000
40 195 000
40 196 000
40 197 000
40 198 000
40 199 000
40 200 000
40 201 000
40 202 000
40 203 000
40 204 000
40 205 000
40 206 000
40 207 000
40 208 000
40 209 000
40 210 000
40 211 000
40 212 000
40 213 000
40 214 000
40 215 000
40 216 000
40 217 000
40 218 000
40 219 000
40 220 000
40 221 000
40 222 000
40 223 000
40 224 000
40 225 000
40 226 000
40 227 000
40 228 000
40 229 000
40 230 000
40 231 000
40 232 000
40 233 000
40 234 000
40 235 000
40 236 000
40 237 000
40 238 000
40 239 000
40 240 000
40 241 000
40 242 000
40 243 000
40 244 000
40 245 000
40 246 000
40 247 000
40 248 000
40 249 000
40 250 000
40 251 000
40 252 000
40 253 000
40 254 000
40 255 000
40 256 000
40 257 000
40 258 000
40 259 000
40 260 000
40 261 000
40 262 000
40 263 000
40 264 000
40 265 000
40 266 000
40 267 000
40 268 000
40 269 000
40 270 000
40 271 000
40 272 000
40 273 000
40 274 000
40 275 000
40 276 000
40 277 000
40 278 000
40 279 000
40 280 000
40 281 000
40 282 000
40 283 000
40 284 000
40 285 000
40 286 000
40 287 000
40 288 000
40 289 000
40 290 000
40 291 000
40 292 000
40 293 000
40 294 000
40 295 000
40 296 000
40 297 000
40 298 000
40 299 000
40 300 000
40 301 000
40 302 000
40 303 000
40 304 000
40 305 000
40 306 000
40 307 000
40 308 000
40 309 000
40 310 000
40 311 000
40 312 000
40 313 000
40 314 000
40 315 000
40 316 000
40 317 000
40 318 000
40 319 000
41 0 000
41 1 000
41 2 000
41 3 000
41 4 000
41 5 000
41 6 000
41 7 000
41 8 000
41 9 000
41 10 000
41 11 000
41 12 000
41 13 000
41 14 000
41 15 000
41 16 000
41 17 000
41 18 000
41 19 000
41 20 000
41 21 000
41 22 000
41 23 000
41 24 000
41 25 000
41 26 000
41 27 000
41 28 000
41 29 000
41 30 000
41 31 000
41 32 000
41 33 000
41 34 000
41 35 000
41 36 000
41 37 000
41 38 000
41 39 000
41 40 000
41 41 000
41 42 000
41 43 000
41 44 000
41 45 000
41 46 000
41 47 000
41 48 000
41 49 000
41 50 000
41 51 000
41 52 000
41 53 000
41 54 000
41 55 000
41 56 000
41 57 000
41 58 000
41 59 000
41 60 000
41 61 000
41 62 000
41 63 000
41 64 000
41 65 000
41 66 000
41 67 000
41 68 000
41 69 000
41 70 000
41 71 000
41 72 000
41 73 000
41 74 000
41 75 000
41 76 000
41 77 000
41 78 000
41 79 000
41 80 000
41 81 000
41 82 000
41 83 000
41 84 000
41 85 000
41 86 000
41 87 000
41 88 000
41 89 000
41 90 000
41 91 000
41 92 000
41 93 000
41 94 000
41 95 000
41 96 000
41 97 000
41 98 000
41 99 000
41 100 000
41 101 000
41 102 000
41 103 000
41 104 000
41 105 000
41 106 000
41 107 000
41 108 000
41 109 000
41 110 000
41 111 000
41 112 000
41 113 000
41 114 000
41 115 000
41 116 000
41 117 000
41 118 000
41 119 000
41 120 000
41 121 000
41 122 000
41 123 000
41 124 000
41 125 000
41 126 000
41 127 000
41 128 000
41 129 000
41 130 000
41 131 000
41 132 000
41 133 000
41 134 000
41 135 000
41 136 000
41 137 000
41 138 000
41 139 000
41 140 000
41 141 000
41 142 000
41 143 000
41 144 000
41 145 000
41 146 000
41 147 000
41 148 000
41 149 000
41 150 000
41 151 000
41 152 000
41 153 000
41 154 000
41 155 000
41 156 000
41 157 000
41 158 000
41 159 000
41 160 000
41 161 000
41 162 000
41 163 000
41 164 000
41 165 000
41 166 000
41 167 000
41 168 000
41 169 000
41 170 000
41 171 000
41 172 000
41 173 000
41 174 000
41 175 000
41 176 000
41 177 000
41 178 000
41 179 000
41 180 000
41 181 000
41 182 000
41 183 000
41 184 000
41 185 000
41 186 000
41 187 000
41 188 000
41 189 000
41 190 000
41 191 000
41 192 000
41 193 000
41 194 000
41 195 000
41 196 000
41 197 000
41 198 000
41 199 000
41 200 000
41 201 000
41 202 000
41 203 000
41 204 000
41 205 000
41 206 000
41 207 000
41 208 000
41 209 000
41 210 000
41 211 000
41 212 000
41 213 000
41 214 000
41 215 000
41 216 000
41 217 000
41 218 000
41 219 000
41 220 000
41 221 000
41 222 000
41 223 000
41 224 000
41 225 000
41 226 000
41 227 000
41 228 000
41 229 000
41 230 000
41 231 000
41 232 000
41 233 000
41 234 000
41 235 000
41 236 000
41 237 000
41 238 000
41 239 000
41 240 000
41 241 000
41 242 000
41 243 000
41 244 000
41 245 000
41 246 000
41 247 000
41 248 000
41 249 000
41 250 000
41 251 000
41 252 000
41 253 000
41 254 000
41 255 000
41 256 000
41 257 000
41 258 000
41 259 000
41 260 000
41 261 000
41 262 000
41 263 000
41 264 000
41 265 000
41 266 000
41 267 000
41 268 000
41 269 000
41 270 000
41 271 000
41 272 000
41 273 000
41 274 000
41 275 000
41 276 000
41 277 000
41 278 000
41 279 000
41 280 000
41 281 000
41 282 000
41 283 000
41 284 000
41 285 000
41 286 000
41 287 000
41 288 000
41 289 000
41 290 000
41 291 000
41 292 000
41 293 000
41 294 000
41 295 000
41 296 000
41 297 000
41 298 000
41 299 000
41 300 000
41 301 000
41 302 000
41 303 000
41 304 000
41 305 000
41 306 000
41 307 000
41 308 000
41 309 000
41 310 000
41 311 000
41 312 000
41 313 000
41 314 000
41 315 000
41 316 000
41 317 000
41 318 000
41 319 000
42 0 000
42 1 000
42 2 000
42 3 000
42 4 000
42 5 000
42 6 000
42 7 000
42 8 000
42 9 000
42 10 000
42 11 000
42 12 000
42 13 000
42 14 000
42 15 000
42 16 000
42 17 000
42 18 000
42 19 000
42 20 000
42 21 000
42 22 000
42 23 000
42 24 000
42 25 000
42 26 000
42 27 000
42 28 000
42 29 000
42 30 000
42 31 000
42 32 000
42 33 000
42 34 000
42 35 000
42 36 000
42 37 000
42 38 000
42 39 000
42 40 000
42 41 000
42 42 000
42 43 000
42 44 000
42 45 000
42 46 000
42 47 000
42 48 000
42 49 000
42 50 000
42 51 000
42 52 000
42 53 000
42 54 000
42 55 000
42 56 000
42 57 000
42 58 000
42 59 000
42 60 000
42 61 000
42 62 000
42 63 000
42 64 000
42 65 000
42 66 000
42 67 000
42 68 000
42 69 000
42 70 000
42 71 000
42 72 000
42 73 000
42 74 000
42 75 000
42 76 000
42 77 000
42 78 000
42 79 000
42 80 000
42 81 000
42 82 000
42 83 000
42 84 000
42 85 000
42 86 000
42 87 000
42 88 000
42 89 000
42 90 000
42 91 000
42 92 000
42 93 000
42 94 000
42 95 000
42 96 000
42 97 000
42 98 000
42 99 000
42 100 000
42 101 000
42 102 000
42 103 000
42 104 000
42 105 000
42 106 000
42 107 000
42 108 000
42 109 000
42 110 000
42 111 000
42 112 000
42 113 000
42 114 000
42 115 000
42 116 000
42 117 000
42 118 000
42 119 000
42 120 000
42 121 000
42 122 000
42 123 000
42 124 000
42 125 000
42 126 000
42 127 000
42 128 000
42 129 000
42 130 000
42 131 000
42 132 000
42 133 000
42 134 000
42 135 000
42 136 000
42 137 000
42 138 000
42 139 000
42 140 000
42 141 000
42 142 000
42 143 000
42 144 000
42 145 000
42 146 000
42 147 000
42 148 000
42 149 000
42 150 000
42 151 000
42 152 000
42 153 000
42 154 000
42 155 000
42 156 000
42 157 000
42 158 000
42 159 000
42 160 000
42 161 000
42 162 000
42 163 000
42 164 000
42 165 000
42 166 000
42 167 000
42 168 000
42 169 000
42 170 000
42 171 000
42 172 000
42 173 000
42 174 000
42 175 000
42 176 000
42 177 000
42 178 000
42 179 000
42 180 000
42 181 000
42 182 000
42 183 000
42 184 000
42 185 000
42 186 000
42 187 000
42 188 000
42 189 000
42 190 000
42 191 000
42 192 000
42 193 000
42 194 000
42 195 000
42 196 000
42 197 000
42 198 000
42 199 000
42 200 000
42 201 000
42 202 000
42 203 000
42 204 000
42 205 000
42 206 000
42 207 000
42 208 000
42 209 000
42 210 000
42 211 000
42 212 000
42 213 000
42 214 000
42 215 000
42 216 000
42 217 000
42 218 000
42 219 000
42 220 000
42 221 000
42 222 000
42 223 000
42 224 000
42 225 000
42 226 000
42 227 000
42 228 000
42 229 000
42 230 000
42 231 000
42 232 000
42 233 000
42 234 000
42 235 000
42 236 000
42 237 000
42 238 000
42 239 000
42 240 000
42 241 000
42 242 000
42 243 000
42 244 000
42 245 000
42 246 000
42 247 000
42 248 000
42 249 000
42 250 000
42 251 000
42 252 000
42 253 000
42 254 000
42 255 000
42 256 000
42 257 000
42 258 000
42 259 000
42 260 000
42 261 000
42 262 000
42 263 000
42 264 000
42 265 000
42 266 000
42 267 000
42 268 000
42 269 000
42 270 000
42 271 000
42 272 000
42 273 000
42 274 000
42 275 000
42 276 000
42 277 000
42 278 000
42 279 000
42 280 000
42 281 000
42 282 000
42 283 000
42 284 000
42 285 000
42 286 000
42 287 000
42 288 000
42 289 000
42 290 000
42 291 000
42 292 000
42 293 000
42 294 000
42 295 000
42 296 000
42 297 000
42 298 000
42 299 000
42 300 000
42 301 000
42 302 000
42 303 000
42 304 000
42 305 000
42 306 000
42 307 000
42 308 000
42 309 000
42 310 000
42 311 000
42 312 000
42 313 000
42 314 000
42 315 000
42 316 000
42 317 000
42 318 000
42 319 000
43 0 000
43 1 000
43 2 000
43 3 000
43 4 000
43 5 000
43 6 000
43 7 000
43 8 000
43 9 000
43 10 000
43 11 000
43 12 000
43 13 000
43 14 000
43 15 000
43 16 000
43 17 000
43 18 000
43 19 000
43 20 000
43 21 000
43 22 000
43 23 000
43 24 000
43 25 000
43 26 000
43 27 000
43 28 000
43 29 000
43 30 000
43 31 000
43 32 000
43 33 000
43 34 000
43 35 000
43 36 000
43 37 000
43 38 000
43 39 000
43 40 000
43 41 000
43 42 000
43 43 000
43 44 000
43 45 000
43 46 000
43 47 000
43 48 000
43 49 000
43 50 000
43 51 000
43 52 000
43 53 000
43 54 000
43 55 000
43 56 000
43 57 000
43 58 000
43 59 000
43 60 000
43 61 000
43 62 000
43 63 000
43 64 000
43 65 000
43 66 000
43 67 000
43 68 000
43 69 000
43 70 000
43 71 000
43 72 000
43 73 000
43 74 000
43 75 000
43 76 000
43 77 000
43 78 000
43 79 000
43 80 000
43 81 000
43 82 000
43 83 000
43 84 000
43 85 000
43 86 000
43 87 000
43 88 000
43 89 000
43 90 000
43 91 000
43 92 000
43 93 000
43 94 000
43 95 000
43 96 000
43 97 000
43 98 000
43 99 000
43 100 000
43 101 000
43 102 000
43 103 000
43 104 000
43 105 000
43 106 000
43 107 000
43 108 000
43 109 000
43 110 000
43 111 000
43 112 000
43 113 000
43 114 000
43 115 000
43 116 000
43 117 000
43 118 000
43 119 000
43 120 000
43 121 000
43 122 000
43 123 000
43 124 000
43 125 000
43 126 000
43 127 000
43 128 000
43 129 000
43 130 000
43 131 000
43 132 000
43 133 000
43 134 000
43 135 000
43 136 000
43 137 000
43 138 000
43 139 000
43 140 000
43 141 000
43 142 000
43 143 000
43 144 000
43 145 000
43 146 000
43 147 000
43 148 000
43 149 000
43 150 000
43 151 000
43 152 000
43 153 000
43 154 000
43 155 000
43 156 000
43 157 000
43 158 000
43 159 000
43 160 000
43 161 000
43 162 000
43 163 000
43 164 000
43 165 000
43 166 000
43 167 000
43 168 000
43 169 000
43 170 000
43 171 000
43 172 000
43 173 000
43 174 000
43 175 000
43 176 000
43 177 000
43 178 000
43 179 000
43 180 000
43 181 000
43 182 000
43 183 000
43 184 000
43 185 000
43 186 000
43 187 000
43 188 000
43 189 000
43 190 000
43 191 000
43 192 000
43 193 000
43 194 000
43 195 000
43 196 000
43 197 000
43 198 000
43 199 000
43 200 000
43 201 000
43 202 000
43 203 000
43 204 000
43 205 000
43 206 000
43 207 000
43 208 000
43 209 000
43 210 000
43 211 000
43 212 000
43 213 000
43 214 000
43 215 000
43 216 000
43 217 000
43 218 000
43 219 000
43 220 000
43 221 000
43 222 000
43 223 000
43 224 000
43 225 000
43 226 000
43 227 000
43 228 000
43 229 000
43 230 000
43 231 000
43 232 000
43 233 000
43 234 000
43 235 000
43 236 000
43 237 000
43 238 000
43 239 000
43 240 000
43 241 000
43 242 000
43 243 000
43 244 000
43 245 000
43 246 000
43 247 000
43 248 000
43 249 000
43 250 000
43 251 000
43 252 000
43 253 000
43 254 000
43 255 000
43 256 000
43 257 000
43 258 000
43 259 000
43 260 000
43 261 000
43 262 000
43 263 000
43 264 000
43 265 000
43 266 000
43 267 000
43 268 000
43 269 000
43 270 000
43 271 000
43 272 000
43 273 000
43 274 000
43 275 000
43 276 000
43 277 000
43 278 000
43 279 000
43 280 000
43 281 000
43 282 000
43 283 000
43 284 000
43 285 000
43 286 000
43 287 000
43 288 000
43 289 000
43 290 000
43 291 000
43 292 000
43 293 000
43 294 000
43 295 000
43 296 000
43 297 000
43 298 000
43 299 000
43 300 000
43 301 000
43 302 000
43 303 000
43 304 000
43 305 000
43 306 000
43 307 000
43 308 000
43 309 000
43 310 000
43 311 000
43 312 000
43 313 000
43 314 000
43 315 000
43 316 000
43 317 000
43 318 000
43 319 000
44 0 000
44 1 000
44 2 000
44 3 000
44 4 000
44 5 000
44 6 000
44 7 000
44 8 000
44 9 000
44 10 000
44 11 000
44 12 000
44 13 000
44 14 000
44 15 000
44 16 000
44 17 000
44 18 000
44 19 000
44 20 000
44 21 000
44 22 000
44 23 000
44 24 000
44 25 000
44 26 000
44 27 000
44 28 000
44 29 000
44 30 000
44 31 000
44 32 000
44 33 000
44 34 000
44 35 000
44 36 000
44 37 000
44 38 000
44 39 000
44 40 000
44 41 000
44 42 000
44 43 000
44 44 000
44 45 000
44 46 000
44 47 000
44 48 000
44 49 000
44 50 000
44 51 000
44 52 000
44 53 000
44 54 000
44 55 000
44 56 000
44 57 000
44 58 000
44 59 000
44 60 000
44 61 000
44 62 000
44 63 000
44 64 000
44 65 000
44 66 000
44 67 000
44 68 000
44 69 000
44 70 000
44 71 000
44 72 000
44 73 000
44 74 000
44 75 000
44 76 000
44 77 000
44 78 000
44 79 000
44 80 000
44 81 000
44 82 000
44 83 000
44 84 000
44 85 000
44 86 000
44 87 000
44 88 000
44 89 000
44 90 000
44 91 000
44 92 000
44 93 000
44 94 000
44 95 000
44 96 000
44 97 000
44 98 000
44 99 000
44 100 000
44 101 000
44 102 000
44 103 000
44 104 000
44 105 000
44 106 000
44 107 000
44 108 000
44 109 000
44 110 000
44 111 000
44 112 000
44 113 000
44 114 000
44 115 000
44 116 000
44 117 000
44 118 000
44 119 000
44 120 000
44 121 000
44 122 000
44 123 000
44 124 000
44 125 000
44 126 000
44 127 000
44 128 000
44 129 000
44 130 000
44 131 000
44 132 000
44 133 000
44 134 000
44 135 000
44 136 000
44 137 000
44 138 000
44 139 000
44 140 000
44 141 000
44 142 000
44 143 000
44 144 000
44 145 000
44 146 000
44 147 000
44 148 000
44 149 000
44 150 000
44 151 000
44 152 000
44 153 000
44 154 000
44 155 000
44 156 000
44 157 000
44 158 000
44 159 000
44 160 000
44 161 000
44 162 000
44 163 000
44 164 000
44 165 000
44 166 000
44 167 000
44 168 000
44 169 000
44 170 000
44 171 000
44 172 000
44 173 000
44 174 000
44 175 000
44 176 000
44 177 000
44 178 000
44 179 000
44 180 000
44 181 000
44 182 000
44 183 000
44 184 000
44 185 000
44 186 000
44 187 000
44 188 000
44 189 000
44 190 000
44 191 000
44 192 000
44 193 000
44 194 000
44 195 000
44 196 000
44 197 000
44 198 000
44 199 000
44 200 000
44 201 000
44 202 000
44 203 000
44 204 000
44 205 000
44 206 000
44 207 000
44 208 000
44 209 000
44 210 000
44 211 000
44 212 000
44 213 000
44 214 000
44 215 000
44 216 000
44 217 000
44 218 000
44 219 000
44 220 000
44 221 000
44 222 000
44 223 000
44 224 000
44 225 000
44 226 000
44 227 000
44 228 000
44 229 000
44 230 000
44 231 000
44 232 000
44 233 000
44 234 000
44 235 000
44 236 000
44 237 000
44 238 000
44 239 000
44 240 000
44 241 000
44 242 000
44 243 000
44 244 000
44 245 000
44 246 000
44 247 000
44 248 000
44 249 000
44 250 000
44 251 000
44 252 000
44 253 000
44 254 000
44 255 000
44 256 000
44 257 000
44 258 000
44 259 000
44 260 000
44 261 000
44 262 000
44 263 000
44 264 000
44 265 000
44 266 000
44 267 000
44 268 000
44 269 000
44 270 000
44 271 000
44 272 000
44 273 000
44 274 000
44 275 000
44 276 000
44 277 000
44 278 000
44 279 000
44 280 000
44 281 000
44 282 000
44 283 000
44 284 000
44 285 000
44 286 000
44 287 000
44 288 000
44 289 000
44 290 000
44 291 000
44 292 000
44 293 000
44 294 000
44 295 000
44 296 000
44 297 000
44 298 000
44 299 000
44 300 000
44 301 000
44 302 000
44 303 000
44 304 000
44 305 000
44 306 000
44 307 000
44 308 000
44 309 000
44 310 000
44 311 000
44 312 000
44 313 000
44 314 000
44 315 000
44 316 000
44 317 000
44 318 000
44 319 000
45 0 000
45 1 000
45 2 000
45 3 000
45 4 000
45 5 000
45 6 000
45 7 000
45 8 000
45 9 000
45 10 000
45 11 000
45 12 000
45 13 000
45 14 000
45 15 000
45 16 000
45 17 000
45 18 000
45 19 000
45 20 000
45 21 000
45 22 000
45 23 000
45 24 000
45 25 000
45 26 000
45 27 000
45 28 000
45 29 000
45 30 000
45 31 000
45 32 000
45 33 000
45 34 000
45 35 000
45 36 000
45 37 000
45 38 000
45 39 000
45 40 000
45 41 000
45 42 000
45 43 000
45 44 000
45 45 000
45 46 000
45 47 000
45 48 000
45 49 000
45 50 000
45 51 000
45 52 000
45 53 000
45 54 000
45 55 000
45 56 000
45 57 000
45 58 000
45 59 000
45 60 000
45 61 000
45 62 000
45 63 000
45 64 000
45 65 000
45 66 000
45 67 000
45 68 000
45 69 000
45 70 000
45 71 000
45 72 000
45 73 000
45 74 000
45 75 000
45 76 000
45 77 000
45 78 000
45 79 000
45 80 000
45 81 000
45 82 000
45 83 000
45 84 000
45 85 000
45 86 000
45 87 000
45 88 000
45 89 000
45 90 000
45 91 000
45 92 000
45 93 000
45 94 000
45 95 000
45 96 000
45 97 000
45 98 000
45 99 000
45 100 000
45 101 000
45 102 000
45 103 000
45 104 000
45 105 000
45 106 000
45 107 000
45 108 000
45 109 000
45 110 000
45 111 000
45 112 000
45 113 000
45 114 000
45 115 000
45 116 000
45 117 000
45 118 000
45 119 000
45 120 000
45 121 000
45 122 000
45 123 000
45 124 000
45 125 000
45 126 000
45 127 000
45 128 000
45 129 000
45 130 000
45 131 000
45 132 000
45 133 000
45 134 000
45 135 000
45 136 000
45 137 000
45 138 000
45 139 000
45 140 000
45 141 000
45 142 000
45 143 000
45 144 000
45 145 000
45 146 000
45 147 000
45 148 000
45 149 000
45 150 000
45 151 000
45 152 000
45 153 000
45 154 000
45 155 000
45 156 000
45 157 000
45 158 000
45 159 000
45 160 000
45 161 000
45 162 000
45 163 000
45 164 000
45 165 000
45 166 000
45 167 000
45 168 000
45 169 000
45 170 000
45 171 000
45 172 000
45 173 000
45 174 000
45 175 000
45 176 000
45 177 000
45 178 000
45 179 000
45 180 000
45 181 000
45 182 000
45 183 000
45 184 000
45 185 000
45 186 000
45 187 000
45 188 000
45 189 000
45 190 000
45 191 000
45 192 000
45 193 000
45 194 000
45 195 000
45 196 000
45 197 000
45 198 000
45 199 000
45 200 000
45 201 000
45 202 000
45 203 000
45 204 000
45 205 000
45 206 000
45 207 000
45 208 000
45 209 000
45 210 000
45 211 000
45 212 000
45 213 000
45 214 000
45 215 000
45 216 000
45 217 000
45 218 000
45 219 000
45 220 000
45 221 000
45 222 000
45 223 000
45 224 000
45 225 000
45 226 000
45 227 000
45 228 000
45 229 000
45 230 000
45 231 000
45 232 000
45 233 000
45 234 000
45 235 000
45 236 000
45 237 000
45 238 000
45 239 000
45 240 000
45 241 000
45 242 000
45 243 000
45 244 000
45 245 000
45 246 000
45 247 000
45 248 000
45 249 000
45 250 000
45 251 000
45 252 000
45 253 000
45 254 000
45 255 000
45 256 000
45 257 000
45 258 000
45 259 000
45 260 000
45 261 000
45 262 000
45 263 000
45 264 000
45 265 000
45 266 000
45 267 000
45 268 000
45 269 000
45 270 000
45 271 000
45 272 000
45 273 000
45 274 000
45 275 000
45 276 000
45 277 000
45 278 000
45 279 000
45 280 000
45 281 000
45 282 000
45 283 000
45 284 000
45 285 000
45 286 000
45 287 000
45 288 000
45 289 000
45 290 000
45 291 000
45 292 000
45 293 000
45 294 000
45 295 000
45 296 000
45 297 000
45 298 000
45 299 000
45 300 000
45 301 000
45 302 000
45 303 000
45 304 000
45 305 000
45 306 000
45 307 000
45 308 000
45 309 000
45 310 000
45 311 000
45 312 000
45 313 000
45 314 000
45 315 000
45 316 000
45 317 000
45 318 000
45 319 000
46 0 000
46 1 000
46 2 000
46 3 000
46 4 000
46 5 000
46 6 000
46 7 000
46 8 000
46 9 000
46 10 000
46 11 000
46 12 000
46 13 000
46 14 000
46 15 000
46 16 000
46 17 000
46 18 000
46 19 000
46 20 000
46 21 000
46 22 000
46 23 000
46 24 000
46 25 000
46 26 000
46 27 000
46 28 000
46 29 000
46 30 000
46 31 000
46 32 000
46 33 000
46 34 000
46 35 000
46 36 000
46 37 000
46 38 000
46 39 000
46 40 000
46 41 000
46 42 000
46 43 000
46 44 000
46 45 000
46 46 000
46 47 000
46 48 000
46 49 000
46 50 000
46 51 000
46 52 000
46 53 000
46 54 000
46 55 000
46 56 000
46 57 000
46 58 000
46 59 000
46 60 000
46 61 000
46 62 000
46 63 000
46 64 000
46 65 000
46 66 000
46 67 000
46 68 000
46 69 000
46 70 000
46 71 000
46 72 000
46 73 000
46 74 000
46 75 000
46 76 000
46 77 000
46 78 000
46 79 000
46 80 000
46 81 000
46 82 000
46 83 000
46 84 000
46 85 000
46 86 000
46 87 000
46 88 000
46 89 000
46 90 000
46 91 000
46 92 000
46 93 000
46 94 000
46 95 000
46 96 000
46 97 000
46 98 000
46 99 000
46 100 000
46 101 000
46 102 000
46 103 000
46 104 000
46 105 000
46 106 000
46 107 000
46 108 000
46 109 000
46 110 000
46 111 000
46 112 000
46 113 000
46 114 000
46 115 000
46 116 000
46 117 000
46 118 000
46 119 000
46 120 000
46 121 000
46 122 000
46 123 000
46 124 000
46 125 000
46 126 000
46 127 000
46 128 000
46 129 000
46 130 000
46 131 000
46 132 000
46 133 000
46 134 000
46 135 000
46 136 000
46 137 000
46 138 000
46 139 000
46 140 000
46 141 000
46 142 000
46 143 000
46 144 000
46 145 000
46 146 000
46 147 000
46 148 000
46 149 000
46 150 000
46 151 000
46 152 000
46 153 000
46 154 000
46 155 000
46 156 000
46 157 000
46 158 000
46 159 000
46 160 000
46 161 000
46 162 000
46 163 000
46 164 000
46 165 000
46 166 000
46 167 000
46 168 000
46 169 000
46 170 000
46 171 000
46 172 000
46 173 000
46 174 000
46 175 000
46 176 000
46 177 000
46 178 000
46 179 000
46 180 000
46 181 000
46 182 000
46 183 000
46 184 000
46 185 000
46 186 000
46 187 000
46 188 000
46 189 000
46 190 000
46 191 000
46 192 000
46 193 000
46 194 000
46 195 000
46 196 000
46 197 000
46 198 000
46 199 000
46 200 000
46 201 000
46 202 000
46 203 000
46 204 000
46 205 000
46 206 000
46 207 000
46 208 000
46 209 000
46 210 000
46 211 000
46 212 000
46 213 000
46 214 000
46 215 000
46 216 000
46 217 000
46 218 000
46 219 000
46 220 000
46 221 000
46 222 000
46 223 000
46 224 000
46 225 000
46 226 000
46 227 000
46 228 000
46 229 000
46 230 000
46 231 000
46 232 000
46 233 000
46 234 000
46 235 000
46 236 000
46 237 000
46 238 000
46 239 000
46 240 000
46 241 000
46 242 000
46 243 000
46 244 000
46 245 000
46 246 000
46 247 000
46 248 000
46 249 000
46 250 000
46 251 000
46 252 000
46 253 000
46 254 000
46 255 000
46 256 000
46 257 000
46 258 000
46 259 000
46 260 000
46 261 000
46 262 000
46 263 000
46 264 000
46 265 000
46 266 000
46 267 000
46 268 000
46 269 000
46 270 000
46 271 000
46 272 000
46 273 000
46 274 000
46 275 000
46 276 000
46 277 000
46 278 000
46 279 000
46 280 000
46 281 000
46 282 000
46 283 000
46 284 000
46 285 000
46 286 000
46 287 000
46 288 000
46 289 000
46 290 000
46 291 000
46 292 000
46 293 000
46 294 000
46 295 000
46 296 000
46 297 000
46 298 000
46 299 000
46 300 000
46 301 000
46 302 000
46 303 000
46 304 000
46 305 000
46 306 000
46 307 000
46 308 000
46 309 000
46 310 000
46 311 000
46 312 000
46 313 000
46 314 000
46 315 000
46 316 000
46 317 000
46 318 000
46 319 000
47 0 000
47 1 000
47 2 000
47 3 000
47 4 000
47 5 000
47 6 000
47 7 000
47 8 000
47 9 000
47 10 000
47 11 000
47 12 000
47 13 000
47 14 000
47 15 000
47 16 000
47 17 000
47 18 000
47 19 000
47 20 000
47 21 000
47 22 000
47 23 000
47 24 000
47 25 000
47 26 000
47 27 000
47 28 000
47 29 000
47 30 000
47 31 000
47 32 000
47 33 000
47 34 000
47 35 000
47 36 000
47 37 000
47 38 000
47 39 000
47 40 000
47 41 000
47 42 000
47 43 000
47 44 000
47 45 000
47 46 000
47 47 000
47 48 000
47 49 000
47 50 000
47 51 000
47 52 000
47 53 000
47 54 000
47 55 000
47 56 000
47 57 000
47 58 000
47 59 000
47 60 000
47 61 000
47 62 000
47 63 000
47 64 000
47 65 000
47 66 000
47 67 000
47 68 000
47 69 000
47 70 000
47 71 000
47 72 000
47 73 000
47 74 000
47 75 000
47 76 000
47 77 000
47 78 000
47 79 000
47 80 000
47 81 000
47 82 000
47 83 000
47 84 000
47 85 000
47 86 000
47 87 000
47 88 000
47 89 000
47 90 000
47 91 000
47 92 000
47 93 000
47 94 000
47 95 000
47 96 000
47 97 000
47 98 000
47 99 000
47 100 000
47 101 000
47 102 000
47 103 000
47 104 000
47 105 000
47 106 000
47 107 000
47 108 000
47 109 000
47 110 000
47 111 000
47 112 000
47 113 000
47 114 000
47 115 000
47 116 000
47 117 000
47 118 000
47 119 000
47 120 000
47 121 000
47 122 000
47 123 000
47 124 000
47 125 000
47 126 000
47 127 000
47 128 000
47 129 000
47 130 000
47 131 000
47 132 000
47 133 000
47 134 000
47 135 000
47 136 000
47 137 000
47 138 000
47 139 000
47 140 000
47 141 000
47 142 000
47 143 000
47 144 000
47 145 000
47 146 000
47 147 000
47 148 000
47 149 000
47 150 000
47 151 000
47 152 000
47 153 000
47 154 000
47 155 000
47 156 000
47 157 000
47 158 000
47 159 000
47 160 000
47 161 000
47 162 000
47 163 000
47 164 000
47 165 000
47 166 000
47 167 000
47 168 000
47 169 000
47 170 000
47 171 000
47 172 000
47 173 000
47 174 000
47 175 000
47 176 000
47 177 000
47 178 000
47 179 000
47 180 000
47 181 000
47 182 000
47 183 000
47 184 000
47 185 000
47 186 000
47 187 000
47 188 000
47 189 000
47 190 000
47 191 000
47 192 000
47 193 000
47 194 000
47 195 000
47 196 000
47 197 000
47 198 000
47 199 000
47 200 000
47 201 000
47 202 000
47 203 000
47 204 000
47 205 000
47 206 000
47 207 000
47 208 000
47 209 000
47 210 000
47 211 000
47 212 000
47 213 000
47 214 000
47 215 000
47 216 000
47 217 000
47 218 000
47 219 000
47 220 000
47 221 000
47 222 000
47 223 000
47 224 000
47 225 000
47 226 000
47 227 000
47 228 000
47 229 000
47 230 000
47 231 000
47 232 000
47 233 000
47 234 000
47 235 000
47 236 000
47 237 000
47 238 000
47 239 000
47 240 000
47 241 000
47 242 000
47 243 000
47 244 000
47 245 000
47 246 000
47 247 000
47 248 000
47 249 000
47 250 000
47 251 000
47 252 000
47 253 000
47 254 000
47 255 000
47 256 000
47 257 000
47 258 000
47 259 000
47 260 000
47 261 000
47 262 000
47 263 000
47 264 000
47 265 000
47 266 000
47 267 000
47 268 000
47 269 000
47 270 000
47 271 000
47 272 000
47 273 000
47 274 000
47 275 000
47 276 000
47 277 000
47 278 000
47 279 000
47 280 000
47 281 000
47 282 000
47 283 000
47 284 000
47 285 000
47 286 000
47 287 000
47 288 000
47 289 000
47 290 000
47 291 000
47 292 000
47 293 000
47 294 000
47 295 000
47 296 000
47 297 000
47 298 000
47 299 000
47 300 000
47 301 000
47 302 000
47 303 000
47 304 000
47 305 000
47 306 000
47 307 000
47 308 000
47 309 000
47 310 000
47 311 000
47 312 000
47 313 000
47 314 000
47 315 000
47 316 000
47 317 000
47 318 000
47 319 000
48 0 000
48 1 000
48 2 000
48 3 000
48 4 000
48 5 000
48 6 000
48 7 000
48 8 000
48 9 000
48 10 000
48 11 000
48 12 000
48 13 000
48 14 000
48 15 000
48 16 000
48 17 000
48 18 000
48 19 000
48 20 000
48 21 000
48 22 000
48 23 000
48 24 000
48 25 000
48 26 000
48 27 000
48 28 000
48 29 000
48 30 000
48 31 000
48 32 000
48 33 000
48 34 000
48 35 000
48 36 000
48 37 000
48 38 000
48 39 000
48 40 000
48 41 000
48 42 000
48 43 000
48 44 000
48 45 000
48 46 000
48 47 000
48 48 000
48 49 000
48 50 000
48 51 000
48 52 000
48 53 000
48 54 000
48 55 000
48 56 000
48 57 000
48 58 000
48 59 000
48 60 000
48 61 000
48 62 000
48 63 000
48 64 000
48 65 000
48 66 000
48 67 000
48 68 000
48 69 000
48 70 000
48 71 000
48 72 000
48 73 000
48 74 000
48 75 000
48 76 000
48 77 000
48 78 000
48 79 000
48 80 000
48 81 000
48 82 000
48 83 000
48 84 000
48 85 000
48 86 000
48 87 000
48 88 000
48 89 000
48 90 000
48 91 000
48 92 000
48 93 000
48 94 000
48 95 000
48 96 000
48 97 000
48 98 000
48 99 000
48 100 000
48 101 000
48 102 000
48 103 000
48 104 000
48 105 000
48 106 000
48 107 000
48 108 000
48 109 000
48 110 000
48 111 000
48 112 000
48 113 000
48 114 000
48 115 000
48 116 000
48 117 000
48 118 000
48 119 000
48 120 000
48 121 000
48 122 000
48 123 000
48 124 000
48 125 000
48 126 000
48 127 000
48 128 000
48 129 000
48 130 000
48 131 000
48 132 000
48 133 000
48 134 000
48 135 000
48 136 000
48 137 000
48 138 000
48 139 000
48 140 000
48 141 000
48 142 000
48 143 000
48 144 000
48 145 000
48 146 000
48 147 000
48 148 000
48 149 000
48 150 000
48 151 000
48 152 000
48 153 000
48 154 000
48 155 000
48 156 000
48 157 000
48 158 000
48 159 000
48 160 000
48 161 000
48 162 000
48 163 000
48 164 000
48 165 000
48 166 000
48 167 000
48 168 000
48 169 000
48 170 000
48 171 000
48 172 000
48 173 000
48 174 000
48 175 000
48 176 000
48 177 000
48 178 000
48 179 000
48 180 000
48 181 000
48 182 000
48 183 000
48 184 000
48 185 000
48 186 000
48 187 000
48 188 000
48 189 000
48 190 000
48 191 000
48 192 000
48 193 000
48 194 000
48 195 000
48 196 000
48 197 000
48 198 000
48 199 000
48 200 000
48 201 000
48 202 000
48 203 000
48 204 000
48 205 000
48 206 000
48 207 000
48 208 000
48 209 000
48 210 000
48 211 000
48 212 000
48 213 000
48 214 000
48 215 000
48 216 000
48 217 000
48 218 000
48 219 000
48 220 000
48 221 000
48 222 000
48 223 000
48 224 000
48 225 000
48 226 000
48 227 000
48 228 000
48 229 000
48 230 000
48 231 000
48 232 000
48 233 000
48 234 000
48 235 000
48 236 000
48 237 000
48 238 000
48 239 000
48 240 000
48 241 000
48 242 000
48 243 000
48 244 000
48 245 000
48 246 000
48 247 000
48 248 000
48 249 000
48 250 000
48 251 000
48 252 000
48 253 000
48 254 000
48 255 000
48 256 000
48 257 000
48 258 000
48 259 000
48 260 000
48 261 000
48 262 000
48 263 000
48 264 000
48 265 000
48 266 000
48 267 000
48 268 000
48 269 000
48 270 000
48 271 000
48 272 000
48 273 000
48 274 000
48 275 000
48 276 000
48 277 000
48 278 000
48 279 000
48 280 000
48 281 000
48 282 000
48 283 000
48 284 000
48 285 000
48 286 000
48 287 000
48 288 000
48 289 000
48 290 000
48 291 000
48 292 000
48 293 000
48 294 000
48 295 000
48 296 000
48 297 000
48 298 000
48 299 000
48 300 000
48 301 000
48 302 000
48 303 000
48 304 000
48 305 000
48 306 000
48 307 000
48 308 000
48 309 000
48 310 000
48 311 000
48 312 000
48 313 000
48 314 000
48 315 000
48 316 000
48 317 000
48 318 000
48 319 000
49 0 000
49 1 000
49 2 000
49 3 000
49 4 000
49 5 000
49 6 000
49 7 000
49 8 000
49 9 000
49 10 000
49 11 000
49 12 000
49 13 000
49 14 000
49 15 000
49 16 000
49 17 000
49 18 000
49 19 000
49 20 000
49 21 000
49 22 000
49 23 000
49 24 000
49 25 000
49 26 000
49 27 000
49 28 000
49 29 000
49 30 000
49 31 000
49 32 000
49 33 000
49 34 000
49 35 000
49 36 000
49 37 000
49 38 000
49 39 000
49 40 000
49 41 000
49 42 000
49 43 000
49 44 000
49 45 000
49 46 000
49 47 000
49 48 000
49 49 000
49 50 000
49 51 000
49 52 000
49 53 000
49 54 000
49 55 000
49 56 000
49 57 000
49 58 000
49 59 000
49 60 000
49 61 000
49 62 000
49 63 000
49 64 000
49 65 000
49 66 000
49 67 000
49 68 000
49 69 000
49 70 000
49 71 000
49 72 000
49 73 000
49 74 000
49 75 000
49 76 000
49 77 000
49 78 000
49 79 000
49 80 000
49 81 000
49 82 000
49 83 000
49 84 000
49 85 000
49 86 000
49 87 000
49 88 000
49 89 000
49 90 000
49 91 000
49 92 000
49 93 000
49 94 000
49 95 000
49 96 000
49 97 000
49 98 000
49 99 000
49 100 000
49 101 000
49 102 000
49 103 000
49 104 000
49 105 000
49 106 000
49 107 000
49 108 000
49 109 000
49 110 000
49 111 000
49 112 000
49 113 000
49 114 000
49 115 000
49 116 000
49 117 000
49 118 000
49 119 000
49 120 000
49 121 000
49 122 000
49 123 000
49 124 000
49 125 000
49 126 000
49 127 000
49 128 000
49 129 000
49 130 000
49 131 000
49 132 000
49 133 000
49 134 000
49 135 000
49 136 000
49 137 000
49 138 000
49 139 000
49 140 000
49 141 000
49 142 000
49 143 000
49 144 000
49 145 000
49 146 000
49 147 000
49 148 000
49 149 000
49 150 000
49 151 000
49 152 000
49 153 000
49 154 000
49 155 000
49 156 000
49 157 000
49 158 000
49 159 000
49 160 000
49 161 000
49 162 000
49 163 000
49 164 000
49 165 000
49 166 000
49 167 000
49 168 000
49 169 000
49 170 000
49 171 000
49 172 000
49 173 000
49 174 000
49 175 000
49 176 000
49 177 000
49 178 000
49 179 000
49 180 000
49 181 000
49 182 000
49 183 000
49 184 000
49 185 000
49 186 000
49 187 000
49 188 000
49 189 000
49 190 000
49 191 000
49 192 000
49 193 000
49 194 000
49 195 000
49 196 000
49 197 000
49 198 000
49 199 000
49 200 000
49 201 000
49 202 000
49 203 000
49 204 000
49 205 000
49 206 000
49 207 000
49 208 000
49 209 000
49 210 000
49 211 000
49 212 000
49 213 000
49 214 000
49 215 000
49 216 000
49 217 000
49 218 000
49 219 000
49 220 000
49 221 000
49 222 000
49 223 000
49 224 000
49 225 000
49 226 000
49 227 000
49 228 000
49 229 000
49 230 000
49 231 000
49 232 000
49 233 000
49 234 000
49 235 000
49 236 000
49 237 000
49 238 000
49 239 000
49 240 000
49 241 000
49 242 000
49 243 000
49 244 000
49 245 000
49 246 000
49 247 000
49 248 000
49 249 000
49 250 000
49 251 000
49 252 000
49 253 000
49 254 000
49 255 000
49 256 000
49 257 000
49 258 000
49 259 000
49 260 000
49 261 000
49 262 000
49 263 000
49 264 000
49 265 000
49 266 000
49 267 000
49 268 000
49 269 000
49 270 000
49 271 000
49 272 000
49 273 000
49 274 000
49 275 000
49 276 000
49 277 000
49 278 000
49 279 000
49 280 000
49 281 000
49 282 000
49 283 000
49 284 000
49 285 000
49 286 000
49 287 000
49 288 000
49 289 000
49 290 000
49 291 000
49 292 000
49 293 000
49 294 000
49 295 000
49 296 000
49 297 000
49 298 000
49 299 000
49 300 000
49 301 000
49 302 000
49 303 000
49 304 000
49 305 000
49 306 000
49 307 000
49 308 000
49 309 000
49 310 000
49 311 000
49 312 000
49 313 000
49 314 000
49 315 000
49 316 000
49 317 000
49 318 000
49 319 000
50 0 000
50 1 000
50 2 000
50 3 000
50 4 000
50 5 000
50 6 000
50 7 000
50 8 000
50 9 000
50 10 000
50 11 000
50 12 000
50 13 000
50 14 000
50 15 000
50 16 000
50 17 000
50 18 000
50 19 000
50 20 000
50 21 000
50 22 000
50 23 000
50 24 000
50 25 000
50 26 000
50 27 000
50 28 000
50 29 000
50 30 000
50 31 000
50 32 000
50 33 000
50 34 000
50 35 000
50 36 000
50 37 000
50 38 000
50 39 000
50 40 000
50 41 000
50 42 000
50 43 000
50 44 000
50 45 000
50 46 000
50 47 000
50 48 000
50 49 000
50 50 000
50 51 000
50 52 000
50 53 000
50 54 000
50 55 000
50 56 000
50 57 000
50 58 000
50 59 000
50 60 000
50 61 000
50 62 000
50 63 000
50 64 000
50 65 000
50 66 000
50 67 000
50 68 000
50 69 000
50 70 000
50 71 000
50 72 000
50 73 000
50 74 000
50 75 000
50 76 000
50 77 000
50 78 000
50 79 000
50 80 000
50 81 000
50 82 000
50 83 000
50 84 000
50 85 000
50 86 000
50 87 000
50 88 000
50 89 000
50 90 000
50 91 000
50 92 000
50 93 000
50 94 000
50 95 000
50 96 000
50 97 000
50 98 000
50 99 000
50 100 000
50 101 000
50 102 000
50 103 000
50 104 000
50 105 000
50 106 000
50 107 000
50 108 000
50 109 000
50 110 000
50 111 000
50 112 000
50 113 000
50 114 000
50 115 000
50 116 000
50 117 000
50 118 000
50 119 000
50 120 000
50 121 000
50 122 000
50 123 000
50 124 000
50 125 000
50 126 000
50 127 000
50 128 000
50 129 000
50 130 000
50 131 000
50 132 000
50 133 000
50 134 000
50 135 000
50 136 000
50 137 000
50 138 000
50 139 000
50 140 000
50 141 000
50 142 000
50 143 000
50 144 000
50 145 000
50 146 000
50 147 000
50 148 000
50 149 000
50 150 000
50 151 000
50 152 000
50 153 000
50 154 000
50 155 000
50 156 000
50 157 000
50 158 000
50 159 000
50 160 000
50 161 000
50 162 000
50 163 000
50 164 000
50 165 000
50 166 000
50 167 000
50 168 000
50 169 000
50 170 000
50 171 000
50 172 000
50 173 000
50 174 000
50 175 000
50 176 000
50 177 000
50 178 000
50 179 000
50 180 000
50 181 000
50 182 000
50 183 000
50 184 000
50 185 000
50 186 000
50 187 000
50 188 000
50 189 000
50 190 000
50 191 000
50 192 000
50 193 000
50 194 000
50 195 000
50 196 000
50 197 000
50 198 000
50 199 000
50 200 000
50 201 000
50 202 000
50 203 000
50 204 000
50 205 000
50 206 000
50 207 000
50 208 000
50 209 000
50 210 000
50 211 000
50 212 000
50 213 000
50 214 000
50 215 000
50 216 000
50 217 000
50 218 000
50 219 000
50 220 000
50 221 000
50 222 000
50 223 000
50 224 000
50 225 000
50 226 000
50 227 000
50 228 000
50 229 000
50 230 000
50 231 000
50 232 000
50 233 000
50 234 000
50 235 000
50 236 000
50 237 000
50 238 000
50 239 000
50 240 000
50 241 000
50 242 000
50 243 000
50 244 000
50 245 000
50 246 000
50 247 000
50 248 000
50 249 000
50 250 000
50 251 000
50 252 000
50 253 000
50 254 000
50 255 000
50 256 000
50 257 000
50 258 000
50 259 000
50 260 000
50 261 000
50 262 000
50 263 000
50 264 000
50 265 000
50 266 000
50 267 000
50 268 000
50 269 000
50 270 000
50 271 000
50 272 000
50 273 000
50 274 000
50 275 000
50 276 000
50 277 000
50 278 000
50 279 000
50 280 000
50 281 000
50 282 000
50 283 000
50 284 000
50 285 000
50 286 000
50 287 000
50 288 000
50 289 000
50 290 000
50 291 000
50 292 000
50 293 000
50 294 000
50 295 000
50 296 000
50 297 000
50 298 000
50 299 000
50 300 000
50 301 000
50 302 000
50 303 000
50 304 000
50 305 000
50 306 000
50 307 000
50 308 000
50 309 000
50 310 000
50 311 000
50 312 000
50 313 000
50 314 000
50 315 000
50 316 000
50 317 000
50 318 000
50 319 000
51 0 000
51 1 000
51 2 000
51 3 000
51 4 000
51 5 000
51 6 000
51 7 000
51 8 000
51 9 000
51 10 000
51 11 000
51 12 000
51 13 000
51 14 000
51 15 000
51 16 000
51 17 000
51 18 000
51 19 000
51 20 000
51 21 000
51 22 000
51 23 000
51 24 000
51 25 000
51 26 000
51 27 000
51 28 000
51 29 000
51 30 000
51 31 000
51 32 000
51 33 000
51 34 000
51 35 000
51 36 000
51 37 000
51 38 000
51 39 000
51 40 000
51 41 000
51 42 000
51 43 000
51 44 000
51 45 000
51 46 000
51 47 000
51 48 000
51 49 000
51 50 000
51 51 000
51 52 000
51 53 000
51 54 000
51 55 000
51 56 000
51 57 000
51 58 000
51 59 000
51 60 000
51 61 000
51 62 000
51 63 000
51 64 000
51 65 000
51 66 000
51 67 000
51 68 000
51 69 000
51 70 000
51 71 000
51 72 000
51 73 000
51 74 000
51 75 000
51 76 000
51 77 000
51 78 000
51 79 000
51 80 000
51 81 000
51 82 000
51 83 000
51 84 000
51 85 000
51 86 000
51 87 000
51 88 000
51 89 000
51 90 000
51 91 000
51 92 000
51 93 000
51 94 000
51 95 000
51 96 000
51 97 000
51 98 000
51 99 000
51 100 000
51 101 000
51 102 000
51 103 000
51 104 000
51 105 000
51 106 000
51 107 000
51 108 000
51 109 000
51 110 000
51 111 000
51 112 000
51 113 000
51 114 000
51 115 000
51 116 000
51 117 000
51 118 000
51 119 000
51 120 000
51 121 000
51 122 000
51 123 000
51 124 000
51 125 000
51 126 000
51 127 000
51 128 000
51 129 000
51 130 000
51 131 000
51 132 000
51 133 000
51 134 000
51 135 000
51 136 000
51 137 000
51 138 000
51 139 000
51 140 000
51 141 000
51 142 000
51 143 000
51 144 000
51 145 000
51 146 000
51 147 000
51 148 000
51 149 000
51 150 000
51 151 000
51 152 000
51 153 000
51 154 000
51 155 000
51 156 000
51 157 000
51 158 000
51 159 000
51 160 000
51 161 000
51 162 000
51 163 000
51 164 000
51 165 000
51 166 000
51 167 000
51 168 000
51 169 000
51 170 000
51 171 000
51 172 000
51 173 000
51 174 000
51 175 000
51 176 000
51 177 000
51 178 000
51 179 000
51 180 000
51 181 000
51 182 000
51 183 000
51 184 000
51 185 000
51 186 000
51 187 000
51 188 000
51 189 000
51 190 000
51 191 000
51 192 000
51 193 000
51 194 000
51 195 000
51 196 000
51 197 000
51 198 000
51 199 000
51 200 000
51 201 000
51 202 000
51 203 000
51 204 000
51 205 000
51 206 000
51 207 000
51 208 000
51 209 000
51 210 000
51 211 000
51 212 000
51 213 000
51 214 000
51 215 000
51 216 000
51 217 000
51 218 000
51 219 000
51 220 000
51 221 000
51 222 000
51 223 000
51 224 000
51 225 000
51 226 000
51 227 000
51 228 000
51 229 000
51 230 000
51 231 000
51 232 000
51 233 000
51 234 000
51 235 000
51 236 000
51 237 000
51 238 000
51 239 000
51 240 000
51 241 000
51 242 000
51 243 000
51 244 000
51 245 000
51 246 000
51 247 000
51 248 000
51 249 000
51 250 000
51 251 000
51 252 000
51 253 000
51 254 000
51 255 000
51 256 000
51 257 000
51 258 000
51 259 000
51 260 000
51 261 000
51 262 000
51 263 000
51 264 000
51 265 000
51 266 000
51 267 000
51 268 000
51 269 000
51 270 000
51 271 000
51 272 000
51 273 000
51 274 000
51 275 000
51 276 000
51 277 000
51 278 000
51 279 000
51 280 000
51 281 000
51 282 000
51 283 000
51 284 000
51 285 000
51 286 000
51 287 000
51 288 000
51 289 000
51 290 000
51 291 000
51 292 000
51 293 000
51 294 000
51 295 000
51 296 000
51 297 000
51 298 000
51 299 000
51 300 000
51 301 000
51 302 000
51 303 000
51 304 000
51 305 000
51 306 000
51 307 000
51 308 000
51 309 000
51 310 000
51 311 000
51 312 000
51 313 000
51 314 000
51 315 000
51 316 000
51 317 000
51 318 000
51 319 000
52 0 000
52 1 000
52 2 000
52 3 000
52 4 000
52 5 000
52 6 000
52 7 000
52 8 000
52 9 000
52 10 000
52 11 000
52 12 000
52 13 000
52 14 000
52 15 000
52 16 000
52 17 000
52 18 000
52 19 000
52 20 000
52 21 000
52 22 000
52 23 000
52 24 000
52 25 000
52 26 000
52 27 000
52 28 000
52 29 000
52 30 000
52 31 000
52 32 000
52 33 000
52 34 000
52 35 000
52 36 000
52 37 000
52 38 000
52 39 000
52 40 000
52 41 000
52 42 000
52 43 000
52 44 000
52 45 000
52 46 000
52 47 000
52 48 000
52 49 000
52 50 000
52 51 000
52 52 000
52 53 000
52 54 000
52 55 000
52 56 000
52 57 000
52 58 000
52 59 000
52 60 000
52 61 000
52 62 000
52 63 000
52 64 000
52 65 000
52 66 000
52 67 000
52 68 000
52 69 000
52 70 000
52 71 000
52 72 000
52 73 000
52 74 000
52 75 000
52 76 000
52 77 000
52 78 000
52 79 000
52 80 000
52 81 000
52 82 000
52 83 000
52 84 000
52 85 000
52 86 000
52 87 000
52 88 000
52 89 000
52 90 000
52 91 000
52 92 000
52 93 000
52 94 000
52 95 000
52 96 000
52 97 000
52 98 000
52 99 000
52 100 000
52 101 000
52 102 000
52 103 000
52 104 000
52 105 000
52 106 000
52 107 000
52 108 000
52 109 000
52 110 000
52 111 000
52 112 000
52 113 000
52 114 000
52 115 000
52 116 000
52 117 000
52 118 000
52 119 000
52 120 000
52 121 000
52 122 000
52 123 000
52 124 000
52 125 000
52 126 000
52 127 000
52 128 000
52 129 000
52 130 000
52 131 000
52 132 000
52 133 000
52 134 000
52 135 000
52 136 000
52 137 000
52 138 000
52 139 000
52 140 000
52 141 000
52 142 000
52 143 000
52 144 000
52 145 000
52 146 000
52 147 000
52 148 000
52 149 000
52 150 000
52 151 000
52 152 000
52 153 000
52 154 000
52 155 000
52 156 000
52 157 000
52 158 000
52 159 000
52 160 000
52 161 000
52 162 000
52 163 000
52 164 000
52 165 000
52 166 000
52 167 000
52 168 000
52 169 000
52 170 000
52 171 000
52 172 000
52 173 000
52 174 000
52 175 000
52 176 000
52 177 000
52 178 000
52 179 000
52 180 000
52 181 000
52 182 000
52 183 000
52 184 000
52 185 000
52 186 000
52 187 000
52 188 000
52 189 000
52 190 000
52 191 000
52 192 000
52 193 000
52 194 000
52 195 000
52 196 000
52 197 000
52 198 000
52 199 000
52 200 000
52 201 000
52 202 000
52 203 000
52 204 000
52 205 000
52 206 000
52 207 000
52 208 000
52 209 000
52 210 000
52 211 000
52 212 000
52 213 000
52 214 000
52 215 000
52 216 000
52 217 000
52 218 000
52 219 000
52 220 000
52 221 000
52 222 000
52 223 000
52 224 000
52 225 000
52 226 000
52 227 000
52 228 000
52 229 000
52 230 000
52 231 000
52 232 000
52 233 000
52 234 000
52 235 000
52 236 000
52 237 000
52 238 000
52 239 000
52 240 000
52 241 000
52 242 000
52 243 000
52 244 000
52 245 000
52 246 000
52 247 000
52 248 000
52 249 000
52 250 000
52 251 000
52 252 000
52 253 000
52 254 000
52 255 000
52 256 000
52 257 000
52 258 000
52 259 000
52 260 000
52 261 000
52 262 000
52 263 000
52 264 000
52 265 000
52 266 000
52 267 000
52 268 000
52 269 000
52 270 000
52 271 000
52 272 000
52 273 000
52 274 000
52 275 000
52 276 000
52 277 000
52 278 000
52 279 000
52 280 000
52 281 000
52 282 000
52 283 000
52 284 000
52 285 000
52 286 000
52 287 000
52 288 000
52 289 000
52 290 000
52 291 000
52 292 000
52 293 000
52 294 000
52 295 000
52 296 000
52 297 000
52 298 000
52 299 000
52 300 000
52 301 000
52 302 000
52 303 000
52 304 000
52 305 000
52 306 000
52 307 000
52 308 000
52 309 000
52 310 000
52 311 000
52 312 000
52 313 000
52 314 000
52 315 000
52 316 000
52 317 000
52 318 000
52 319 000
53 0 000
53 1 000
53 2 000
53 3 000
53 4 000
53 5 000
53 6 000
53 7 000
53 8 000
53 9 000
53 10 000
53 11 000
53 12 000
53 13 000
53 14 000
53 15 000
53 16 000
53 17 000
53 18 000
53 19 000
53 20 000
53 21 000
53 22 000
53 23 000
53 24 000
53 25 000
53 26 000
53 27 000
53 28 000
53 29 000
53 30 000
53 31 000
53 32 000
53 33 000
53 34 000
53 35 000
53 36 000
53 37 000
53 38 000
53 39 000
53 40 000
53 41 000
53 42 000
53 43 000
53 44 000
53 45 000
53 46 000
53 47 000
53 48 000
53 49 000
53 50 000
53 51 000
53 52 000
53 53 000
53 54 000
53 55 000
53 56 000
53 57 000
53 58 000
53 59 000
53 60 000
53 61 000
53 62 000
53 63 000
53 64 000
53 65 000
53 66 000
53 67 000
53 68 000
53 69 000
53 70 000
53 71 000
53 72 000
53 73 000
53 74 000
53 75 000
53 76 000
53 77 000
53 78 000
53 79 000
53 80 000
53 81 000
53 82 000
53 83 000
53 84 000
53 85 000
53 86 000
53 87 000
53 88 000
53 89 000
53 90 000
53 91 000
53 92 000
53 93 000
53 94 000
53 95 000
53 96 000
53 97 000
53 98 000
53 99 000
53 100 000
53 101 000
53 102 000
53 103 000
53 104 000
53 105 000
53 106 000
53 107 000
53 108 000
53 109 000
53 110 000
53 111 000
53 112 000
53 113 000
53 114 000
53 115 000
53 116 000
53 117 000
53 118 000
53 119 000
53 120 000
53 121 000
53 122 000
53 123 000
53 124 000
53 125 000
53 126 000
53 127 000
53 128 000
53 129 000
53 130 000
53 131 000
53 132 000
53 133 000
53 134 000
53 135 000
53 136 000
53 137 000
53 138 000
53 139 000
53 140 000
53 141 000
53 142 000
53 143 000
53 144 000
53 145 000
53 146 000
53 147 000
53 148 000
53 149 000
53 150 000
53 151 000
53 152 000
53 153 000
53 154 000
53 155 000
53 156 000
53 157 000
53 158 000
53 159 000
53 160 000
53 161 000
53 162 000
53 163 000
53 164 000
53 165 000
53 166 000
53 167 000
53 168 000
53 169 000
53 170 000
53 171 000
53 172 000
53 173 000
53 174 000
53 175 000
53 176 000
53 177 000
53 178 000
53 179 000
53 180 000
53 181 000
53 182 000
53 183 000
53 184 000
53 185 000
53 186 000
53 187 000
53 188 000
53 189 000
53 190 000
53 191 000
53 192 000
53 193 000
53 194 000
53 195 000
53 196 000
53 197 000
53 198 000
53 199 000
53 200 000
53 201 000
53 202 000
53 203 000
53 204 000
53 205 000
53 206 000
53 207 000
53 208 000
53 209 000
53 210 000
53 211 000
53 212 000
53 213 000
53 214 000
53 215 000
53 216 000
53 217 000
53 218 000
53 219 000
53 220 000
53 221 000
53 222 000
53 223 000
53 224 000
53 225 000
53 226 000
53 227 000
53 228 000
53 229 000
53 230 000
53 231 000
53 232 000
53 233 000
53 234 000
53 235 000
53 236 000
53 237 000
53 238 000
53 239 000
53 240 000
53 241 000
53 242 000
53 243 000
53 244 000
53 245 000
53 246 000
53 247 000
53 248 000
53 249 000
53 250 000
53 251 000
53 252 000
53 253 000
53 254 000
53 255 000
53 256 000
53 257 000
53 258 000
53 259 000
53 260 000
53 261 000
53 262 000
53 263 000
53 264 000
53 265 000
53 266 000
53 267 000
53 268 000
53 269 000
53 270 000
53 271 000
53 272 000
53 273 000
53 274 000
53 275 000
53 276 000
53 277 000
53 278 000
53 279 000
53 280 000
53 281 000
53 282 000
53 283 000
53 284 000
53 285 000
53 286 000
53 287 000
53 288 000
53 289 000
53 290 000
53 291 000
53 292 000
53 293 000
53 294 000
53 295 000
53 296 000
53 297 000
53 298 000
53 299 000
53 300 000
53 301 000
53 302 000
53 303 000
53 304 000
53 305 000
53 306 000
53 307 000
53 308 000
53 309 000
53 310 000
53 311 000
53 312 000
53 313 000
53 314 000
53 315 000
53 316 000
53 317 000
53 318 000
53 319 000
54 0 000
54 1 000
54 2 000
54 3 000
54 4 000
54 5 000
54 6 000
54 7 000
54 8 000
54 9 000
54 10 000
54 11 000
54 12 000
54 13 000
54 14 000
54 15 000
54 16 000
54 17 000
54 18 000
54 19 000
54 20 000
54 21 000
54 22 000
54 23 000
54 24 000
54 25 000
54 26 000
54 27 000
54 28 000
54 29 000
54 30 000
54 31 000
54 32 000
54 33 000
54 34 000
54 35 000
54 36 000
54 37 000
54 38 000
54 39 000
54 40 000
54 41 000
54 42 000
54 43 000
54 44 000
54 45 000
54 46 000
54 47 000
54 48 000
54 49 000
54 50 000
54 51 000
54 52 000
54 53 000
54 54 000
54 55 000
54 56 000
54 57 000
54 58 000
54 59 000
54 60 000
54 61 000
54 62 000
54 63 000
54 64 000
54 65 000
54 66 000
54 67 000
54 68 000
54 69 000
54 70 000
54 71 000
54 72 000
54 73 000
54 74 000
54 75 000
54 76 000
54 77 000
54 78 000
54 79 000
54 80 000
54 81 000
54 82 000
54 83 000
54 84 000
54 85 000
54 86 000
54 87 000
54 88 000
54 89 000
54 90 000
54 91 000
54 92 000
54 93 000
54 94 000
54 95 000
54 96 000
54 97 000
54 98 000
54 99 000
54 100 000
54 101 000
54 102 000
54 103 000
54 104 000
54 105 000
54 106 000
54 107 000
54 108 000
54 109 000
54 110 000
54 111 000
54 112 000
54 113 000
54 114 000
54 115 000
54 116 000
54 117 000
54 118 000
54 119 000
54 120 000
54 121 000
54 122 000
54 123 000
54 124 000
54 125 000
54 126 000
54 127 000
54 128 000
54 129 000
54 130 000
54 131 000
54 132 000
54 133 000
54 134 000
54 135 000
54 136 000
54 137 000
54 138 000
54 139 000
54 140 000
54 141 000
54 142 000
54 143 000
54 144 000
54 145 000
54 146 000
54 147 000
54 148 000
54 149 000
54 150 000
54 151 000
54 152 000
54 153 000
54 154 000
54 155 000
54 156 000
54 157 000
54 158 000
54 159 000
54 160 000
54 161 000
54 162 000
54 163 000
54 164 000
54 165 000
54 166 000
54 167 000
54 168 000
54 169 000
54 170 000
54 171 000
54 172 000
54 173 000
54 174 000
54 175 000
54 176 000
54 177 000
54 178 000
54 179 000
54 180 000
54 181 000
54 182 000
54 183 000
54 184 000
54 185 000
54 186 000
54 187 000
54 188 000
54 189 000
54 190 000
54 191 000
54 192 000
54 193 000
54 194 000
54 195 000
54 196 000
54 197 000
54 198 000
54 199 000
54 200 000
54 201 000
54 202 000
54 203 000
54 204 000
54 205 000
54 206 000
54 207 000
54 208 000
54 209 000
54 210 000
54 211 000
54 212 000
54 213 000
54 214 000
54 215 000
54 216 000
54 217 000
54 218 000
54 219 000
54 220 000
54 221 000
54 222 000
54 223 000
54 224 000
54 225 000
54 226 000
54 227 000
54 228 000
54 229 000
54 230 000
54 231 000
54 232 000
54 233 000
54 234 000
54 235 000
54 236 000
54 237 000
54 238 000
54 239 000
54 240 000
54 241 000
54 242 000
54 243 000
54 244 000
54 245 000
54 246 000
54 247 000
54 248 000
54 249 000
54 250 000
54 251 000
54 252 000
54 253 000
54 254 000
54 255 000
54 256 000
54 257 000
54 258 000
54 259 000
54 260 000
54 261 000
54 262 000
54 263 000
54 264 000
54 265 000
54 266 000
54 267 000
54 268 000
54 269 000
54 270 000
54 271 000
54 272 000
54 273 000
54 274 000
54 275 000
54 276 000
54 277 000
54 278 000
54 279 000
54 280 000
54 281 000
54 282 000
54 283 000
54 284 000
54 285 000
54 286 000
54 287 000
54 288 000
54 289 000
54 290 000
54 291 000
54 292 000
54 293 000
54 294 000
54 295 000
54 296 000
54 297 000
54 298 000
54 299 000
54 300 000
54 301 000
54 302 000
54 303 000
54 304 000
54 305 000
54 306 000
54 307 000
54 308 000
54 309 000
54 310 000
54 311 000
54 312 000
54 313 000
54 314 000
54 315 000
54 316 000
54 317 000
54 318 000
54 319 000
55 0 000
55 1 000
55 2 000
55 3 000
55 4 000
55 5 000
55 6 000
55 7 000
55 8 000
55 9 000
55 10 000
55 11 000
55 12 000
55 13 000
55 14 000
55 15 000
55 16 000
55 17 000
55 18 000
55 19 000
55 20 000
55 21 000
55 22 000
55 23 000
55 24 000
55 25 000
55 26 000
55 27 000
55 28 000
55 29 000
55 30 000
55 31 000
55 32 000
55 33 000
55 34 000
55 35 000
55 36 000
55 37 000
55 38 000
55 39 000
55 40 000
55 41 000
55 42 000
55 43 000
55 44 000
55 45 000
55 46 000
55 47 000
55 48 000
55 49 000
55 50 000
55 51 000
55 52 000
55 53 000
55 54 000
55 55 000
55 56 000
55 57 000
55 58 000
55 59 000
55 60 000
55 61 000
55 62 000
55 63 000
55 64 000
55 65 000
55 66 000
55 67 000
55 68 000
55 69 000
55 70 000
55 71 000
55 72 000
55 73 000
55 74 000
55 75 000
55 76 000
55 77 000
55 78 000
55 79 000
55 80 000
55 81 000
55 82 000
55 83 000
55 84 000
55 85 000
55 86 000
55 87 000
55 88 000
55 89 000
55 90 000
55 91 000
55 92 000
55 93 000
55 94 000
55 95 000
55 96 000
55 97 000
55 98 000
55 99 000
55 100 000
55 101 000
55 102 000
55 103 000
55 104 000
55 105 000
55 106 000
55 107 000
55 108 000
55 109 000
55 110 000
55 111 000
55 112 000
55 113 000
55 114 000
55 115 000
55 116 000
55 117 000
55 118 000
55 119 000
55 120 000
55 121 000
55 122 000
55 123 000
55 124 000
55 125 000
55 126 000
55 127 000
55 128 000
55 129 000
55 130 000
55 131 000
55 132 000
55 133 000
55 134 000
55 135 000
55 136 000
55 137 000
55 138 000
55 139 000
55 140 000
55 141 000
55 142 000
55 143 000
55 144 000
55 145 000
55 146 000
55 147 000
55 148 000
55 149 000
55 150 000
55 151 000
55 152 000
55 153 000
55 154 000
55 155 000
55 156 000
55 157 000
55 158 000
55 159 000
55 160 000
55 161 000
55 162 000
55 163 000
55 164 000
55 165 000
55 166 000
55 167 000
55 168 000
55 169 000
55 170 000
55 171 000
55 172 000
55 173 000
55 174 000
55 175 000
55 176 000
55 177 000
55 178 000
55 179 000
55 180 000
55 181 000
55 182 000
55 183 000
55 184 000
55 185 000
55 186 000
55 187 000
55 188 000
55 189 000
55 190 000
55 191 000
55 192 000
55 193 000
55 194 000
55 195 000
55 196 000
55 197 000
55 198 000
55 199 000
55 200 000
55 201 000
55 202 000
55 203 000
55 204 000
55 205 000
55 206 000
55 207 000
55 208 000
55 209 000
55 210 000
55 211 000
55 212 000
55 213 000
55 214 000
55 215 000
55 216 000
55 217 000
55 218 000
55 219 000
55 220 000
55 221 000
55 222 000
55 223 000
55 224 000
55 225 000
55 226 000
55 227 000
55 228 000
55 229 000
55 230 000
55 231 000
55 232 000
55 233 000
55 234 000
55 235 000
55 236 000
55 237 000
55 238 000
55 239 000
55 240 000
55 241 000
55 242 000
55 243 000
55 244 000
55 245 000
55 246 000
55 247 000
55 248 000
55 249 000
55 250 000
55 251 000
55 252 000
55 253 000
55 254 000
55 255 000
55 256 000
55 257 000
55 258 000
55 259 000
55 260 000
55 261 000
55 262 000
55 263 000
55 264 000
55 265 000
55 266 000
55 267 000
55 268 000
55 269 000
55 270 000
55 271 000
55 272 000
55 273 000
55 274 000
55 275 000
55 276 000
55 277 000
55 278 000
55 279 000
55 280 000
55 281 000
55 282 000
55 283 000
55 284 000
55 285 000
55 286 000
55 287 000
55 288 000
55 289 000
55 290 000
55 291 000
55 292 000
55 293 000
55 294 000
55 295 000
55 296 000
55 297 000
55 298 000
55 299 000
55 300 000
55 301 000
55 302 000
55 303 000
55 304 000
55 305 000
55 306 000
55 307 000
55 308 000
55 309 000
55 310 000
55 311 000
55 312 000
55 313 000
55 314 000
55 315 000
55 316 000
55 317 000
55 318 000
55 319 000
56 0 000
56 1 000
56 2 000
56 3 000
56 4 000
56 5 000
56 6 000
56 7 000
56 8 000
56 9 000
56 10 000
56 11 000
56 12 000
56 13 000
56 14 000
56 15 000
56 16 000
56 17 000
56 18 000
56 19 000
56 20 000
56 21 000
56 22 000
56 23 000
56 24 000
56 25 000
56 26 000
56 27 000
56 28 000
56 29 000
56 30 000
56 31 000
56 32 000
56 33 000
56 34 000
56 35 000
56 36 000
56 37 000
56 38 000
56 39 000
56 40 000
56 41 000
56 42 000
56 43 000
56 44 000
56 45 000
56 46 000
56 47 000
56 48 000
56 49 000
56 50 000
56 51 000
56 52 000
56 53 000
56 54 000
56 55 000
56 56 000
56 57 000
56 58 000
56 59 000
56 60 000
56 61 000
56 62 000
56 63 000
56 64 000
56 65 000
56 66 000
56 67 000
56 68 000
56 69 000
56 70 000
56 71 000
56 72 000
56 73 000
56 74 000
56 75 000
56 76 000
56 77 000
56 78 000
56 79 000
56 80 000
56 81 000
56 82 000
56 83 000
56 84 000
56 85 000
56 86 000
56 87 000
56 88 000
56 89 000
56 90 000
56 91 000
56 92 000
56 93 000
56 94 000
56 95 000
56 96 000
56 97 000
56 98 000
56 99 000
56 100 000
56 101 000
56 102 000
56 103 000
56 104 000
56 105 000
56 106 000
56 107 000
56 108 000
56 109 000
56 110 000
56 111 000
56 112 000
56 113 000
56 114 000
56 115 000
56 116 000
56 117 000
56 118 000
56 119 000
56 120 000
56 121 000
56 122 000
56 123 000
56 124 000
56 125 000
56 126 000
56 127 000
56 128 000
56 129 000
56 130 000
56 131 000
56 132 000
56 133 000
56 134 000
56 135 000
56 136 000
56 137 000
56 138 000
56 139 000
56 140 000
56 141 000
56 142 000
56 143 000
56 144 000
56 145 000
56 146 000
56 147 000
56 148 000
56 149 000
56 150 000
56 151 000
56 152 000
56 153 000
56 154 000
56 155 000
56 156 000
56 157 000
56 158 000
56 159 000
56 160 000
56 161 000
56 162 000
56 163 000
56 164 000
56 165 000
56 166 000
56 167 000
56 168 000
56 169 000
56 170 000
56 171 000
56 172 000
56 173 000
56 174 000
56 175 000
56 176 000
56 177 000
56 178 000
56 179 000
56 180 000
56 181 000
56 182 000
56 183 000
56 184 000
56 185 000
56 186 000
56 187 000
56 188 000
56 189 000
56 190 000
56 191 000
56 192 000
56 193 000
56 194 000
56 195 000
56 196 000
56 197 000
56 198 000
56 199 000
56 200 000
56 201 000
56 202 000
56 203 000
56 204 000
56 205 000
56 206 000
56 207 000
56 208 000
56 209 000
56 210 000
56 211 000
56 212 000
56 213 000
56 214 000
56 215 000
56 216 000
56 217 000
56 218 000
56 219 000
56 220 000
56 221 000
56 222 000
56 223 000
56 224 000
56 225 000
56 226 000
56 227 000
56 228 000
56 229 000
56 230 000
56 231 000
56 232 000
56 233 000
56 234 000
56 235 000
56 236 000
56 237 000
56 238 000
56 239 000
56 240 000
56 241 000
56 242 000
56 243 000
56 244 000
56 245 000
56 246 000
56 247 000
56 248 000
56 249 000
56 250 000
56 251 000
56 252 000
56 253 000
56 254 000
56 255 000
56 256 000
56 257 000
56 258 000
56 259 000
56 260 000
56 261 000
56 262 000
56 263 000
56 264 000
56 265 000
56 266 000
56 267 000
56 268 000
56 269 000
56 270 000
56 271 000
56 272 000
56 273 000
56 274 000
56 275 000
56 276 000
56 277 000
56 278 000
56 279 000
56 280 000
56 281 000
56 282 000
56 283 000
56 284 000
56 285 000
56 286 000
56 287 000
56 288 000
56 289 000
56 290 000
56 291 000
56 292 000
56 293 000
56 294 000
56 295 000
56 296 000
56 297 000
56 298 000
56 299 000
56 300 000
56 301 000
56 302 000
56 303 000
56 304 000
56 305 000
56 306 000
56 307 000
56 308 000
56 309 000
56 310 000
56 311 000
56 312 000
56 313 000
56 314 000
56 315 000
56 316 000
56 317 000
56 318 000
56 319 000
57 0 000
57 1 000
57 2 000
57 3 000
57 4 000
57 5 000
57 6 000
57 7 000
57 8 000
57 9 000
57 10 000
57 11 000
57 12 000
57 13 000
57 14 000
57 15 000
57 16 000
57 17 000
57 18 000
57 19 000
57 20 000
57 21 000
57 22 000
57 23 000
57 24 000
57 25 000
57 26 000
57 27 000
57 28 000
57 29 000
57 30 000
57 31 000
57 32 000
57 33 000
57 34 000
57 35 000
57 36 000
57 37 000
57 38 000
57 39 000
57 40 000
57 41 000
57 42 000
57 43 000
57 44 000
57 45 000
57 46 000
57 47 000
57 48 000
57 49 000
57 50 000
57 51 000
57 52 000
57 53 000
57 54 000
57 55 000
57 56 000
57 57 000
57 58 000
57 59 000
57 60 000
57 61 000
57 62 000
57 63 000
57 64 000
57 65 000
57 66 000
57 67 000
57 68 000
57 69 000
57 70 000
57 71 000
57 72 000
57 73 000
57 74 000
57 75 000
57 76 000
57 77 000
57 78 000
57 79 000
57 80 000
57 81 000
57 82 000
57 83 000
57 84 000
57 85 000
57 86 000
57 87 000
57 88 000
57 89 000
57 90 000
57 91 000
57 92 000
57 93 000
57 94 000
57 95 000
57 96 000
57 97 000
57 98 000
57 99 000
57 100 000
57 101 000
57 102 000
57 103 000
57 104 000
57 105 000
57 106 000
57 107 000
57 108 000
57 109 000
57 110 000
57 111 000
57 112 000
57 113 000
57 114 000
57 115 000
57 116 000
57 117 000
57 118 000
57 119 000
57 120 000
57 121 000
57 122 000
57 123 000
57 124 000
57 125 000
57 126 000
57 127 000
57 128 000
57 129 000
57 130 000
57 131 000
57 132 000
57 133 000
57 134 000
57 135 000
57 136 000
57 137 000
57 138 000
57 139 000
57 140 000
57 141 000
57 142 000
57 143 000
57 144 000
57 145 000
57 146 000
57 147 000
57 148 000
57 149 000
57 150 000
57 151 000
57 152 000
57 153 000
57 154 000
57 155 000
57 156 000
57 157 000
57 158 000
57 159 000
57 160 000
57 161 000
57 162 000
57 163 000
57 164 000
57 165 000
57 166 000
57 167 000
57 168 000
57 169 000
57 170 000
57 171 000
57 172 000
57 173 000
57 174 000
57 175 000
57 176 000
57 177 000
57 178 000
57 179 000
57 180 000
57 181 000
57 182 000
57 183 000
57 184 000
57 185 000
57 186 000
57 187 000
57 188 000
57 189 000
57 190 000
57 191 000
57 192 000
57 193 000
57 194 000
57 195 000
57 196 000
57 197 000
57 198 000
57 199 000
57 200 000
57 201 000
57 202 000
57 203 000
57 204 000
57 205 000
57 206 000
57 207 000
57 208 000
57 209 000
57 210 000
57 211 000
57 212 000
57 213 000
57 214 000
57 215 000
57 216 000
57 217 000
57 218 000
57 219 000
57 220 000
57 221 000
57 222 000
57 223 000
57 224 000
57 225 000
57 226 000
57 227 000
57 228 000
57 229 000
57 230 000
57 231 000
57 232 000
57 233 000
57 234 000
57 235 000
57 236 000
57 237 000
57 238 000
57 239 000
57 240 000
57 241 000
57 242 000
57 243 000
57 244 000
57 245 000
57 246 000
57 247 000
57 248 000
57 249 000
57 250 000
57 251 000
57 252 000
57 253 000
57 254 000
57 255 000
57 256 000
57 257 000
57 258 000
57 259 000
57 260 000
57 261 000
57 262 000
57 263 000
57 264 000
57 265 000
57 266 000
57 267 000
57 268 000
57 269 000
57 270 000
57 271 000
57 272 000
57 273 000
57 274 000
57 275 000
57 276 000
57 277 000
57 278 000
57 279 000
57 280 000
57 281 000
57 282 000
57 283 000
57 284 000
57 285 000
57 286 000
57 287 000
57 288 000
57 289 000
57 290 000
57 291 000
57 292 000
57 293 000
57 294 000
57 295 000
57 296 000
57 297 000
57 298 000
57 299 000
57 300 000
57 301 000
57 302 000
57 303 000
57 304 000
57 305 000
57 306 000
57 307 000
57 308 000
57 309 000
57 310 000
57 311 000
57 312 000
57 313 000
57 314 000
57 315 000
57 316 000
57 317 000
57 318 000
57 319 000
58 0 000
58 1 000
58 2 000
58 3 000
58 4 000
58 5 000
58 6 000
58 7 000
58 8 000
58 9 000
58 10 000
58 11 000
58 12 000
58 13 000
58 14 000
58 15 000
58 16 000
58 17 000
58 18 000
58 19 000
58 20 000
58 21 000
58 22 000
58 23 000
58 24 000
58 25 000
58 26 000
58 27 000
58 28 000
58 29 000
58 30 000
58 31 000
58 32 000
58 33 000
58 34 000
58 35 000
58 36 000
58 37 000
58 38 000
58 39 000
58 40 000
58 41 000
58 42 000
58 43 000
58 44 000
58 45 000
58 46 000
58 47 000
58 48 000
58 49 000
58 50 000
58 51 000
58 52 000
58 53 000
58 54 000
58 55 000
58 56 000
58 57 000
58 58 000
58 59 000
58 60 000
58 61 000
58 62 000
58 63 000
58 64 000
58 65 000
58 66 000
58 67 000
58 68 000
58 69 000
58 70 000
58 71 000
58 72 000
58 73 000
58 74 000
58 75 000
58 76 000
58 77 000
58 78 000
58 79 000
58 80 000
58 81 000
58 82 000
58 83 000
58 84 000
58 85 000
58 86 000
58 87 000
58 88 000
58 89 000
58 90 000
58 91 000
58 92 000
58 93 000
58 94 000
58 95 000
58 96 000
58 97 000
58 98 000
58 99 000
58 100 000
58 101 000
58 102 000
58 103 000
58 104 000
58 105 000
58 106 000
58 107 000
58 108 000
58 109 000
58 110 000
58 111 000
58 112 000
58 113 000
58 114 000
58 115 000
58 116 000
58 117 000
58 118 000
58 119 000
58 120 000
58 121 000
58 122 000
58 123 000
58 124 000
58 125 000
58 126 000
58 127 000
58 128 000
58 129 000
58 130 000
58 131 000
58 132 000
58 133 000
58 134 000
58 135 000
58 136 000
58 137 000
58 138 000
58 139 000
58 140 000
58 141 000
58 142 000
58 143 000
58 144 000
58 145 000
58 146 000
58 147 000
58 148 000
58 149 000
58 150 000
58 151 000
58 152 000
58 153 000
58 154 000
58 155 000
58 156 000
58 157 000
58 158 000
58 159 000
58 160 000
58 161 000
58 162 000
58 163 000
58 164 000
58 165 000
58 166 000
58 167 000
58 168 000
58 169 000
58 170 000
58 171 000
58 172 000
58 173 000
58 174 000
58 175 000
58 176 000
58 177 000
58 178 000
58 179 000
58 180 000
58 181 000
58 182 000
58 183 000
58 184 000
58 185 000
58 186 000
58 187 000
58 188 000
58 189 000
58 190 000
58 191 000
58 192 000
58 193 000
58 194 000
58 195 000
58 196 000
58 197 000
58 198 000
58 199 000
58 200 000
58 201 000
58 202 000
58 203 000
58 204 000
58 205 000
58 206 000
58 207 000
58 208 000
58 209 000
58 210 000
58 211 000
58 212 000
58 213 000
58 214 000
58 215 000
58 216 000
58 217 000
58 218 000
58 219 000
58 220 000
58 221 000
58 222 000
58 223 000
58 224 000
58 225 000
58 226 000
58 227 000
58 228 000
58 229 000
58 230 000
58 231 000
58 232 000
58 233 000
58 234 000
58 235 000
58 236 000
58 237 000
58 238 000
58 239 000
58 240 000
58 241 000
58 242 000
58 243 000
58 244 000
58 245 000
58 246 000
58 247 000
58 248 000
58 249 000
58 250 000
58 251 000
58 252 000
58 253 000
58 254 000
58 255 000
58 256 000
58 257 000
58 258 000
58 259 000
58 260 000
58 261 000
58 262 000
58 263 000
58 264 000
58 265 000
58 266 000
58 267 000
58 268 000
58 269 000
58 270 000
58 271 000
58 272 000
58 273 000
58 274 000
58 275 000
58 276 000
58 277 000
58 278 000
58 279 000
58 280 000
58 281 000
58 282 000
58 283 000
58 284 000
58 285 000
58 286 000
58 287 000
58 288 000
58 289 000
58 290 000
58 291 000
58 292 000
58 293 000
58 294 000
58 295 000
58 296 000
58 297 000
58 298 000
58 299 000
58 300 000
58 301 000
58 302 000
58 303 000
58 304 000
58 305 000
58 306 000
58 307 000
58 308 000
58 309 000
58 310 000
58 311 000
58 312 000
58 313 000
58 314 000
58 315 000
58 316 000
58 317 000
58 318 000
58 319 000
59 0 000
59 1 000
59 2 000
59 3 000
59 4 000
59 5 000
59 6 000
59 7 000
59 8 000
59 9 000
59 10 000
59 11 000
59 12 000
59 13 000
59 14 000
59 15 000
59 16 000
59 17 000
59 18 000
59 19 000
59 20 000
59 21 000
59 22 000
59 23 000
59 24 000
59 25 000
59 26 000
59 27 000
59 28 000
59 29 000
59 30 000
59 31 000
59 32 000
59 33 000
59 34 000
59 35 000
59 36 000
59 37 000
59 38 000
59 39 000
59 40 000
59 41 000
59 42 000
59 43 000
59 44 000
59 45 000
59 46 000
59 47 000
59 48 000
59 49 000
59 50 000
59 51 000
59 52 000
59 53 000
59 54 000
59 55 000
59 56 000
59 57 000
59 58 000
59 59 000
59 60 000
59 61 000
59 62 000
59 63 000
59 64 000
59 65 000
59 66 000
59 67 000
59 68 000
59 69 000
59 70 000
59 71 000
59 72 000
59 73 000
59 74 000
59 75 000
59 76 000
59 77 000
59 78 000
59 79 000
59 80 000
59 81 000
59 82 000
59 83 000
59 84 000
59 85 000
59 86 000
59 87 000
59 88 000
59 89 000
59 90 000
59 91 000
59 92 000
59 93 000
59 94 000
59 95 000
59 96 000
59 97 000
59 98 000
59 99 000
59 100 000
59 101 000
59 102 000
59 103 000
59 104 000
59 105 000
59 106 000
59 107 000
59 108 000
59 109 000
59 110 000
59 111 000
59 112 000
59 113 000
59 114 000
59 115 000
59 116 000
59 117 000
59 118 000
59 119 000
59 120 000
59 121 000
59 122 000
59 123 000
59 124 000
59 125 000
59 126 000
59 127 000
59 128 000
59 129 000
59 130 000
59 131 000
59 132 000
59 133 000
59 134 000
59 135 000
59 136 000
59 137 000
59 138 000
59 139 000
59 140 000
59 141 000
59 142 000
59 143 000
59 144 000
59 145 000
59 146 000
59 147 000
59 148 000
59 149 000
59 150 000
59 151 000
59 152 000
59 153 000
59 154 000
59 155 000
59 156 000
59 157 000
59 158 000
59 159 000
59 160 000
59 161 000
59 162 000
59 163 000
59 164 000
59 165 000
59 166 000
59 167 000
59 168 000
59 169 000
59 170 000
59 171 000
59 172 000
59 173 000
59 174 000
59 175 000
59 176 000
59 177 000
59 178 000
59 179 000
59 180 000
59 181 000
59 182 000
59 183 000
59 184 000
59 185 000
59 186 000
59 187 000
59 188 000
59 189 000
59 190 000
59 191 000
59 192 000
59 193 000
59 194 000
59 195 000
59 196 000
59 197 000
59 198 000
59 199 000
59 200 000
59 201 000
59 202 000
59 203 000
59 204 000
59 205 000
59 206 000
59 207 000
59 208 000
59 209 000
59 210 000
59 211 000
59 212 000
59 213 000
59 214 000
59 215 000
59 216 000
59 217 000
59 218 000
59 219 000
59 220 000
59 221 000
59 222 000
59 223 000
59 224 000
59 225 000
59 226 000
59 227 000
59 228 000
59 229 000
59 230 000
59 231 000
59 232 000
59 233 000
59 234 000
59 235 000
59 236 000
59 237 000
59 238 000
59 239 000
59 240 000
59 241 000
59 242 000
59 243 000
59 244 000
59 245 000
59 246 000
59 247 000
59 248 000
59 249 000
59 250 000
59 251 000
59 252 000
59 253 000
59 254 000
59 255 000
59 256 000
59 257 000
59 258 000
59 259 000
59 260 000
59 261 000
59 262 000
59 263 000
59 264 000
59 265 000
59 266 000
59 267 000
59 268 000
59 269 000
59 270 000
59 271 000
59 272 000
59 273 000
59 274 000
59 275 000
59 276 000
59 277 000
59 278 000
59 279 000
59 280 000
59 281 000
59 282 000
59 283 000
59 284 000
59 285 000
59 286 000
59 287 000
59 288 000
59 289 000
59 290 000
59 291 000
59 292 000
59 293 000
59 294 000
59 295 000
59 296 000
59 297 000
59 298 000
59 299 000
59 300 000
59 301 000
59 302 000
59 303 000
59 304 000
59 305 000
59 306 000
59 307 000
59 308 000
59 309 000
59 310 000
59 311 000
59 312 000
59 313 000
59 314 000
59 315 000
59 316 000
59 317 000
59 318 000
59 319 000
60 0 000
60 1 000
60 2 000
60 3 000
60 4 000
60 5 000
60 6 000
60 7 000
60 8 000
60 9 000
60 10 000
60 11 000
60 12 000
60 13 000
60 14 000
60 15 000
60 16 000
60 17 000
60 18 000
60 19 000
60 20 000
60 21 000
60 22 000
60 23 000
60 24 000
60 25 000
60 26 000
60 27 000
60 28 000
60 29 000
60 30 000
60 31 000
60 32 000
60 33 000
60 34 000
60 35 000
60 36 000
60 37 000
60 38 000
60 39 000
60 40 000
60 41 000
60 42 000
60 43 000
60 44 000
60 45 000
60 46 000
60 47 000
60 48 000
60 49 000
60 50 000
60 51 000
60 52 000
60 53 000
60 54 000
60 55 000
60 56 000
60 57 000
60 58 000
60 59 000
60 60 000
60 61 000
60 62 000
60 63 000
60 64 000
60 65 000
60 66 000
60 67 000
60 68 000
60 69 000
60 70 000
60 71 000
60 72 000
60 73 000
60 74 000
60 75 000
60 76 000
60 77 000
60 78 000
60 79 000
60 80 000
60 81 000
60 82 000
60 83 000
60 84 000
60 85 000
60 86 000
60 87 000
60 88 000
60 89 000
60 90 000
60 91 000
60 92 000
60 93 000
60 94 000
60 95 000
60 96 000
60 97 000
60 98 000
60 99 000
60 100 000
60 101 000
60 102 000
60 103 000
60 104 000
60 105 000
60 106 000
60 107 000
60 108 000
60 109 000
60 110 000
60 111 000
60 112 000
60 113 000
60 114 000
60 115 000
60 116 000
60 117 000
60 118 000
60 119 000
60 120 000
60 121 000
60 122 000
60 123 000
60 124 000
60 125 000
60 126 000
60 127 000
60 128 000
60 129 000
60 130 000
60 131 000
60 132 000
60 133 000
60 134 000
60 135 000
60 136 000
60 137 000
60 138 000
60 139 000
60 140 000
60 141 000
60 142 000
60 143 000
60 144 000
60 145 000
60 146 000
60 147 000
60 148 000
60 149 000
60 150 000
60 151 000
60 152 000
60 153 000
60 154 000
60 155 000
60 156 000
60 157 000
60 158 000
60 159 000
60 160 000
60 161 000
60 162 000
60 163 000
60 164 000
60 165 000
60 166 000
60 167 000
60 168 000
60 169 000
60 170 000
60 171 000
60 172 000
60 173 000
60 174 000
60 175 000
60 176 000
60 177 000
60 178 000
60 179 000
60 180 000
60 181 000
60 182 000
60 183 000
60 184 000
60 185 000
60 186 000
60 187 000
60 188 000
60 189 000
60 190 000
60 191 000
60 192 000
60 193 000
60 194 000
60 195 000
60 196 000
60 197 000
60 198 000
60 199 000
60 200 000
60 201 000
60 202 000
60 203 000
60 204 000
60 205 000
60 206 000
60 207 000
60 208 000
60 209 000
60 210 000
60 211 000
60 212 000
60 213 000
60 214 000
60 215 000
60 216 000
60 217 000
60 218 000
60 219 000
60 220 000
60 221 000
60 222 000
60 223 000
60 224 000
60 225 000
60 226 000
60 227 000
60 228 000
60 229 000
60 230 000
60 231 000
60 232 000
60 233 000
60 234 000
60 235 000
60 236 000
60 237 000
60 238 000
60 239 000
60 240 000
60 241 000
60 242 000
60 243 000
60 244 000
60 245 000
60 246 000
60 247 000
60 248 000
60 249 000
60 250 000
60 251 000
60 252 000
60 253 000
60 254 000
60 255 000
60 256 000
60 257 000
60 258 000
60 259 000
60 260 000
60 261 000
60 262 000
60 263 000
60 264 000
60 265 000
60 266 000
60 267 000
60 268 000
60 269 000
60 270 000
60 271 000
60 272 000
60 273 000
60 274 000
60 275 000
60 276 000
60 277 000
60 278 000
60 279 000
60 280 000
60 281 000
60 282 000
60 283 000
60 284 000
60 285 000
60 286 000
60 287 000
60 288 000
60 289 000
60 290 000
60 291 000
60 292 000
60 293 000
60 294 000
60 295 000
60 296 000
60 297 000
60 298 000
60 299 000
60 300 000
60 301 000
60 302 000
60 303 000
60 304 000
60 305 000
60 306 000
60 307 000
60 308 000
60 309 000
60 310 000
60 311 000
60 312 000
60 313 000
60 314 000
60 315 000
60 316 000
60 317 000
60 318 000
60 319 000
61 0 000
61 1 000
61 2 000
61 3 000
61 4 000
61 5 000
61 6 000
61 7 000
61 8 000
61 9 000
61 10 000
61 11 000
61 12 000
61 13 000
61 14 000
61 15 000
61 16 000
61 17 000
61 18 000
61 19 000
61 20 000
61 21 000
61 22 000
61 23 000
61 24 000
61 25 000
61 26 000
61 27 000
61 28 000
61 29 000
61 30 000
61 31 000
61 32 000
61 33 000
61 34 000
61 35 000
61 36 000
61 37 000
61 38 000
61 39 000
61 40 000
61 41 000
61 42 000
61 43 000
61 44 000
61 45 000
61 46 000
61 47 000
61 48 000
61 49 000
61 50 000
61 51 000
61 52 000
61 53 000
61 54 000
61 55 000
61 56 000
61 57 000
61 58 000
61 59 000
61 60 000
61 61 000
61 62 000
61 63 000
61 64 000
61 65 000
61 66 000
61 67 000
61 68 000
61 69 000
61 70 000
61 71 000
61 72 000
61 73 000
61 74 000
61 75 000
61 76 000
61 77 000
61 78 000
61 79 000
61 80 000
61 81 000
61 82 000
61 83 000
61 84 000
61 85 000
61 86 000
61 87 000
61 88 000
61 89 000
61 90 000
61 91 000
61 92 000
61 93 000
61 94 000
61 95 000
61 96 000
61 97 000
61 98 000
61 99 000
61 100 000
61 101 000
61 102 000
61 103 000
61 104 000
61 105 000
61 106 000
61 107 000
61 108 000
61 109 000
61 110 000
61 111 000
61 112 000
61 113 000
61 114 000
61 115 000
61 116 000
61 117 000
61 118 000
61 119 000
61 120 000
61 121 000
61 122 000
61 123 000
61 124 000
61 125 000
61 126 000
61 127 000
61 128 000
61 129 000
61 130 000
61 131 000
61 132 000
61 133 000
61 134 000
61 135 000
61 136 000
61 137 000
61 138 000
61 139 000
61 140 000
61 141 000
61 142 000
61 143 000
61 144 000
61 145 000
61 146 000
61 147 000
61 148 000
61 149 000
61 150 000
61 151 000
61 152 000
61 153 000
61 154 000
61 155 000
61 156 000
61 157 000
61 158 000
61 159 000
61 160 000
61 161 000
61 162 000
61 163 000
61 164 000
61 165 000
61 166 000
61 167 000
61 168 000
61 169 000
61 170 000
61 171 000
61 172 000
61 173 000
61 174 000
61 175 000
61 176 000
61 177 000
61 178 000
61 179 000
61 180 000
61 181 000
61 182 000
61 183 000
61 184 000
61 185 000
61 186 000
61 187 000
61 188 000
61 189 000
61 190 000
61 191 000
61 192 000
61 193 000
61 194 000
61 195 000
61 196 000
61 197 000
61 198 000
61 199 000
61 200 000
61 201 000
61 202 000
61 203 000
61 204 000
61 205 000
61 206 000
61 207 000
61 208 000
61 209 000
61 210 000
61 211 000
61 212 000
61 213 000
61 214 000
61 215 000
61 216 000
61 217 000
61 218 000
61 219 000
61 220 000
61 221 000
61 222 000
61 223 000
61 224 000
61 225 000
61 226 000
61 227 000
61 228 000
61 229 000
61 230 000
61 231 000
61 232 000
61 233 000
61 234 000
61 235 000
61 236 000
61 237 000
61 238 000
61 239 000
61 240 000
61 241 000
61 242 000
61 243 000
61 244 000
61 245 000
61 246 000
61 247 000
61 248 000
61 249 000
61 250 000
61 251 000
61 252 000
61 253 000
61 254 000
61 255 000
61 256 000
61 257 000
61 258 000
61 259 000
61 260 000
61 261 000
61 262 000
61 263 000
61 264 000
61 265 000
61 266 000
61 267 000
61 268 000
61 269 000
61 270 000
61 271 000
61 272 000
61 273 000
61 274 000
61 275 000
61 276 000
61 277 000
61 278 000
61 279 000
61 280 000
61 281 000
61 282 000
61 283 000
61 284 000
61 285 000
61 286 000
61 287 000
61 288 000
61 289 000
61 290 000
61 291 000
61 292 000
61 293 000
61 294 000
61 295 000
61 296 000
61 297 000
61 298 000
61 299 000
61 300 000
61 301 000
61 302 000
61 303 000
61 304 000
61 305 000
61 306 000
61 307 000
61 308 000
61 309 000
61 310 000
61 311 000
61 312 000
61 313 000
61 314 000
61 315 000
61 316 000
61 317 000
61 318 000
61 319 000
62 0 000
62 1 000
62 2 000
62 3 000
62 4 000
62 5 000
62 6 000
62 7 000
62 8 000
62 9 000
62 10 000
62 11 000
62 12 000
62 13 000
62 14 000
62 15 000
62 16 000
62 17 000
62 18 000
62 19 000
62 20 000
62 21 000
62 22 000
62 23 000
62 24 000
62 25 000
62 26 000
62 27 000
62 28 000
62 29 000
62 30 000
62 31 000
62 32 000
62 33 000
62 34 000
62 35 000
62 36 000
62 37 000
62 38 000
62 39 000
62 40 000
62 41 000
62 42 000
62 43 000
62 44 000
62 45 000
62 46 000
62 47 000
62 48 000
62 49 000
62 50 000
62 51 000
62 52 000
62 53 000
62 54 000
62 55 000
62 56 000
62 57 000
62 58 000
62 59 000
62 60 000
62 61 000
62 62 000
62 63 000
62 64 000
62 65 000
62 66 000
62 67 000
62 68 000
62 69 000
62 70 000
62 71 000
62 72 000
62 73 000
62 74 000
62 75 000
62 76 000
62 77 000
62 78 000
62 79 000
62 80 000
62 81 000
62 82 000
62 83 000
62 84 000
62 85 000
62 86 000
62 87 000
62 88 000
62 89 000
62 90 000
62 91 000
62 92 000
62 93 000
62 94 000
62 95 000
62 96 000
62 97 000
62 98 000
62 99 000
62 100 000
62 101 000
62 102 000
62 103 000
62 104 000
62 105 000
62 106 000
62 107 000
62 108 000
62 109 000
62 110 000
62 111 000
62 112 000
62 113 000
62 114 000
62 115 000
62 116 000
62 117 000
62 118 000
62 119 000
62 120 000
62 121 000
62 122 000
62 123 000
62 124 000
62 125 000
62 126 000
62 127 000
62 128 000
62 129 000
62 130 000
62 131 000
62 132 000
62 133 000
62 134 000
62 135 000
62 136 000
62 137 000
62 138 000
62 139 000
62 140 000
62 141 000
62 142 000
62 143 000
62 144 000
62 145 000
62 146 000
62 147 000
62 148 000
62 149 000
62 150 000
62 151 000
62 152 000
62 153 000
62 154 000
62 155 000
62 156 000
62 157 000
62 158 000
62 159 000
62 160 000
62 161 000
62 162 000
62 163 000
62 164 000
62 165 000
62 166 000
62 167 000
62 168 000
62 169 000
62 170 000
62 171 000
62 172 000
62 173 000
62 174 000
62 175 000
62 176 000
62 177 000
62 178 000
62 179 000
62 180 000
62 181 000
62 182 000
62 183 000
62 184 000
62 185 000
62 186 000
62 187 000
62 188 000
62 189 000
62 190 000
62 191 000
62 192 000
62 193 000
62 194 000
62 195 000
62 196 000
62 197 000
62 198 000
62 199 000
62 200 000
62 201 000
62 202 000
62 203 000
62 204 000
62 205 000
62 206 000
62 207 000
62 208 000
62 209 000
62 210 000
62 211 000
62 212 000
62 213 000
62 214 000
62 215 000
62 216 000
62 217 000
62 218 000
62 219 000
62 220 000
62 221 000
62 222 000
62 223 000
62 224 000
62 225 000
62 226 000
62 227 000
62 228 000
62 229 000
62 230 000
62 231 000
62 232 000
62 233 000
62 234 000
62 235 000
62 236 000
62 237 000
62 238 000
62 239 000
62 240 000
62 241 000
62 242 000
62 243 000
62 244 000
62 245 000
62 246 000
62 247 000
62 248 000
62 249 000
62 250 000
62 251 000
62 252 000
62 253 000
62 254 000
62 255 000
62 256 000
62 257 000
62 258 000
62 259 000
62 260 000
62 261 000
62 262 000
62 263 000
62 264 000
62 265 000
62 266 000
62 267 000
62 268 000
62 269 000
62 270 000
62 271 000
62 272 000
62 273 000
62 274 000
62 275 000
62 276 000
62 277 000
62 278 000
62 279 000
62 280 000
62 281 000
62 282 000
62 283 000
62 284 000
62 285 000
62 286 000
62 287 000
62 288 000
62 289 000
62 290 000
62 291 000
62 292 000
62 293 000
62 294 000
62 295 000
62 296 000
62 297 000
62 298 000
62 299 000
62 300 000
62 301 000
62 302 000
62 303 000
62 304 000
62 305 000
62 306 000
62 307 000
62 308 000
62 309 000
62 310 000
62 311 000
62 312 000
62 313 000
62 314 000
62 315 000
62 316 000
62 317 000
62 318 000
62 319 000
63 0 000
63 1 000
63 2 000
63 3 000
63 4 000
63 5 000
63 6 000
63 7 000
63 8 000
63 9 000
63 10 000
63 11 000
63 12 000
63 13 000
63 14 000
63 15 000
63 16 000
63 17 000
63 18 000
63 19 000
63 20 000
63 21 000
63 22 000
63 23 000
63 24 000
63 25 000
63 26 000
63 27 000
63 28 000
63 29 000
63 30 000
63 31 000
63 32 000
63 33 000
63 34 000
63 35 000
63 36 000
63 37 000
63 38 000
63 39 000
63 40 000
63 41 000
63 42 000
63 43 000
63 44 000
63 45 000
63 46 000
63 47 000
63 48 000
63 49 000
63 50 000
63 51 000
63 52 000
63 53 000
63 54 000
63 55 000
63 56 000
63 57 000
63 58 000
63 59 000
63 60 000
63 61 000
63 62 000
63 63 000
63 64 000
63 65 000
63 66 000
63 67 000
63 68 000
63 69 000
63 70 000
63 71 000
63 72 000
63 73 000
63 74 000
63 75 000
63 76 000
63 77 000
63 78 000
63 79 000
63 80 000
63 81 000
63 82 000
63 83 000
63 84 000
63 85 000
63 86 000
63 87 000
63 88 000
63 89 000
63 90 000
63 91 000
63 92 000
63 93 000
63 94 000
63 95 000
63 96 000
63 97 000
63 98 000
63 99 000
63 100 000
63 101 000
63 102 000
63 103 000
63 104 000
63 105 000
63 106 000
63 107 000
63 108 000
63 109 000
63 110 000
63 111 000
63 112 000
63 113 000
63 114 000
63 115 000
63 116 000
63 117 000
63 118 000
63 119 000
63 120 000
63 121 000
63 122 000
63 123 000
63 124 000
63 125 000
63 126 000
63 127 000
63 128 000
63 129 000
63 130 000
63 131 000
63 132 000
63 133 000
63 134 000
63 135 000
63 136 000
63 137 000
63 138 000
63 139 000
63 140 000
63 141 000
63 142 000
63 143 000
63 144 000
63 145 000
63 146 000
63 147 000
63 148 000
63 149 000
63 150 000
63 151 000
63 152 000
63 153 000
63 154 000
63 155 000
63 156 000
63 157 000
63 158 000
63 159 000
63 160 000
63 161 000
63 162 000
63 163 000
63 164 000
63 165 000
63 166 000
63 167 000
63 168 000
63 169 000
63 170 000
63 171 000
63 172 000
63 173 000
63 174 000
63 175 000
63 176 000
63 177 000
63 178 000
63 179 000
63 180 000
63 181 000
63 182 000
63 183 000
63 184 000
63 185 000
63 186 000
63 187 000
63 188 000
63 189 000
63 190 000
63 191 000
63 192 000
63 193 000
63 194 000
63 195 000
63 196 000
63 197 000
63 198 000
63 199 000
63 200 000
63 201 000
63 202 000
63 203 000
63 204 000
63 205 000
63 206 000
63 207 000
63 208 000
63 209 000
63 210 000
63 211 000
63 212 000
63 213 000
63 214 000
63 215 000
63 216 000
63 217 000
63 218 000
63 219 000
63 220 000
63 221 000
63 222 000
63 223 000
63 224 000
63 225 000
63 226 000
63 227 000
63 228 000
63 229 000
63 230 000
63 231 000
63 232 000
63 233 000
63 234 000
63 235 000
63 236 000
63 237 000
63 238 000
63 239 000
63 240 000
63 241 000
63 242 000
63 243 000
63 244 000
63 245 000
63 246 000
63 247 000
63 248 000
63 249 000
63 250 000
63 251 000
63 252 000
63 253 000
63 254 000
63 255 000
63 256 000
63 257 000
63 258 000
63 259 000
63 260 000
63 261 000
63 262 000
63 263 000
63 264 000
63 265 000
63 266 000
63 267 000
63 268 000
63 269 000
63 270 000
63 271 000
63 272 000
63 273 000
63 274 000
63 275 000
63 276 000
63 277 000
63 278 000
63 279 000
63 280 000
63 281 000
63 282 000
63 283 000
63 284 000
63 285 000
63 286 000
63 287 000
63 288 000
63 289 000
63 290 000
63 291 000
63 292 000
63 293 000
63 294 000
63 295 000
63 296 000
63 297 000
63 298 000
63 299 000
63 300 000
63 301 000
63 302 000
63 303 000
63 304 000
63 305 000
63 306 000
63 307 000
63 308 000
63 309 000
63 310 000
63 311 000
63 312 000
63 313 000
63 314 000
63 315 000
63 316 000
63 317 000
63 318 000
63 319 000
64 0 000
64 1 000
64 2 000
64 3 000
64 4 000
64 5 000
64 6 000
64 7 000
64 8 000
64 9 000
64 10 000
64 11 000
64 12 000
64 13 000
64 14 000
64 15 000
64 16 000
64 17 000
64 18 000
64 19 000
64 20 000
64 21 000
64 22 000
64 23 000
64 24 000
64 25 000
64 26 000
64 27 000
64 28 000
64 29 000
64 30 000
64 31 000
64 32 000
64 33 000
64 34 000
64 35 000
64 36 000
64 37 000
64 38 000
64 39 000
64 40 000
64 41 000
64 42 000
64 43 000
64 44 000
64 45 000
64 46 000
64 47 000
64 48 000
64 49 000
64 50 000
64 51 000
64 52 000
64 53 000
64 54 000
64 55 000
64 56 000
64 57 000
64 58 000
64 59 000
64 60 000
64 61 000
64 62 000
64 63 000
64 64 000
64 65 000
64 66 000
64 67 000
64 68 000
64 69 000
64 70 000
64 71 000
64 72 000
64 73 000
64 74 000
64 75 000
64 76 000
64 77 000
64 78 000
64 79 000
64 80 000
64 81 000
64 82 000
64 83 000
64 84 000
64 85 000
64 86 000
64 87 000
64 88 000
64 89 000
64 90 000
64 91 000
64 92 000
64 93 000
64 94 000
64 95 000
64 96 000
64 97 000
64 98 000
64 99 000
64 100 000
64 101 000
64 102 000
64 103 000
64 104 000
64 105 000
64 106 000
64 107 000
64 108 000
64 109 000
64 110 000
64 111 000
64 112 000
64 113 000
64 114 000
64 115 000
64 116 000
64 117 000
64 118 000
64 119 000
64 120 000
64 121 000
64 122 000
64 123 000
64 124 000
64 125 000
64 126 000
64 127 000
64 128 000
64 129 000
64 130 000
64 131 000
64 132 000
64 133 000
64 134 000
64 135 000
64 136 000
64 137 000
64 138 000
64 139 000
64 140 000
64 141 000
64 142 000
64 143 000
64 144 000
64 145 000
64 146 000
64 147 000
64 148 000
64 149 000
64 150 000
64 151 000
64 152 000
64 153 000
64 154 000
64 155 000
64 156 000
64 157 000
64 158 000
64 159 000
64 160 000
64 161 000
64 162 000
64 163 000
64 164 000
64 165 000
64 166 000
64 167 000
64 168 000
64 169 000
64 170 000
64 171 000
64 172 000
64 173 000
64 174 000
64 175 000
64 176 000
64 177 000
64 178 000
64 179 000
64 180 000
64 181 000
64 182 000
64 183 000
64 184 000
64 185 000
64 186 000
64 187 000
64 188 000
64 189 000
64 190 000
64 191 000
64 192 000
64 193 000
64 194 000
64 195 000
64 196 000
64 197 000
64 198 000
64 199 000
64 200 000
64 201 000
64 202 000
64 203 000
64 204 000
64 205 000
64 206 000
64 207 000
64 208 000
64 209 000
64 210 000
64 211 000
64 212 000
64 213 000
64 214 000
64 215 000
64 216 000
64 217 000
64 218 000
64 219 000
64 220 000
64 221 000
64 222 000
64 223 000
64 224 000
64 225 000
64 226 000
64 227 000
64 228 000
64 229 000
64 230 000
64 231 000
64 232 000
64 233 000
64 234 000
64 235 000
64 236 000
64 237 000
64 238 000
64 239 000
64 240 000
64 241 000
64 242 000
64 243 000
64 244 000
64 245 000
64 246 000
64 247 000
64 248 000
64 249 000
64 250 000
64 251 000
64 252 000
64 253 000
64 254 000
64 255 000
64 256 000
64 257 000
64 258 000
64 259 000
64 260 000
64 261 000
64 262 000
64 263 000
64 264 000
64 265 000
64 266 000
64 267 000
64 268 000
64 269 000
64 270 000
64 271 000
64 272 000
64 273 000
64 274 000
64 275 000
64 276 000
64 277 000
64 278 000
64 279 000
64 280 000
64 281 000
64 282 000
64 283 000
64 284 000
64 285 000
64 286 000
64 287 000
64 288 000
64 289 000
64 290 000
64 291 000
64 292 000
64 293 000
64 294 000
64 295 000
64 296 000
64 297 000
64 298 000
64 299 000
64 300 000
64 301 000
64 302 000
64 303 000
64 304 000
64 305 000
64 306 000
64 307 000
64 308 000
64 309 000
64 310 000
64 311 000
64 312 000
64 313 000
64 314 000
64 315 000
64 316 000
64 317 000
64 318 000
64 319 000
65 0 000
65 1 000
65 2 000
65 3 000
65 4 000
65 5 000
65 6 000
65 7 000
65 8 000
65 9 000
65 10 000
65 11 000
65 12 000
65 13 000
65 14 000
65 15 000
65 16 000
65 17 000
65 18 000
65 19 000
65 20 000
65 21 000
65 22 000
65 23 000
65 24 000
65 25 000
65 26 000
65 27 000
65 28 000
65 29 000
65 30 000
65 31 000
65 32 000
65 33 000
65 34 000
65 35 000
65 36 000
65 37 000
65 38 000
65 39 000
65 40 000
65 41 000
65 42 000
65 43 000
65 44 000
65 45 000
65 46 000
65 47 000
65 48 000
65 49 000
65 50 000
65 51 000
65 52 000
65 53 000
65 54 000
65 55 000
65 56 000
65 57 000
65 58 000
65 59 000
65 60 000
65 61 000
65 62 000
65 63 000
65 64 000
65 65 000
65 66 000
65 67 000
65 68 000
65 69 000
65 70 000
65 71 000
65 72 000
65 73 000
65 74 000
65 75 000
65 76 000
65 77 000
65 78 000
65 79 000
65 80 000
65 81 000
65 82 000
65 83 000
65 84 000
65 85 000
65 86 000
65 87 000
65 88 000
65 89 000
65 90 000
65 91 000
65 92 000
65 93 000
65 94 000
65 95 000
65 96 000
65 97 000
65 98 000
65 99 000
65 100 000
65 101 000
65 102 000
65 103 000
65 104 000
65 105 000
65 106 000
65 107 000
65 108 000
65 109 000
65 110 000
65 111 000
65 112 000
65 113 000
65 114 000
65 115 000
65 116 000
65 117 000
65 118 000
65 119 000
65 120 000
65 121 000
65 122 000
65 123 000
65 124 000
65 125 000
65 126 000
65 127 000
65 128 000
65 129 000
65 130 000
65 131 000
65 132 000
65 133 000
65 134 000
65 135 000
65 136 000
65 137 000
65 138 000
65 139 000
65 140 000
65 141 000
65 142 000
65 143 000
65 144 000
65 145 000
65 146 000
65 147 000
65 148 000
65 149 000
65 150 000
65 151 000
65 152 000
65 153 000
65 154 000
65 155 000
65 156 000
65 157 000
65 158 000
65 159 000
65 160 000
65 161 000
65 162 000
65 163 000
65 164 000
65 165 000
65 166 000
65 167 000
65 168 000
65 169 000
65 170 000
65 171 000
65 172 000
65 173 000
65 174 000
65 175 000
65 176 000
65 177 000
65 178 000
65 179 000
65 180 000
65 181 000
65 182 000
65 183 000
65 184 000
65 185 000
65 186 000
65 187 000
65 188 000
65 189 000
65 190 000
65 191 000
65 192 000
65 193 000
65 194 000
65 195 000
65 196 000
65 197 000
65 198 000
65 199 000
65 200 000
65 201 000
65 202 000
65 203 000
65 204 000
65 205 000
65 206 000
65 207 000
65 208 000
65 209 000
65 210 000
65 211 000
65 212 000
65 213 000
65 214 000
65 215 000
65 216 000
65 217 000
65 218 000
65 219 000
65 220 000
65 221 000
65 222 000
65 223 000
65 224 000
65 225 000
65 226 000
65 227 000
65 228 000
65 229 000
65 230 000
65 231 000
65 232 000
65 233 000
65 234 000
65 235 000
65 236 000
65 237 000
65 238 000
65 239 000
65 240 000
65 241 000
65 242 000
65 243 000
65 244 000
65 245 000
65 246 000
65 247 000
65 248 000
65 249 000
65 250 000
65 251 000
65 252 000
65 253 000
65 254 000
65 255 000
65 256 000
65 257 000
65 258 000
65 259 000
65 260 000
65 261 000
65 262 000
65 263 000
65 264 000
65 265 000
65 266 000
65 267 000
65 268 000
65 269 000
65 270 000
65 271 000
65 272 000
65 273 000
65 274 000
65 275 000
65 276 000
65 277 000
65 278 000
65 279 000
65 280 000
65 281 000
65 282 000
65 283 000
65 284 000
65 285 000
65 286 000
65 287 000
65 288 000
65 289 000
65 290 000
65 291 000
65 292 000
65 293 000
65 294 000
65 295 000
65 296 000
65 297 000
65 298 000
65 299 000
65 300 000
65 301 000
65 302 000
65 303 000
65 304 000
65 305 000
65 306 000
65 307 000
65 308 000
65 309 000
65 310 000
65 311 000
65 312 000
65 313 000
65 314 000
65 315 000
65 316 000
65 317 000
65 318 000
65 319 000
66 0 000
66 1 000
66 2 000
66 3 000
66 4 000
66 5 000
66 6 000
66 7 000
66 8 000
66 9 000
66 10 000
66 11 000
66 12 000
66 13 000
66 14 000
66 15 000
66 16 000
66 17 000
66 18 000
66 19 000
66 20 000
66 21 000
66 22 000
66 23 000
66 24 000
66 25 000
66 26 000
66 27 000
66 28 000
66 29 000
66 30 000
66 31 000
66 32 000
66 33 000
66 34 000
66 35 000
66 36 000
66 37 000
66 38 000
66 39 000
66 40 000
66 41 000
66 42 000
66 43 000
66 44 000
66 45 000
66 46 000
66 47 000
66 48 000
66 49 000
66 50 000
66 51 000
66 52 000
66 53 000
66 54 000
66 55 000
66 56 000
66 57 000
66 58 000
66 59 000
66 60 000
66 61 000
66 62 000
66 63 000
66 64 000
66 65 000
66 66 000
66 67 000
66 68 000
66 69 000
66 70 000
66 71 000
66 72 000
66 73 000
66 74 000
66 75 000
66 76 000
66 77 000
66 78 000
66 79 000
66 80 000
66 81 000
66 82 000
66 83 000
66 84 000
66 85 000
66 86 000
66 87 000
66 88 000
66 89 000
66 90 000
66 91 000
66 92 000
66 93 000
66 94 000
66 95 000
66 96 000
66 97 000
66 98 000
66 99 000
66 100 000
66 101 000
66 102 000
66 103 000
66 104 000
66 105 000
66 106 000
66 107 000
66 108 000
66 109 000
66 110 000
66 111 000
66 112 000
66 113 000
66 114 000
66 115 000
66 116 000
66 117 000
66 118 000
66 119 000
66 120 000
66 121 000
66 122 000
66 123 000
66 124 000
66 125 000
66 126 000
66 127 000
66 128 000
66 129 000
66 130 000
66 131 000
66 132 000
66 133 000
66 134 000
66 135 000
66 136 000
66 137 000
66 138 000
66 139 000
66 140 000
66 141 000
66 142 000
66 143 000
66 144 000
66 145 000
66 146 000
66 147 000
66 148 000
66 149 000
66 150 000
66 151 000
66 152 000
66 153 000
66 154 000
66 155 000
66 156 000
66 157 000
66 158 000
66 159 000
66 160 000
66 161 000
66 162 000
66 163 000
66 164 000
66 165 000
66 166 000
66 167 000
66 168 000
66 169 000
66 170 000
66 171 000
66 172 000
66 173 000
66 174 000
66 175 000
66 176 000
66 177 000
66 178 000
66 179 000
66 180 000
66 181 000
66 182 000
66 183 000
66 184 000
66 185 000
66 186 000
66 187 000
66 188 000
66 189 000
66 190 000
66 191 000
66 192 000
66 193 000
66 194 000
66 195 000
66 196 000
66 197 000
66 198 000
66 199 000
66 200 000
66 201 000
66 202 000
66 203 000
66 204 000
66 205 000
66 206 000
66 207 000
66 208 000
66 209 000
66 210 000
66 211 000
66 212 000
66 213 000
66 214 000
66 215 000
66 216 000
66 217 000
66 218 000
66 219 000
66 220 000
66 221 000
66 222 000
66 223 000
66 224 000
66 225 000
66 226 000
66 227 000
66 228 000
66 229 000
66 230 000
66 231 000
66 232 000
66 233 000
66 234 000
66 235 000
66 236 000
66 237 000
66 238 000
66 239 000
66 240 000
66 241 000
66 242 000
66 243 000
66 244 000
66 245 000
66 246 000
66 247 000
66 248 000
66 249 000
66 250 000
66 251 000
66 252 000
66 253 000
66 254 000
66 255 000
66 256 000
66 257 000
66 258 000
66 259 000
66 260 000
66 261 000
66 262 000
66 263 000
66 264 000
66 265 000
66 266 000
66 267 000
66 268 000
66 269 000
66 270 000
66 271 000
66 272 000
66 273 000
66 274 000
66 275 000
66 276 000
66 277 000
66 278 000
66 279 000
66 280 000
66 281 000
66 282 000
66 283 000
66 284 000
66 285 000
66 286 000
66 287 000
66 288 000
66 289 000
66 290 000
66 291 000
66 292 000
66 293 000
66 294 000
66 295 000
66 296 000
66 297 000
66 298 000
66 299 000
66 300 000
66 301 000
66 302 000
66 303 000
66 304 000
66 305 000
66 306 000
66 307 000
66 308 000
66 309 000
66 310 000
66 311 000
66 312 000
66 313 000
66 314 000
66 315 000
66 316 000
66 317 000
66 318 000
66 319 000
67 0 000
67 1 000
67 2 000
67 3 000
67 4 000
67 5 000
67 6 000
67 7 000
67 8 000
67 9 000
67 10 000
67 11 000
67 12 000
67 13 000
67 14 000
67 15 000
67 16 000
67 17 000
67 18 000
67 19 000
67 20 000
67 21 000
67 22 000
67 23 000
67 24 000
67 25 000
67 26 000
67 27 000
67 28 000
67 29 000
67 30 000
67 31 000
67 32 000
67 33 000
67 34 000
67 35 000
67 36 000
67 37 000
67 38 000
67 39 000
67 40 000
67 41 000
67 42 000
67 43 000
67 44 000
67 45 000
67 46 000
67 47 000
67 48 000
67 49 000
67 50 000
67 51 000
67 52 000
67 53 000
67 54 000
67 55 000
67 56 000
67 57 000
67 58 000
67 59 000
67 60 000
67 61 000
67 62 000
67 63 000
67 64 000
67 65 000
67 66 000
67 67 000
67 68 000
67 69 000
67 70 000
67 71 000
67 72 000
67 73 000
67 74 000
67 75 000
67 76 000
67 77 000
67 78 000
67 79 000
67 80 000
67 81 000
67 82 000
67 83 000
67 84 000
67 85 000
67 86 000
67 87 000
67 88 000
67 89 000
67 90 000
67 91 000
67 92 000
67 93 000
67 94 000
67 95 000
67 96 000
67 97 000
67 98 000
67 99 000
67 100 000
67 101 000
67 102 000
67 103 000
67 104 000
67 105 000
67 106 000
67 107 000
67 108 000
67 109 000
67 110 000
67 111 000
67 112 000
67 113 000
67 114 000
67 115 000
67 116 000
67 117 000
67 118 000
67 119 000
67 120 000
67 121 000
67 122 000
67 123 000
67 124 000
67 125 000
67 126 000
67 127 000
67 128 000
67 129 000
67 130 000
67 131 000
67 132 000
67 133 000
67 134 000
67 135 000
67 136 000
67 137 000
67 138 000
67 139 000
67 140 000
67 141 000
67 142 000
67 143 000
67 144 000
67 145 000
67 146 000
67 147 000
67 148 000
67 149 000
67 150 000
67 151 000
67 152 000
67 153 000
67 154 000
67 155 000
67 156 000
67 157 000
67 158 000
67 159 000
67 160 000
67 161 000
67 162 000
67 163 000
67 164 000
67 165 000
67 166 000
67 167 000
67 168 000
67 169 000
67 170 000
67 171 000
67 172 000
67 173 000
67 174 000
67 175 000
67 176 000
67 177 000
67 178 000
67 179 000
67 180 000
67 181 000
67 182 000
67 183 000
67 184 000
67 185 000
67 186 000
67 187 000
67 188 000
67 189 000
67 190 000
67 191 000
67 192 000
67 193 000
67 194 000
67 195 000
67 196 000
67 197 000
67 198 000
67 199 000
67 200 000
67 201 000
67 202 000
67 203 000
67 204 000
67 205 000
67 206 000
67 207 000
67 208 000
67 209 000
67 210 000
67 211 000
67 212 000
67 213 000
67 214 000
67 215 000
67 216 000
67 217 000
67 218 000
67 219 000
67 220 000
67 221 000
67 222 000
67 223 000
67 224 000
67 225 000
67 226 000
67 227 000
67 228 000
67 229 000
67 230 000
67 231 000
67 232 000
67 233 000
67 234 000
67 235 000
67 236 000
67 237 000
67 238 000
67 239 000
67 240 000
67 241 000
67 242 000
67 243 000
67 244 000
67 245 000
67 246 000
67 247 000
67 248 000
67 249 000
67 250 000
67 251 000
67 252 000
67 253 000
67 254 000
67 255 000
67 256 000
67 257 000
67 258 000
67 259 000
67 260 000
67 261 000
67 262 000
67 263 000
67 264 000
67 265 000
67 266 000
67 267 000
67 268 000
67 269 000
67 270 000
67 271 000
67 272 000
67 273 000
67 274 000
67 275 000
67 276 000
67 277 000
67 278 000
67 279 000
67 280 000
67 281 000
67 282 000
67 283 000
67 284 000
67 285 000
67 286 000
67 287 000
67 288 000
67 289 000
67 290 000
67 291 000
67 292 000
67 293 000
67 294 000
67 295 000
67 296 000
67 297 000
67 298 000
67 299 000
67 300 000
67 301 000
67 302 000
67 303 000
67 304 000
67 305 000
67 306 000
67 307 000
67 308 000
67 309 000
67 310 000
67 311 000
67 312 000
67 313 000
67 314 000
67 315 000
67 316 000
67 317 000
67 318 000
67 319 000
68 0 000
68 1 000
68 2 000
68 3 000
68 4 000
68 5 000
68 6 000
68 7 000
68 8 000
68 9 000
68 10 000
68 11 000
68 12 000
68 13 000
68 14 000
68 15 000
68 16 000
68 17 000
68 18 000
68 19 000
68 20 000
68 21 000
68 22 000
68 23 000
68 24 000
68 25 000
68 26 000
68 27 000
68 28 000
68 29 000
68 30 000
68 31 000
68 32 000
68 33 000
68 34 000
68 35 000
68 36 000
68 37 000
68 38 000
68 39 000
68 40 000
68 41 000
68 42 000
68 43 000
68 44 000
68 45 000
68 46 000
68 47 000
68 48 000
68 49 000
68 50 000
68 51 000
68 52 000
68 53 000
68 54 000
68 55 000
68 56 000
68 57 000
68 58 000
68 59 000
68 60 000
68 61 000
68 62 000
68 63 000
68 64 000
68 65 000
68 66 000
68 67 000
68 68 000
68 69 000
68 70 000
68 71 000
68 72 000
68 73 000
68 74 000
68 75 000
68 76 000
68 77 000
68 78 000
68 79 000
68 80 000
68 81 000
68 82 000
68 83 000
68 84 000
68 85 000
68 86 000
68 87 000
68 88 000
68 89 000
68 90 000
68 91 000
68 92 000
68 93 000
68 94 000
68 95 000
68 96 000
68 97 000
68 98 000
68 99 000
68 100 000
68 101 000
68 102 000
68 103 000
68 104 000
68 105 000
68 106 000
68 107 000
68 108 000
68 109 000
68 110 000
68 111 000
68 112 000
68 113 000
68 114 000
68 115 000
68 116 000
68 117 000
68 118 000
68 119 000
68 120 000
68 121 000
68 122 000
68 123 000
68 124 000
68 125 000
68 126 000
68 127 000
68 128 000
68 129 000
68 130 000
68 131 000
68 132 000
68 133 000
68 134 000
68 135 000
68 136 000
68 137 000
68 138 000
68 139 000
68 140 000
68 141 000
68 142 000
68 143 000
68 144 000
68 145 000
68 146 000
68 147 000
68 148 000
68 149 000
68 150 000
68 151 000
68 152 000
68 153 000
68 154 000
68 155 000
68 156 000
68 157 000
68 158 000
68 159 000
68 160 000
68 161 000
68 162 000
68 163 000
68 164 000
68 165 000
68 166 000
68 167 000
68 168 000
68 169 000
68 170 000
68 171 000
68 172 000
68 173 000
68 174 000
68 175 000
68 176 000
68 177 000
68 178 000
68 179 000
68 180 000
68 181 000
68 182 000
68 183 000
68 184 000
68 185 000
68 186 000
68 187 000
68 188 000
68 189 000
68 190 000
68 191 000
68 192 000
68 193 000
68 194 000
68 195 000
68 196 000
68 197 000
68 198 000
68 199 000
68 200 000
68 201 000
68 202 000
68 203 000
68 204 000
68 205 000
68 206 000
68 207 000
68 208 000
68 209 000
68 210 000
68 211 000
68 212 000
68 213 000
68 214 000
68 215 000
68 216 000
68 217 000
68 218 000
68 219 000
68 220 000
68 221 000
68 222 000
68 223 000
68 224 000
68 225 000
68 226 000
68 227 000
68 228 000
68 229 000
68 230 000
68 231 000
68 232 000
68 233 000
68 234 000
68 235 000
68 236 000
68 237 000
68 238 000
68 239 000
68 240 000
68 241 000
68 242 000
68 243 000
68 244 000
68 245 000
68 246 000
68 247 000
68 248 000
68 249 000
68 250 000
68 251 000
68 252 000
68 253 000
68 254 000
68 255 000
68 256 000
68 257 000
68 258 000
68 259 000
68 260 000
68 261 000
68 262 000
68 263 000
68 264 000
68 265 000
68 266 000
68 267 000
68 268 000
68 269 000
68 270 000
68 271 000
68 272 000
68 273 000
68 274 000
68 275 000
68 276 000
68 277 000
68 278 000
68 279 000
68 280 000
68 281 000
68 282 000
68 283 000
68 284 000
68 285 000
68 286 000
68 287 000
68 288 000
68 289 000
68 290 000
68 291 000
68 292 000
68 293 000
68 294 000
68 295 000
68 296 000
68 297 000
68 298 000
68 299 000
68 300 000
68 301 000
68 302 000
68 303 000
68 304 000
68 305 000
68 306 000
68 307 000
68 308 000
68 309 000
68 310 000
68 311 000
68 312 000
68 313 000
68 314 000
68 315 000
68 316 000
68 317 000
68 318 000
68 319 000
69 0 000
69 1 000
69 2 000
69 3 000
69 4 000
69 5 000
69 6 000
69 7 000
69 8 000
69 9 000
69 10 000
69 11 000
69 12 000
69 13 000
69 14 000
69 15 000
69 16 000
69 17 000
69 18 000
69 19 000
69 20 000
69 21 000
69 22 000
69 23 000
69 24 000
69 25 000
69 26 000
69 27 000
69 28 000
69 29 000
69 30 000
69 31 000
69 32 000
69 33 000
69 34 000
69 35 000
69 36 000
69 37 000
69 38 000
69 39 000
69 40 000
69 41 000
69 42 000
69 43 000
69 44 000
69 45 000
69 46 000
69 47 000
69 48 000
69 49 000
69 50 000
69 51 000
69 52 000
69 53 000
69 54 000
69 55 000
69 56 000
69 57 000
69 58 000
69 59 000
69 60 000
69 61 000
69 62 000
69 63 000
69 64 000
69 65 000
69 66 000
69 67 000
69 68 000
69 69 000
69 70 000
69 71 000
69 72 000
69 73 000
69 74 000
69 75 000
69 76 000
69 77 000
69 78 000
69 79 000
69 80 000
69 81 000
69 82 000
69 83 000
69 84 000
69 85 000
69 86 000
69 87 000
69 88 000
69 89 000
69 90 000
69 91 000
69 92 000
69 93 000
69 94 000
69 95 000
69 96 000
69 97 000
69 98 000
69 99 000
69 100 000
69 101 000
69 102 000
69 103 000
69 104 000
69 105 000
69 106 000
69 107 000
69 108 000
69 109 000
69 110 000
69 111 000
69 112 000
69 113 000
69 114 000
69 115 000
69 116 000
69 117 000
69 118 000
69 119 000
69 120 000
69 121 000
69 122 000
69 123 000
69 124 000
69 125 000
69 126 000
69 127 000
69 128 000
69 129 000
69 130 000
69 131 000
69 132 000
69 133 000
69 134 000
69 135 000
69 136 000
69 137 000
69 138 000
69 139 000
69 140 000
69 141 000
69 142 000
69 143 000
69 144 000
69 145 000
69 146 000
69 147 000
69 148 000
69 149 000
69 150 000
69 151 000
69 152 000
69 153 000
69 154 000
69 155 000
69 156 000
69 157 000
69 158 000
69 159 000
69 160 000
69 161 000
69 162 000
69 163 000
69 164 000
69 165 000
69 166 000
69 167 000
69 168 000
69 169 000
69 170 000
69 171 000
69 172 000
69 173 000
69 174 000
69 175 000
69 176 000
69 177 000
69 178 000
69 179 000
69 180 000
69 181 000
69 182 000
69 183 000
69 184 000
69 185 000
69 186 000
69 187 000
69 188 000
69 189 000
69 190 000
69 191 000
69 192 000
69 193 000
69 194 000
69 195 000
69 196 000
69 197 000
69 198 000
69 199 000
69 200 000
69 201 000
69 202 000
69 203 000
69 204 000
69 205 000
69 206 000
69 207 000
69 208 000
69 209 000
69 210 000
69 211 000
69 212 000
69 213 000
69 214 000
69 215 000
69 216 000
69 217 000
69 218 000
69 219 000
69 220 000
69 221 000
69 222 000
69 223 000
69 224 000
69 225 000
69 226 000
69 227 000
69 228 000
69 229 000
69 230 000
69 231 000
69 232 000
69 233 000
69 234 000
69 235 000
69 236 000
69 237 000
69 238 000
69 239 000
69 240 000
69 241 000
69 242 000
69 243 000
69 244 000
69 245 000
69 246 000
69 247 000
69 248 000
69 249 000
69 250 000
69 251 000
69 252 000
69 253 000
69 254 000
69 255 000
69 256 000
69 257 000
69 258 000
69 259 000
69 260 000
69 261 000
69 262 000
69 263 000
69 264 000
69 265 000
69 266 000
69 267 000
69 268 000
69 269 000
69 270 000
69 271 000
69 272 000
69 273 000
69 274 000
69 275 000
69 276 000
69 277 000
69 278 000
69 279 000
69 280 000
69 281 000
69 282 000
69 283 000
69 284 000
69 285 000
69 286 000
69 287 000
69 288 000
69 289 000
69 290 000
69 291 000
69 292 000
69 293 000
69 294 000
69 295 000
69 296 000
69 297 000
69 298 000
69 299 000
69 300 000
69 301 000
69 302 000
69 303 000
69 304 000
69 305 000
69 306 000
69 307 000
69 308 000
69 309 000
69 310 000
69 311 000
69 312 000
69 313 000
69 314 000
69 315 000
69 316 000
69 317 000
69 318 000
69 319 000
70 0 000
70 1 000
70 2 000
70 3 000
70 4 000
70 5 000
70 6 000
70 7 000
70 8 000
70 9 000
70 10 000
70 11 000
70 12 000
70 13 000
70 14 000
70 15 000
70 16 000
70 17 000
70 18 000
70 19 000
70 20 000
70 21 000
70 22 000
70 23 000
70 24 000
70 25 000
70 26 000
70 27 000
70 28 000
70 29 000
70 30 000
70 31 000
70 32 000
70 33 000
70 34 000
70 35 000
70 36 000
70 37 000
70 38 000
70 39 000
70 40 000
70 41 000
70 42 000
70 43 000
70 44 000
70 45 000
70 46 000
70 47 000
70 48 000
70 49 000
70 50 000
70 51 000
70 52 000
70 53 000
70 54 000
70 55 000
70 56 000
70 57 000
70 58 000
70 59 000
70 60 000
70 61 000
70 62 000
70 63 000
70 64 000
70 65 000
70 66 000
70 67 000
70 68 000
70 69 000
70 70 000
70 71 000
70 72 000
70 73 000
70 74 000
70 75 000
70 76 000
70 77 000
70 78 000
70 79 000
70 80 000
70 81 000
70 82 000
70 83 000
70 84 000
70 85 000
70 86 000
70 87 000
70 88 000
70 89 000
70 90 000
70 91 000
70 92 000
70 93 000
70 94 000
70 95 000
70 96 000
70 97 000
70 98 000
70 99 000
70 100 000
70 101 000
70 102 000
70 103 000
70 104 000
70 105 000
70 106 000
70 107 000
70 108 000
70 109 000
70 110 000
70 111 000
70 112 000
70 113 000
70 114 000
70 115 000
70 116 000
70 117 000
70 118 000
70 119 000
70 120 000
70 121 000
70 122 000
70 123 000
70 124 000
70 125 000
70 126 000
70 127 000
70 128 000
70 129 000
70 130 000
70 131 000
70 132 000
70 133 000
70 134 000
70 135 000
70 136 000
70 137 000
70 138 000
70 139 000
70 140 000
70 141 000
70 142 000
70 143 000
70 144 000
70 145 000
70 146 000
70 147 000
70 148 000
70 149 000
70 150 000
70 151 000
70 152 000
70 153 000
70 154 000
70 155 000
70 156 000
70 157 000
70 158 000
70 159 000
70 160 000
70 161 000
70 162 000
70 163 000
70 164 000
70 165 000
70 166 000
70 167 000
70 168 000
70 169 000
70 170 000
70 171 000
70 172 000
70 173 000
70 174 000
70 175 000
70 176 000
70 177 000
70 178 000
70 179 000
70 180 000
70 181 000
70 182 000
70 183 000
70 184 000
70 185 000
70 186 000
70 187 000
70 188 000
70 189 000
70 190 000
70 191 000
70 192 000
70 193 000
70 194 000
70 195 000
70 196 000
70 197 000
70 198 000
70 199 000
70 200 000
70 201 000
70 202 000
70 203 000
70 204 000
70 205 000
70 206 000
70 207 000
70 208 000
70 209 000
70 210 000
70 211 000
70 212 000
70 213 000
70 214 000
70 215 000
70 216 000
70 217 000
70 218 000
70 219 000
70 220 000
70 221 000
70 222 000
70 223 000
70 224 000
70 225 000
70 226 000
70 227 000
70 228 000
70 229 000
70 230 000
70 231 000
70 232 000
70 233 000
70 234 000
70 235 000
70 236 000
70 237 000
70 238 000
70 239 000
70 240 000
70 241 000
70 242 000
70 243 000
70 244 000
70 245 000
70 246 000
70 247 000
70 248 000
70 249 000
70 250 000
70 251 000
70 252 000
70 253 000
70 254 000
70 255 000
70 256 000
70 257 000
70 258 000
70 259 000
70 260 000
70 261 000
70 262 000
70 263 000
70 264 000
70 265 000
70 266 000
70 267 000
70 268 000
70 269 000
70 270 000
70 271 000
70 272 000
70 273 000
70 274 000
70 275 000
70 276 000
70 277 000
70 278 000
70 279 000
70 280 000
70 281 000
70 282 000
70 283 000
70 284 000
70 285 000
70 286 000
70 287 000
70 288 000
70 289 000
70 290 000
70 291 000
70 292 000
70 293 000
70 294 000
70 295 000
70 296 000
70 297 000
70 298 000
70 299 000
70 300 000
70 301 000
70 302 000
70 303 000
70 304 000
70 305 000
70 306 000
70 307 000
70 308 000
70 309 000
70 310 000
70 311 000
70 312 000
70 313 000
70 314 000
70 315 000
70 316 000
70 317 000
70 318 000
70 319 000
71 0 000
71 1 000
71 2 000
71 3 000
71 4 000
71 5 000
71 6 000
71 7 000
71 8 000
71 9 000
71 10 000
71 11 000
71 12 000
71 13 000
71 14 000
71 15 000
71 16 000
71 17 000
71 18 000
71 19 000
71 20 000
71 21 000
71 22 000
71 23 000
71 24 000
71 25 000
71 26 000
71 27 000
71 28 000
71 29 000
71 30 000
71 31 000
71 32 000
71 33 000
71 34 000
71 35 000
71 36 000
71 37 000
71 38 000
71 39 000
71 40 000
71 41 000
71 42 000
71 43 000
71 44 000
71 45 000
71 46 000
71 47 000
71 48 000
71 49 000
71 50 000
71 51 000
71 52 000
71 53 000
71 54 000
71 55 000
71 56 000
71 57 000
71 58 000
71 59 000
71 60 000
71 61 000
71 62 000
71 63 000
71 64 000
71 65 000
71 66 000
71 67 000
71 68 000
71 69 000
71 70 000
71 71 000
71 72 000
71 73 000
71 74 000
71 75 000
71 76 000
71 77 000
71 78 000
71 79 000
71 80 000
71 81 000
71 82 000
71 83 000
71 84 000
71 85 000
71 86 000
71 87 000
71 88 000
71 89 000
71 90 000
71 91 000
71 92 000
71 93 000
71 94 000
71 95 000
71 96 000
71 97 000
71 98 000
71 99 000
71 100 000
71 101 000
71 102 000
71 103 000
71 104 000
71 105 000
71 106 000
71 107 000
71 108 000
71 109 000
71 110 000
71 111 000
71 112 000
71 113 000
71 114 000
71 115 000
71 116 000
71 117 000
71 118 000
71 119 000
71 120 000
71 121 000
71 122 000
71 123 000
71 124 000
71 125 000
71 126 000
71 127 000
71 128 000
71 129 000
71 130 000
71 131 000
71 132 000
71 133 000
71 134 000
71 135 000
71 136 000
71 137 000
71 138 000
71 139 000
71 140 000
71 141 000
71 142 000
71 143 000
71 144 000
71 145 000
71 146 000
71 147 000
71 148 000
71 149 000
71 150 000
71 151 000
71 152 000
71 153 000
71 154 000
71 155 000
71 156 000
71 157 000
71 158 000
71 159 000
71 160 000
71 161 000
71 162 000
71 163 000
71 164 000
71 165 000
71 166 000
71 167 000
71 168 000
71 169 000
71 170 000
71 171 000
71 172 000
71 173 000
71 174 000
71 175 000
71 176 000
71 177 000
71 178 000
71 179 000
71 180 000
71 181 000
71 182 000
71 183 000
71 184 000
71 185 000
71 186 000
71 187 000
71 188 000
71 189 000
71 190 000
71 191 000
71 192 000
71 193 000
71 194 000
71 195 000
71 196 000
71 197 000
71 198 000
71 199 000
71 200 000
71 201 000
71 202 000
71 203 000
71 204 000
71 205 000
71 206 000
71 207 000
71 208 000
71 209 000
71 210 000
71 211 000
71 212 000
71 213 000
71 214 000
71 215 000
71 216 000
71 217 000
71 218 000
71 219 000
71 220 000
71 221 000
71 222 000
71 223 000
71 224 000
71 225 000
71 226 000
71 227 000
71 228 000
71 229 000
71 230 000
71 231 000
71 232 000
71 233 000
71 234 000
71 235 000
71 236 000
71 237 000
71 238 000
71 239 000
71 240 000
71 241 000
71 242 000
71 243 000
71 244 000
71 245 000
71 246 000
71 247 000
71 248 000
71 249 000
71 250 000
71 251 000
71 252 000
71 253 000
71 254 000
71 255 000
71 256 000
71 257 000
71 258 000
71 259 000
71 260 000
71 261 000
71 262 000
71 263 000
71 264 000
71 265 000
71 266 000
71 267 000
71 268 000
71 269 000
71 270 000
71 271 000
71 272 000
71 273 000
71 274 000
71 275 000
71 276 000
71 277 000
71 278 000
71 279 000
71 280 000
71 281 000
71 282 000
71 283 000
71 284 000
71 285 000
71 286 000
71 287 000
71 288 000
71 289 000
71 290 000
71 291 000
71 292 000
71 293 000
71 294 000
71 295 000
71 296 000
71 297 000
71 298 000
71 299 000
71 300 000
71 301 000
71 302 000
71 303 000
71 304 000
71 305 000
71 306 000
71 307 000
71 308 000
71 309 000
71 310 000
71 311 000
71 312 000
71 313 000
71 314 000
71 315 000
71 316 000
71 317 000
71 318 000
71 319 000
72 0 000
72 1 000
72 2 000
72 3 000
72 4 000
72 5 000
72 6 000
72 7 000
72 8 000
72 9 000
72 10 000
72 11 000
72 12 000
72 13 000
72 14 000
72 15 000
72 16 000
72 17 000
72 18 000
72 19 000
72 20 000
72 21 000
72 22 000
72 23 000
72 24 000
72 25 000
72 26 000
72 27 000
72 28 000
72 29 000
72 30 000
72 31 000
72 32 000
72 33 000
72 34 000
72 35 000
72 36 000
72 37 000
72 38 000
72 39 000
72 40 000
72 41 000
72 42 000
72 43 000
72 44 000
72 45 000
72 46 000
72 47 000
72 48 000
72 49 000
72 50 000
72 51 000
72 52 000
72 53 000
72 54 000
72 55 000
72 56 000
72 57 000
72 58 000
72 59 000
72 60 000
72 61 000
72 62 000
72 63 000
72 64 000
72 65 000
72 66 000
72 67 000
72 68 000
72 69 000
72 70 000
72 71 000
72 72 000
72 73 000
72 74 000
72 75 000
72 76 000
72 77 000
72 78 000
72 79 000
72 80 000
72 81 000
72 82 000
72 83 000
72 84 000
72 85 000
72 86 000
72 87 000
72 88 000
72 89 000
72 90 000
72 91 000
72 92 000
72 93 000
72 94 000
72 95 000
72 96 000
72 97 000
72 98 000
72 99 000
72 100 000
72 101 000
72 102 000
72 103 000
72 104 000
72 105 000
72 106 000
72 107 000
72 108 000
72 109 000
72 110 000
72 111 000
72 112 000
72 113 000
72 114 000
72 115 000
72 116 000
72 117 000
72 118 000
72 119 000
72 120 000
72 121 000
72 122 000
72 123 000
72 124 000
72 125 000
72 126 000
72 127 000
72 128 000
72 129 000
72 130 000
72 131 000
72 132 000
72 133 000
72 134 000
72 135 000
72 136 000
72 137 000
72 138 000
72 139 000
72 140 000
72 141 000
72 142 000
72 143 000
72 144 000
72 145 000
72 146 000
72 147 000
72 148 000
72 149 000
72 150 000
72 151 000
72 152 000
72 153 000
72 154 000
72 155 000
72 156 000
72 157 000
72 158 000
72 159 000
72 160 000
72 161 000
72 162 000
72 163 000
72 164 000
72 165 000
72 166 000
72 167 000
72 168 000
72 169 000
72 170 000
72 171 000
72 172 000
72 173 000
72 174 000
72 175 000
72 176 000
72 177 000
72 178 000
72 179 000
72 180 000
72 181 000
72 182 000
72 183 000
72 184 000
72 185 000
72 186 000
72 187 000
72 188 000
72 189 000
72 190 000
72 191 000
72 192 000
72 193 000
72 194 000
72 195 000
72 196 000
72 197 000
72 198 000
72 199 000
72 200 000
72 201 000
72 202 000
72 203 000
72 204 000
72 205 000
72 206 000
72 207 000
72 208 000
72 209 000
72 210 000
72 211 000
72 212 000
72 213 000
72 214 000
72 215 000
72 216 000
72 217 000
72 218 000
72 219 000
72 220 000
72 221 000
72 222 000
72 223 000
72 224 000
72 225 000
72 226 000
72 227 000
72 228 000
72 229 000
72 230 000
72 231 000
72 232 000
72 233 000
72 234 000
72 235 000
72 236 000
72 237 000
72 238 000
72 239 000
72 240 000
72 241 000
72 242 000
72 243 000
72 244 000
72 245 000
72 246 000
72 247 000
72 248 000
72 249 000
72 250 000
72 251 000
72 252 000
72 253 000
72 254 000
72 255 000
72 256 000
72 257 000
72 258 000
72 259 000
72 260 000
72 261 000
72 262 000
72 263 000
72 264 000
72 265 000
72 266 000
72 267 000
72 268 000
72 269 000
72 270 000
72 271 000
72 272 000
72 273 000
72 274 000
72 275 000
72 276 000
72 277 000
72 278 000
72 279 000
72 280 000
72 281 000
72 282 000
72 283 000
72 284 000
72 285 000
72 286 000
72 287 000
72 288 000
72 289 000
72 290 000
72 291 000
72 292 000
72 293 000
72 294 000
72 295 000
72 296 000
72 297 000
72 298 000
72 299 000
72 300 000
72 301 000
72 302 000
72 303 000
72 304 000
72 305 000
72 306 000
72 307 000
72 308 000
72 309 000
72 310 000
72 311 000
72 312 000
72 313 000
72 314 000
72 315 000
72 316 000
72 317 000
72 318 000
72 319 000
73 0 000
73 1 000
73 2 000
73 3 000
73 4 000
73 5 000
73 6 000
73 7 000
73 8 000
73 9 000
73 10 000
73 11 000
73 12 000
73 13 000
73 14 000
73 15 000
73 16 000
73 17 000
73 18 000
73 19 000
73 20 000
73 21 000
73 22 000
73 23 000
73 24 000
73 25 000
73 26 000
73 27 000
73 28 000
73 29 000
73 30 000
73 31 000
73 32 000
73 33 000
73 34 000
73 35 000
73 36 000
73 37 000
73 38 000
73 39 000
73 40 000
73 41 000
73 42 000
73 43 000
73 44 000
73 45 000
73 46 000
73 47 000
73 48 000
73 49 000
73 50 000
73 51 000
73 52 000
73 53 000
73 54 000
73 55 000
73 56 000
73 57 000
73 58 000
73 59 000
73 60 000
73 61 000
73 62 000
73 63 000
73 64 000
73 65 000
73 66 000
73 67 000
73 68 000
73 69 000
73 70 000
73 71 000
73 72 000
73 73 000
73 74 000
73 75 000
73 76 000
73 77 000
73 78 000
73 79 000
73 80 000
73 81 000
73 82 000
73 83 000
73 84 000
73 85 000
73 86 000
73 87 000
73 88 000
73 89 000
73 90 000
73 91 000
73 92 000
73 93 000
73 94 000
73 95 000
73 96 000
73 97 000
73 98 000
73 99 000
73 100 000
73 101 000
73 102 000
73 103 000
73 104 000
73 105 000
73 106 000
73 107 000
73 108 000
73 109 000
73 110 000
73 111 000
73 112 000
73 113 000
73 114 000
73 115 000
73 116 000
73 117 000
73 118 000
73 119 000
73 120 000
73 121 000
73 122 000
73 123 000
73 124 000
73 125 000
73 126 000
73 127 000
73 128 000
73 129 000
73 130 000
73 131 000
73 132 000
73 133 000
73 134 000
73 135 000
73 136 000
73 137 000
73 138 000
73 139 000
73 140 000
73 141 000
73 142 000
73 143 000
73 144 000
73 145 000
73 146 000
73 147 000
73 148 000
73 149 000
73 150 000
73 151 000
73 152 000
73 153 000
73 154 000
73 155 000
73 156 000
73 157 000
73 158 000
73 159 000
73 160 000
73 161 000
73 162 000
73 163 000
73 164 000
73 165 000
73 166 000
73 167 000
73 168 000
73 169 000
73 170 000
73 171 000
73 172 000
73 173 000
73 174 000
73 175 000
73 176 000
73 177 000
73 178 000
73 179 000
73 180 000
73 181 000
73 182 000
73 183 000
73 184 000
73 185 000
73 186 000
73 187 000
73 188 000
73 189 000
73 190 000
73 191 000
73 192 000
73 193 000
73 194 000
73 195 000
73 196 000
73 197 000
73 198 000
73 199 000
73 200 000
73 201 000
73 202 000
73 203 000
73 204 000
73 205 000
73 206 000
73 207 000
73 208 000
73 209 000
73 210 000
73 211 000
73 212 000
73 213 000
73 214 000
73 215 000
73 216 000
73 217 000
73 218 000
73 219 000
73 220 000
73 221 000
73 222 000
73 223 000
73 224 000
73 225 000
73 226 000
73 227 000
73 228 000
73 229 000
73 230 000
73 231 000
73 232 000
73 233 000
73 234 000
73 235 000
73 236 000
73 237 000
73 238 000
73 239 000
73 240 000
73 241 000
73 242 000
73 243 000
73 244 000
73 245 000
73 246 000
73 247 000
73 248 000
73 249 000
73 250 000
73 251 000
73 252 000
73 253 000
73 254 000
73 255 000
73 256 000
73 257 000
73 258 000
73 259 000
73 260 000
73 261 000
73 262 000
73 263 000
73 264 000
73 265 000
73 266 000
73 267 000
73 268 000
73 269 000
73 270 000
73 271 000
73 272 000
73 273 000
73 274 000
73 275 000
73 276 000
73 277 000
73 278 000
73 279 000
73 280 000
73 281 000
73 282 000
73 283 000
73 284 000
73 285 000
73 286 000
73 287 000
73 288 000
73 289 000
73 290 000
73 291 000
73 292 000
73 293 000
73 294 000
73 295 000
73 296 000
73 297 000
73 298 000
73 299 000
73 300 000
73 301 000
73 302 000
73 303 000
73 304 000
73 305 000
73 306 000
73 307 000
73 308 000
73 309 000
73 310 000
73 311 000
73 312 000
73 313 000
73 314 000
73 315 000
73 316 000
73 317 000
73 318 000
73 319 000
74 0 000
74 1 000
74 2 000
74 3 000
74 4 000
74 5 000
74 6 000
74 7 000
74 8 000
74 9 000
74 10 000
74 11 000
74 12 000
74 13 000
74 14 000
74 15 000
74 16 000
74 17 000
74 18 000
74 19 000
74 20 000
74 21 000
74 22 000
74 23 000
74 24 000
74 25 000
74 26 000
74 27 000
74 28 000
74 29 000
74 30 000
74 31 000
74 32 000
74 33 000
74 34 000
74 35 000
74 36 000
74 37 000
74 38 000
74 39 000
74 40 000
74 41 000
74 42 000
74 43 000
74 44 000
74 45 000
74 46 000
74 47 000
74 48 000
74 49 000
74 50 000
74 51 000
74 52 000
74 53 000
74 54 000
74 55 000
74 56 000
74 57 000
74 58 000
74 59 000
74 60 000
74 61 000
74 62 000
74 63 000
74 64 000
74 65 000
74 66 000
74 67 000
74 68 000
74 69 000
74 70 000
74 71 000
74 72 000
74 73 000
74 74 000
74 75 000
74 76 000
74 77 000
74 78 000
74 79 000
74 80 000
74 81 000
74 82 000
74 83 000
74 84 000
74 85 000
74 86 000
74 87 000
74 88 000
74 89 000
74 90 000
74 91 000
74 92 000
74 93 000
74 94 000
74 95 000
74 96 000
74 97 000
74 98 000
74 99 000
74 100 000
74 101 000
74 102 000
74 103 000
74 104 000
74 105 000
74 106 000
74 107 000
74 108 000
74 109 000
74 110 000
74 111 000
74 112 000
74 113 000
74 114 000
74 115 000
74 116 000
74 117 000
74 118 000
74 119 000
74 120 000
74 121 000
74 122 000
74 123 000
74 124 000
74 125 000
74 126 000
74 127 000
74 128 000
74 129 000
74 130 000
74 131 000
74 132 000
74 133 000
74 134 000
74 135 000
74 136 000
74 137 000
74 138 000
74 139 000
74 140 000
74 141 000
74 142 000
74 143 000
74 144 000
74 145 000
74 146 000
74 147 000
74 148 000
74 149 000
74 150 000
74 151 000
74 152 000
74 153 000
74 154 000
74 155 000
74 156 000
74 157 000
74 158 000
74 159 000
74 160 000
74 161 000
74 162 000
74 163 000
74 164 000
74 165 000
74 166 000
74 167 000
74 168 000
74 169 000
74 170 000
74 171 000
74 172 000
74 173 000
74 174 000
74 175 000
74 176 000
74 177 000
74 178 000
74 179 000
74 180 000
74 181 000
74 182 000
74 183 000
74 184 000
74 185 000
74 186 000
74 187 000
74 188 000
74 189 000
74 190 000
74 191 000
74 192 000
74 193 000
74 194 000
74 195 000
74 196 000
74 197 000
74 198 000
74 199 000
74 200 000
74 201 000
74 202 000
74 203 000
74 204 000
74 205 000
74 206 000
74 207 000
74 208 000
74 209 000
74 210 000
74 211 000
74 212 000
74 213 000
74 214 000
74 215 000
74 216 000
74 217 000
74 218 000
74 219 000
74 220 000
74 221 000
74 222 000
74 223 000
74 224 000
74 225 000
74 226 000
74 227 000
74 228 000
74 229 000
74 230 000
74 231 000
74 232 000
74 233 000
74 234 000
74 235 000
74 236 000
74 237 000
74 238 000
74 239 000
74 240 000
74 241 000
74 242 000
74 243 000
74 244 000
74 245 000
74 246 000
74 247 000
74 248 000
74 249 000
74 250 000
74 251 000
74 252 000
74 253 000
74 254 000
74 255 000
74 256 000
74 257 000
74 258 000
74 259 000
74 260 000
74 261 000
74 262 000
74 263 000
74 264 000
74 265 000
74 266 000
74 267 000
74 268 000
74 269 000
74 270 000
74 271 000
74 272 000
74 273 000
74 274 000
74 275 000
74 276 000
74 277 000
74 278 000
74 279 000
74 280 000
74 281 000
74 282 000
74 283 000
74 284 000
74 285 000
74 286 000
74 287 000
74 288 000
74 289 000
74 290 000
74 291 000
74 292 000
74 293 000
74 294 000
74 295 000
74 296 000
74 297 000
74 298 000
74 299 000
74 300 000
74 301 000
74 302 000
74 303 000
74 304 000
74 305 000
74 306 000
74 307 000
74 308 000
74 309 000
74 310 000
74 311 000
74 312 000
74 313 000
74 314 000
74 315 000
74 316 000
74 317 000
74 318 000
74 319 000
75 0 000
75 1 000
75 2 000
75 3 000
75 4 000
75 5 000
75 6 000
75 7 000
75 8 000
75 9 000
75 10 000
75 11 000
75 12 000
75 13 000
75 14 000
75 15 000
75 16 000
75 17 000
75 18 000
75 19 000
75 20 000
75 21 000
75 22 000
75 23 000
75 24 000
75 25 000
75 26 000
75 27 000
75 28 000
75 29 000
75 30 000
75 31 000
75 32 000
75 33 000
75 34 000
75 35 000
75 36 000
75 37 000
75 38 000
75 39 000
75 40 000
75 41 000
75 42 000
75 43 000
75 44 000
75 45 000
75 46 000
75 47 000
75 48 000
75 49 000
75 50 000
75 51 000
75 52 000
75 53 000
75 54 000
75 55 000
75 56 000
75 57 000
75 58 000
75 59 000
75 60 000
75 61 000
75 62 000
75 63 000
75 64 000
75 65 000
75 66 000
75 67 000
75 68 000
75 69 000
75 70 000
75 71 000
75 72 000
75 73 000
75 74 000
75 75 000
75 76 000
75 77 000
75 78 000
75 79 000
75 80 000
75 81 000
75 82 000
75 83 000
75 84 000
75 85 000
75 86 000
75 87 000
75 88 000
75 89 000
75 90 000
75 91 000
75 92 000
75 93 000
75 94 000
75 95 000
75 96 000
75 97 000
75 98 000
75 99 000
75 100 000
75 101 000
75 102 000
75 103 000
75 104 000
75 105 000
75 106 000
75 107 000
75 108 000
75 109 000
75 110 000
75 111 000
75 112 000
75 113 000
75 114 000
75 115 000
75 116 000
75 117 000
75 118 000
75 119 000
75 120 000
75 121 000
75 122 000
75 123 000
75 124 000
75 125 000
75 126 000
75 127 000
75 128 000
75 129 000
75 130 000
75 131 000
75 132 000
75 133 000
75 134 000
75 135 000
75 136 000
75 137 000
75 138 000
75 139 000
75 140 000
75 141 000
75 142 000
75 143 000
75 144 000
75 145 000
75 146 000
75 147 000
75 148 000
75 149 000
75 150 000
75 151 000
75 152 000
75 153 000
75 154 000
75 155 000
75 156 000
75 157 000
75 158 000
75 159 000
75 160 000
75 161 000
75 162 000
75 163 000
75 164 000
75 165 000
75 166 000
75 167 000
75 168 000
75 169 000
75 170 000
75 171 000
75 172 000
75 173 000
75 174 000
75 175 000
75 176 000
75 177 000
75 178 000
75 179 000
75 180 000
75 181 000
75 182 000
75 183 000
75 184 000
75 185 000
75 186 000
75 187 000
75 188 000
75 189 000
75 190 000
75 191 000
75 192 000
75 193 000
75 194 000
75 195 000
75 196 000
75 197 000
75 198 000
75 199 000
75 200 000
75 201 000
75 202 000
75 203 000
75 204 000
75 205 000
75 206 000
75 207 000
75 208 000
75 209 000
75 210 000
75 211 000
75 212 000
75 213 000
75 214 000
75 215 000
75 216 000
75 217 000
75 218 000
75 219 000
75 220 000
75 221 000
75 222 000
75 223 000
75 224 000
75 225 000
75 226 000
75 227 000
75 228 000
75 229 000
75 230 000
75 231 000
75 232 000
75 233 000
75 234 000
75 235 000
75 236 000
75 237 000
75 238 000
75 239 000
75 240 000
75 241 000
75 242 000
75 243 000
75 244 000
75 245 000
75 246 000
75 247 000
75 248 000
75 249 000
75 250 000
75 251 000
75 252 000
75 253 000
75 254 000
75 255 000
75 256 000
75 257 000
75 258 000
75 259 000
75 260 000
75 261 000
75 262 000
75 263 000
75 264 000
75 265 000
75 266 000
75 267 000
75 268 000
75 269 000
75 270 000
75 271 000
75 272 000
75 273 000
75 274 000
75 275 000
75 276 000
75 277 000
75 278 000
75 279 000
75 280 000
75 281 000
75 282 000
75 283 000
75 284 000
75 285 000
75 286 000
75 287 000
75 288 000
75 289 000
75 290 000
75 291 000
75 292 000
75 293 000
75 294 000
75 295 000
75 296 000
75 297 000
75 298 000
75 299 000
75 300 000
75 301 000
75 302 000
75 303 000
75 304 000
75 305 000
75 306 000
75 307 000
75 308 000
75 309 000
75 310 000
75 311 000
75 312 000
75 313 000
75 314 000
75 315 000
75 316 000
75 317 000
75 318 000
75 319 000
76 0 000
76 1 000
76 2 000
76 3 000
76 4 000
76 5 000
76 6 000
76 7 000
76 8 000
76 9 000
76 10 000
76 11 000
76 12 000
76 13 000
76 14 000
76 15 000
76 16 000
76 17 000
76 18 000
76 19 000
76 20 000
76 21 000
76 22 000
76 23 000
76 24 000
76 25 000
76 26 000
76 27 000
76 28 000
76 29 000
76 30 000
76 31 000
76 32 000
76 33 000
76 34 000
76 35 000
76 36 000
76 37 000
76 38 000
76 39 000
76 40 000
76 41 000
76 42 000
76 43 000
76 44 000
76 45 000
76 46 000
76 47 000
76 48 000
76 49 000
76 50 000
76 51 000
76 52 000
76 53 000
76 54 000
76 55 000
76 56 000
76 57 000
76 58 000
76 59 000
76 60 000
76 61 000
76 62 000
76 63 000
76 64 000
76 65 000
76 66 000
76 67 000
76 68 000
76 69 000
76 70 000
76 71 000
76 72 000
76 73 000
76 74 000
76 75 000
76 76 000
76 77 000
76 78 000
76 79 000
76 80 000
76 81 000
76 82 000
76 83 000
76 84 000
76 85 000
76 86 000
76 87 000
76 88 000
76 89 000
76 90 000
76 91 000
76 92 000
76 93 000
76 94 000
76 95 000
76 96 000
76 97 000
76 98 000
76 99 000
76 100 000
76 101 000
76 102 000
76 103 000
76 104 000
76 105 000
76 106 000
76 107 000
76 108 000
76 109 000
76 110 000
76 111 000
76 112 000
76 113 000
76 114 000
76 115 000
76 116 000
76 117 000
76 118 000
76 119 000
76 120 000
76 121 000
76 122 000
76 123 000
76 124 000
76 125 000
76 126 000
76 127 000
76 128 000
76 129 000
76 130 000
76 131 000
76 132 000
76 133 000
76 134 000
76 135 000
76 136 000
76 137 000
76 138 000
76 139 000
76 140 000
76 141 000
76 142 000
76 143 000
76 144 000
76 145 000
76 146 000
76 147 000
76 148 000
76 149 000
76 150 000
76 151 000
76 152 000
76 153 000
76 154 000
76 155 000
76 156 000
76 157 000
76 158 000
76 159 000
76 160 000
76 161 000
76 162 000
76 163 000
76 164 000
76 165 000
76 166 000
76 167 000
76 168 000
76 169 000
76 170 000
76 171 000
76 172 000
76 173 000
76 174 000
76 175 000
76 176 000
76 177 000
76 178 000
76 179 000
76 180 000
76 181 000
76 182 000
76 183 000
76 184 000
76 185 000
76 186 000
76 187 000
76 188 000
76 189 000
76 190 000
76 191 000
76 192 000
76 193 000
76 194 000
76 195 000
76 196 000
76 197 000
76 198 000
76 199 000
76 200 000
76 201 000
76 202 000
76 203 000
76 204 000
76 205 000
76 206 000
76 207 000
76 208 000
76 209 000
76 210 000
76 211 000
76 212 000
76 213 000
76 214 000
76 215 000
76 216 000
76 217 000
76 218 000
76 219 000
76 220 000
76 221 000
76 222 000
76 223 000
76 224 000
76 225 000
76 226 000
76 227 000
76 228 000
76 229 000
76 230 000
76 231 000
76 232 000
76 233 000
76 234 000
76 235 000
76 236 000
76 237 000
76 238 000
76 239 000
76 240 000
76 241 000
76 242 000
76 243 000
76 244 000
76 245 000
76 246 000
76 247 000
76 248 000
76 249 000
76 250 000
76 251 000
76 252 000
76 253 000
76 254 000
76 255 000
76 256 000
76 257 000
76 258 000
76 259 000
76 260 000
76 261 000
76 262 000
76 263 000
76 264 000
76 265 000
76 266 000
76 267 000
76 268 000
76 269 000
76 270 000
76 271 000
76 272 000
76 273 000
76 274 000
76 275 000
76 276 000
76 277 000
76 278 000
76 279 000
76 280 000
76 281 000
76 282 000
76 283 000
76 284 000
76 285 000
76 286 000
76 287 000
76 288 000
76 289 000
76 290 000
76 291 000
76 292 000
76 293 000
76 294 000
76 295 000
76 296 000
76 297 000
76 298 000
76 299 000
76 300 000
76 301 000
76 302 000
76 303 000
76 304 000
76 305 000
76 306 000
76 307 000
76 308 000
76 309 000
76 310 000
76 311 000
76 312 000
76 313 000
76 314 000
76 315 000
76 316 000
76 317 000
76 318 000
76 319 000
77 0 000
77 1 000
77 2 000
77 3 000
77 4 000
77 5 000
77 6 000
77 7 000
77 8 000
77 9 000
77 10 000
77 11 000
77 12 000
77 13 000
77 14 000
77 15 000
77 16 000
77 17 000
77 18 000
77 19 000
77 20 000
77 21 000
77 22 000
77 23 000
77 24 000
77 25 000
77 26 000
77 27 000
77 28 000
77 29 000
77 30 000
77 31 000
77 32 000
77 33 000
77 34 000
77 35 000
77 36 000
77 37 000
77 38 000
77 39 000
77 40 000
77 41 000
77 42 000
77 43 000
77 44 000
77 45 000
77 46 000
77 47 000
77 48 000
77 49 000
77 50 000
77 51 000
77 52 000
77 53 000
77 54 000
77 55 000
77 56 000
77 57 000
77 58 000
77 59 000
77 60 000
77 61 000
77 62 000
77 63 000
77 64 000
77 65 000
77 66 000
77 67 000
77 68 000
77 69 000
77 70 000
77 71 000
77 72 000
77 73 000
77 74 000
77 75 000
77 76 000
77 77 000
77 78 000
77 79 000
77 80 000
77 81 000
77 82 000
77 83 000
77 84 000
77 85 000
77 86 000
77 87 000
77 88 000
77 89 000
77 90 000
77 91 000
77 92 000
77 93 000
77 94 000
77 95 000
77 96 000
77 97 000
77 98 000
77 99 000
77 100 000
77 101 000
77 102 000
77 103 000
77 104 000
77 105 000
77 106 000
77 107 000
77 108 000
77 109 000
77 110 000
77 111 000
77 112 000
77 113 000
77 114 000
77 115 000
77 116 000
77 117 000
77 118 000
77 119 000
77 120 000
77 121 000
77 122 000
77 123 000
77 124 000
77 125 000
77 126 000
77 127 000
77 128 000
77 129 000
77 130 000
77 131 000
77 132 000
77 133 000
77 134 000
77 135 000
77 136 000
77 137 000
77 138 000
77 139 000
77 140 000
77 141 000
77 142 000
77 143 000
77 144 000
77 145 000
77 146 000
77 147 000
77 148 000
77 149 000
77 150 000
77 151 000
77 152 000
77 153 000
77 154 000
77 155 000
77 156 000
77 157 000
77 158 000
77 159 000
77 160 000
77 161 000
77 162 000
77 163 000
77 164 000
77 165 000
77 166 000
77 167 000
77 168 000
77 169 000
77 170 000
77 171 000
77 172 000
77 173 000
77 174 000
77 175 000
77 176 000
77 177 000
77 178 000
77 179 000
77 180 000
77 181 000
77 182 000
77 183 000
77 184 000
77 185 000
77 186 000
77 187 000
77 188 000
77 189 000
77 190 000
77 191 000
77 192 000
77 193 000
77 194 000
77 195 000
77 196 000
77 197 000
77 198 000
77 199 000
77 200 000
77 201 000
77 202 000
77 203 000
77 204 000
77 205 000
77 206 000
77 207 000
77 208 000
77 209 000
77 210 000
77 211 000
77 212 000
77 213 000
77 214 000
77 215 000
77 216 000
77 217 000
77 218 000
77 219 000
77 220 000
77 221 000
77 222 000
77 223 000
77 224 000
77 225 000
77 226 000
77 227 000
77 228 000
77 229 000
77 230 000
77 231 000
77 232 000
77 233 000
77 234 000
77 235 000
77 236 000
77 237 000
77 238 000
77 239 000
77 240 000
77 241 000
77 242 000
77 243 000
77 244 000
77 245 000
77 246 000
77 247 000
77 248 000
77 249 000
77 250 000
77 251 000
77 252 000
77 253 000
77 254 000
77 255 000
77 256 000
77 257 000
77 258 000
77 259 000
77 260 000
77 261 000
77 262 000
77 263 000
77 264 000
77 265 000
77 266 000
77 267 000
77 268 000
77 269 000
77 270 000
77 271 000
77 272 000
77 273 000
77 274 000
77 275 000
77 276 000
77 277 000
77 278 000
77 279 000
77 280 000
77 281 000
77 282 000
77 283 000
77 284 000
77 285 000
77 286 000
77 287 000
77 288 000
77 289 000
77 290 000
77 291 000
77 292 000
77 293 000
77 294 000
77 295 000
77 296 000
77 297 000
77 298 000
77 299 000
77 300 000
77 301 000
77 302 000
77 303 000
77 304 000
77 305 000
77 306 000
77 307 000
77 308 000
77 309 000
77 310 000
77 311 000
77 312 000
77 313 000
77 314 000
77 315 000
77 316 000
77 317 000
77 318 000
77 319 000
78 0 000
78 1 000
78 2 000
78 3 000
78 4 000
78 5 000
78 6 000
78 7 000
78 8 000
78 9 000
78 10 000
78 11 000
78 12 000
78 13 000
78 14 000
78 15 000
78 16 000
78 17 000
78 18 000
78 19 000
78 20 000
78 21 000
78 22 000
78 23 000
78 24 000
78 25 000
78 26 000
78 27 000
78 28 000
78 29 000
78 30 000
78 31 000
78 32 000
78 33 000
78 34 000
78 35 000
78 36 000
78 37 000
78 38 000
78 39 000
78 40 000
78 41 000
78 42 000
78 43 000
78 44 000
78 45 000
78 46 000
78 47 000
78 48 000
78 49 000
78 50 000
78 51 000
78 52 000
78 53 000
78 54 000
78 55 000
78 56 000
78 57 000
78 58 000
78 59 000
78 60 000
78 61 000
78 62 000
78 63 000
78 64 000
78 65 000
78 66 000
78 67 000
78 68 000
78 69 000
78 70 000
78 71 000
78 72 000
78 73 000
78 74 000
78 75 000
78 76 000
78 77 000
78 78 000
78 79 000
78 80 000
78 81 000
78 82 000
78 83 000
78 84 000
78 85 000
78 86 000
78 87 000
78 88 000
78 89 000
78 90 000
78 91 000
78 92 000
78 93 000
78 94 000
78 95 000
78 96 000
78 97 000
78 98 000
78 99 000
78 100 000
78 101 000
78 102 000
78 103 000
78 104 000
78 105 000
78 106 000
78 107 000
78 108 000
78 109 000
78 110 000
78 111 000
78 112 000
78 113 000
78 114 000
78 115 000
78 116 000
78 117 000
78 118 000
78 119 000
78 120 000
78 121 000
78 122 000
78 123 000
78 124 000
78 125 000
78 126 000
78 127 000
78 128 000
78 129 000
78 130 000
78 131 000
78 132 000
78 133 000
78 134 000
78 135 000
78 136 000
78 137 000
78 138 000
78 139 000
78 140 000
78 141 000
78 142 000
78 143 000
78 144 000
78 145 000
78 146 000
78 147 000
78 148 000
78 149 000
78 150 000
78 151 000
78 152 000
78 153 000
78 154 000
78 155 000
78 156 000
78 157 000
78 158 000
78 159 000
78 160 000
78 161 000
78 162 000
78 163 000
78 164 000
78 165 000
78 166 000
78 167 000
78 168 000
78 169 000
78 170 000
78 171 000
78 172 000
78 173 000
78 174 000
78 175 000
78 176 000
78 177 000
78 178 000
78 179 000
78 180 000
78 181 000
78 182 000
78 183 000
78 184 000
78 185 000
78 186 000
78 187 000
78 188 000
78 189 000
78 190 000
78 191 000
78 192 000
78 193 000
78 194 000
78 195 000
78 196 000
78 197 000
78 198 000
78 199 000
78 200 000
78 201 000
78 202 000
78 203 000
78 204 000
78 205 000
78 206 000
78 207 000
78 208 000
78 209 000
78 210 000
78 211 000
78 212 000
78 213 000
78 214 000
78 215 000
78 216 000
78 217 000
78 218 000
78 219 000
78 220 000
78 221 000
78 222 000
78 223 000
78 224 000
78 225 000
78 226 000
78 227 000
78 228 000
78 229 000
78 230 000
78 231 000
78 232 000
78 233 000
78 234 000
78 235 000
78 236 000
78 237 000
78 238 000
78 239 000
78 240 000
78 241 000
78 242 000
78 243 000
78 244 000
78 245 000
78 246 000
78 247 000
78 248 000
78 249 000
78 250 000
78 251 000
78 252 000
78 253 000
78 254 000
78 255 000
78 256 000
78 257 000
78 258 000
78 259 000
78 260 000
78 261 000
78 262 000
78 263 000
78 264 000
78 265 000
78 266 000
78 267 000
78 268 000
78 269 000
78 270 000
78 271 000
78 272 000
78 273 000
78 274 000
78 275 000
78 276 000
78 277 000
78 278 000
78 279 000
78 280 000
78 281 000
78 282 000
78 283 000
78 284 000
78 285 000
78 286 000
78 287 000
78 288 000
78 289 000
78 290 000
78 291 000
78 292 000
78 293 000
78 294 000
78 295 000
78 296 000
78 297 000
78 298 000
78 299 000
78 300 000
78 301 000
78 302 000
78 303 000
78 304 000
78 305 000
78 306 000
78 307 000
78 308 000
78 309 000
78 310 000
78 311 000
78 312 000
78 313 000
78 314 000
78 315 000
78 316 000
78 317 000
78 318 000
78 319 000
79 0 000
79 1 000
79 2 000
79 3 000
79 4 000
79 5 000
79 6 000
79 7 000
79 8 000
79 9 000
79 10 000
79 11 000
79 12 000
79 13 000
79 14 000
79 15 000
79 16 000
79 17 000
79 18 000
79 19 000
79 20 000
79 21 000
79 22 000
79 23 000
79 24 000
79 25 000
79 26 000
79 27 000
79 28 000
79 29 000
79 30 000
79 31 000
79 32 000
79 33 000
79 34 000
79 35 000
79 36 000
79 37 000
79 38 000
79 39 000
79 40 000
79 41 000
79 42 000
79 43 000
79 44 000
79 45 000
79 46 000
79 47 000
79 48 000
79 49 000
79 50 000
79 51 000
79 52 000
79 53 000
79 54 000
79 55 000
79 56 000
79 57 000
79 58 000
79 59 000
79 60 000
79 61 000
79 62 000
79 63 000
79 64 000
79 65 000
79 66 000
79 67 000
79 68 000
79 69 000
79 70 000
79 71 000
79 72 000
79 73 000
79 74 000
79 75 000
79 76 000
79 77 000
79 78 000
79 79 000
79 80 000
79 81 000
79 82 000
79 83 000
79 84 000
79 85 000
79 86 000
79 87 000
79 88 000
79 89 000
79 90 000
79 91 000
79 92 000
79 93 000
79 94 000
79 95 000
79 96 000
79 97 000
79 98 000
79 99 000
79 100 000
79 101 000
79 102 000
79 103 000
79 104 000
79 105 000
79 106 000
79 107 000
79 108 000
79 109 000
79 110 000
79 111 000
79 112 000
79 113 000
79 114 000
79 115 000
79 116 000
79 117 000
79 118 000
79 119 000
79 120 000
79 121 000
79 122 000
79 123 000
79 124 000
79 125 000
79 126 000
79 127 000
79 128 000
79 129 000
79 130 000
79 131 000
79 132 000
79 133 000
79 134 000
79 135 000
79 136 000
79 137 000
79 138 000
79 139 000
79 140 000
79 141 000
79 142 000
79 143 000
79 144 000
79 145 000
79 146 000
79 147 000
79 148 000
79 149 000
79 150 000
79 151 000
79 152 000
79 153 000
79 154 000
79 155 000
79 156 000
79 157 000
79 158 000
79 159 000
79 160 000
79 161 000
79 162 000
79 163 000
79 164 000
79 165 000
79 166 000
79 167 000
79 168 000
79 169 000
79 170 000
79 171 000
79 172 000
79 173 000
79 174 000
79 175 000
79 176 000
79 177 000
79 178 000
79 179 000
79 180 000
79 181 000
79 182 000
79 183 000
79 184 000
79 185 000
79 186 000
79 187 000
79 188 000
79 189 000
79 190 000
79 191 000
79 192 000
79 193 000
79 194 000
79 195 000
79 196 000
79 197 000
79 198 000
79 199 000
79 200 000
79 201 000
79 202 000
79 203 000
79 204 000
79 205 000
79 206 000
79 207 000
79 208 000
79 209 000
79 210 000
79 211 000
79 212 000
79 213 000
79 214 000
79 215 000
79 216 000
79 217 000
79 218 000
79 219 000
79 220 000
79 221 000
79 222 000
79 223 000
79 224 000
79 225 000
79 226 000
79 227 000
79 228 000
79 229 000
79 230 000
79 231 000
79 232 000
79 233 000
79 234 000
79 235 000
79 236 000
79 237 000
79 238 000
79 239 000
79 240 000
79 241 000
79 242 000
79 243 000
79 244 000
79 245 000
79 246 000
79 247 000
79 248 000
79 249 000
79 250 000
79 251 000
79 252 000
79 253 000
79 254 000
79 255 000
79 256 000
79 257 000
79 258 000
79 259 000
79 260 000
79 261 000
79 262 000
79 263 000
79 264 000
79 265 000
79 266 000
79 267 000
79 268 000
79 269 000
79 270 000
79 271 000
79 272 000
79 273 000
79 274 000
79 275 000
79 276 000
79 277 000
79 278 000
79 279 000
79 280 000
79 281 000
79 282 000
79 283 000
79 284 000
79 285 000
79 286 000
79 287 000
79 288 000
79 289 000
79 290 000
79 291 000
79 292 000
79 293 000
79 294 000
79 295 000
79 296 000
79 297 000
79 298 000
79 299 000
79 300 000
79 301 000
79 302 000
79 303 000
79 304 000
79 305 000
79 306 000
79 307 000
79 308 000
79 309 000
79 310 000
79 311 000
79 312 000
79 313 000
79 314 000
79 315 000
79 316 000
79 317 000
79 318 000
79 319 000
80 0 000
80 1 000
80 2 000
80 3 000
80 4 000
80 5 000
80 6 000
80 7 000
80 8 000
80 9 000
80 10 000
80 11 000
80 12 000
80 13 000
80 14 000
80 15 000
80 16 000
80 17 000
80 18 000
80 19 000
80 20 000
80 21 000
80 22 000
80 23 000
80 24 000
80 25 000
80 26 000
80 27 000
80 28 000
80 29 000
80 30 000
80 31 000
80 32 000
80 33 000
80 34 000
80 35 000
80 36 000
80 37 000
80 38 000
80 39 000
80 40 000
80 41 000
80 42 000
80 43 000
80 44 000
80 45 000
80 46 000
80 47 000
80 48 000
80 49 000
80 50 000
80 51 000
80 52 000
80 53 000
80 54 000
80 55 000
80 56 000
80 57 000
80 58 000
80 59 000
80 60 000
80 61 000
80 62 000
80 63 000
80 64 000
80 65 000
80 66 000
80 67 000
80 68 000
80 69 000
80 70 000
80 71 000
80 72 000
80 73 000
80 74 000
80 75 000
80 76 000
80 77 000
80 78 000
80 79 000
80 80 000
80 81 000
80 82 000
80 83 000
80 84 000
80 85 000
80 86 000
80 87 000
80 88 000
80 89 000
80 90 000
80 91 000
80 92 000
80 93 000
80 94 000
80 95 000
80 96 000
80 97 000
80 98 000
80 99 000
80 100 000
80 101 000
80 102 000
80 103 000
80 104 000
80 105 000
80 106 000
80 107 000
80 108 000
80 109 000
80 110 000
80 111 000
80 112 000
80 113 000
80 114 000
80 115 000
80 116 000
80 117 000
80 118 000
80 119 000
80 120 000
80 121 000
80 122 000
80 123 000
80 124 000
80 125 000
80 126 000
80 127 000
80 128 000
80 129 000
80 130 000
80 131 000
80 132 000
80 133 000
80 134 000
80 135 000
80 136 000
80 137 000
80 138 000
80 139 000
80 140 000
80 141 000
80 142 000
80 143 000
80 144 000
80 145 000
80 146 000
80 147 000
80 148 000
80 149 000
80 150 000
80 151 000
80 152 000
80 153 000
80 154 000
80 155 000
80 156 000
80 157 000
80 158 000
80 159 000
80 160 000
80 161 000
80 162 000
80 163 000
80 164 000
80 165 000
80 166 000
80 167 000
80 168 000
80 169 000
80 170 000
80 171 000
80 172 000
80 173 000
80 174 000
80 175 000
80 176 000
80 177 000
80 178 000
80 179 000
80 180 000
80 181 000
80 182 000
80 183 000
80 184 000
80 185 000
80 186 000
80 187 000
80 188 000
80 189 000
80 190 000
80 191 000
80 192 000
80 193 000
80 194 000
80 195 000
80 196 000
80 197 000
80 198 000
80 199 000
80 200 000
80 201 000
80 202 000
80 203 000
80 204 000
80 205 000
80 206 000
80 207 000
80 208 000
80 209 000
80 210 000
80 211 000
80 212 000
80 213 000
80 214 000
80 215 000
80 216 000
80 217 000
80 218 000
80 219 000
80 220 000
80 221 000
80 222 000
80 223 000
80 224 000
80 225 000
80 226 000
80 227 000
80 228 000
80 229 000
80 230 000
80 231 000
80 232 000
80 233 000
80 234 000
80 235 000
80 236 000
80 237 000
80 238 000
80 239 000
80 240 000
80 241 000
80 242 000
80 243 000
80 244 000
80 245 000
80 246 000
80 247 000
80 248 000
80 249 000
80 250 000
80 251 000
80 252 000
80 253 000
80 254 000
80 255 000
80 256 000
80 257 000
80 258 000
80 259 000
80 260 000
80 261 000
80 262 000
80 263 000
80 264 000
80 265 000
80 266 000
80 267 000
80 268 000
80 269 000
80 270 000
80 271 000
80 272 000
80 273 000
80 274 000
80 275 000
80 276 000
80 277 000
80 278 000
80 279 000
80 280 000
80 281 000
80 282 000
80 283 000
80 284 000
80 285 000
80 286 000
80 287 000
80 288 000
80 289 000
80 290 000
80 291 000
80 292 000
80 293 000
80 294 000
80 295 000
80 296 000
80 297 000
80 298 000
80 299 000
80 300 000
80 301 000
80 302 000
80 303 000
80 304 000
80 305 000
80 306 000
80 307 000
80 308 000
80 309 000
80 310 000
80 311 000
80 312 000
80 313 000
80 314 000
80 315 000
80 316 000
80 317 000
80 318 000
80 319 000
81 0 000
81 1 000
81 2 000
81 3 000
81 4 000
81 5 000
81 6 000
81 7 000
81 8 000
81 9 000
81 10 000
81 11 000
81 12 000
81 13 000
81 14 000
81 15 000
81 16 000
81 17 000
81 18 000
81 19 000
81 20 000
81 21 000
81 22 000
81 23 000
81 24 000
81 25 000
81 26 000
81 27 000
81 28 000
81 29 000
81 30 000
81 31 000
81 32 000
81 33 000
81 34 000
81 35 000
81 36 000
81 37 000
81 38 000
81 39 000
81 40 000
81 41 000
81 42 000
81 43 000
81 44 000
81 45 000
81 46 000
81 47 000
81 48 000
81 49 000
81 50 000
81 51 000
81 52 000
81 53 000
81 54 000
81 55 000
81 56 000
81 57 000
81 58 000
81 59 000
81 60 000
81 61 000
81 62 000
81 63 000
81 64 000
81 65 000
81 66 000
81 67 000
81 68 000
81 69 000
81 70 000
81 71 000
81 72 000
81 73 000
81 74 000
81 75 000
81 76 000
81 77 000
81 78 000
81 79 000
81 80 000
81 81 000
81 82 000
81 83 000
81 84 000
81 85 000
81 86 000
81 87 000
81 88 000
81 89 000
81 90 000
81 91 000
81 92 000
81 93 000
81 94 000
81 95 000
81 96 000
81 97 000
81 98 000
81 99 000
81 100 000
81 101 000
81 102 000
81 103 000
81 104 000
81 105 000
81 106 000
81 107 000
81 108 000
81 109 000
81 110 000
81 111 000
81 112 000
81 113 000
81 114 000
81 115 000
81 116 000
81 117 000
81 118 000
81 119 000
81 120 000
81 121 000
81 122 000
81 123 000
81 124 000
81 125 000
81 126 000
81 127 000
81 128 000
81 129 000
81 130 000
81 131 000
81 132 000
81 133 000
81 134 000
81 135 000
81 136 000
81 137 000
81 138 000
81 139 000
81 140 000
81 141 000
81 142 000
81 143 000
81 144 000
81 145 000
81 146 000
81 147 000
81 148 000
81 149 000
81 150 000
81 151 000
81 152 000
81 153 000
81 154 000
81 155 000
81 156 000
81 157 000
81 158 000
81 159 000
81 160 000
81 161 000
81 162 000
81 163 000
81 164 000
81 165 000
81 166 000
81 167 000
81 168 000
81 169 000
81 170 000
81 171 000
81 172 000
81 173 000
81 174 000
81 175 000
81 176 000
81 177 000
81 178 000
81 179 000
81 180 000
81 181 000
81 182 000
81 183 000
81 184 000
81 185 000
81 186 000
81 187 000
81 188 000
81 189 000
81 190 000
81 191 000
81 192 000
81 193 000
81 194 000
81 195 000
81 196 000
81 197 000
81 198 000
81 199 000
81 200 000
81 201 000
81 202 000
81 203 000
81 204 000
81 205 000
81 206 000
81 207 000
81 208 000
81 209 000
81 210 000
81 211 000
81 212 000
81 213 000
81 214 000
81 215 000
81 216 000
81 217 000
81 218 000
81 219 000
81 220 000
81 221 000
81 222 000
81 223 000
81 224 000
81 225 000
81 226 000
81 227 000
81 228 000
81 229 000
81 230 000
81 231 000
81 232 000
81 233 000
81 234 000
81 235 000
81 236 000
81 237 000
81 238 000
81 239 000
81 240 000
81 241 000
81 242 000
81 243 000
81 244 000
81 245 000
81 246 000
81 247 000
81 248 000
81 249 000
81 250 000
81 251 000
81 252 000
81 253 000
81 254 000
81 255 000
81 256 000
81 257 000
81 258 000
81 259 000
81 260 000
81 261 000
81 262 000
81 263 000
81 264 000
81 265 000
81 266 000
81 267 000
81 268 000
81 269 000
81 270 000
81 271 000
81 272 000
81 273 000
81 274 000
81 275 000
81 276 000
81 277 000
81 278 000
81 279 000
81 280 000
81 281 000
81 282 000
81 283 000
81 284 000
81 285 000
81 286 000
81 287 000
81 288 000
81 289 000
81 290 000
81 291 000
81 292 000
81 293 000
81 294 000
81 295 000
81 296 000
81 297 000
81 298 000
81 299 000
81 300 000
81 301 000
81 302 000
81 303 000
81 304 000
81 305 000
81 306 000
81 307 000
81 308 000
81 309 000
81 310 000
81 311 000
81 312 000
81 313 000
81 314 000
81 315 000
81 316 000
81 317 000
81 318 000
81 319 000
82 0 000
82 1 000
82 2 000
82 3 000
82 4 000
82 5 000
82 6 000
82 7 000
82 8 000
82 9 000
82 10 000
82 11 000
82 12 000
82 13 000
82 14 000
82 15 000
82 16 000
82 17 000
82 18 000
82 19 000
82 20 000
82 21 000
82 22 000
82 23 000
82 24 000
82 25 000
82 26 000
82 27 000
82 28 000
82 29 000
82 30 000
82 31 000
82 32 000
82 33 000
82 34 000
82 35 000
82 36 000
82 37 000
82 38 000
82 39 000
82 40 000
82 41 000
82 42 000
82 43 000
82 44 000
82 45 000
82 46 000
82 47 000
82 48 000
82 49 000
82 50 000
82 51 000
82 52 000
82 53 000
82 54 000
82 55 000
82 56 000
82 57 000
82 58 000
82 59 000
82 60 000
82 61 000
82 62 000
82 63 000
82 64 000
82 65 000
82 66 000
82 67 000
82 68 000
82 69 000
82 70 000
82 71 000
82 72 000
82 73 000
82 74 000
82 75 000
82 76 000
82 77 000
82 78 000
82 79 000
82 80 000
82 81 000
82 82 000
82 83 000
82 84 000
82 85 000
82 86 000
82 87 000
82 88 000
82 89 000
82 90 000
82 91 000
82 92 000
82 93 000
82 94 000
82 95 000
82 96 000
82 97 000
82 98 000
82 99 000
82 100 000
82 101 000
82 102 000
82 103 000
82 104 000
82 105 000
82 106 000
82 107 000
82 108 000
82 109 000
82 110 000
82 111 000
82 112 000
82 113 000
82 114 000
82 115 000
82 116 000
82 117 000
82 118 000
82 119 000
82 120 000
82 121 000
82 122 000
82 123 000
82 124 000
82 125 000
82 126 000
82 127 000
82 128 000
82 129 000
82 130 000
82 131 000
82 132 000
82 133 000
82 134 000
82 135 000
82 136 000
82 137 000
82 138 000
82 139 000
82 140 000
82 141 000
82 142 000
82 143 000
82 144 000
82 145 000
82 146 000
82 147 000
82 148 000
82 149 000
82 150 000
82 151 000
82 152 000
82 153 000
82 154 000
82 155 000
82 156 000
82 157 000
82 158 000
82 159 000
82 160 000
82 161 000
82 162 000
82 163 000
82 164 000
82 165 000
82 166 000
82 167 000
82 168 000
82 169 000
82 170 000
82 171 000
82 172 000
82 173 000
82 174 000
82 175 000
82 176 000
82 177 000
82 178 000
82 179 000
82 180 000
82 181 000
82 182 000
82 183 000
82 184 000
82 185 000
82 186 000
82 187 000
82 188 000
82 189 000
82 190 000
82 191 000
82 192 000
82 193 000
82 194 000
82 195 000
82 196 000
82 197 000
82 198 000
82 199 000
82 200 000
82 201 000
82 202 000
82 203 000
82 204 000
82 205 000
82 206 000
82 207 000
82 208 000
82 209 000
82 210 000
82 211 000
82 212 000
82 213 000
82 214 000
82 215 000
82 216 000
82 217 000
82 218 000
82 219 000
82 220 000
82 221 000
82 222 000
82 223 000
82 224 000
82 225 000
82 226 000
82 227 000
82 228 000
82 229 000
82 230 000
82 231 000
82 232 000
82 233 000
82 234 000
82 235 000
82 236 000
82 237 000
82 238 000
82 239 000
82 240 000
82 241 000
82 242 000
82 243 000
82 244 000
82 245 000
82 246 000
82 247 000
82 248 000
82 249 000
82 250 000
82 251 000
82 252 000
82 253 000
82 254 000
82 255 000
82 256 000
82 257 000
82 258 000
82 259 000
82 260 000
82 261 000
82 262 000
82 263 000
82 264 000
82 265 000
82 266 000
82 267 000
82 268 000
82 269 000
82 270 000
82 271 000
82 272 000
82 273 000
82 274 000
82 275 000
82 276 000
82 277 000
82 278 000
82 279 000
82 280 000
82 281 000
82 282 000
82 283 000
82 284 000
82 285 000
82 286 000
82 287 000
82 288 000
82 289 000
82 290 000
82 291 000
82 292 000
82 293 000
82 294 000
82 295 000
82 296 000
82 297 000
82 298 000
82 299 000
82 300 000
82 301 000
82 302 000
82 303 000
82 304 000
82 305 000
82 306 000
82 307 000
82 308 000
82 309 000
82 310 000
82 311 000
82 312 000
82 313 000
82 314 000
82 315 000
82 316 000
82 317 000
82 318 000
82 319 000
83 0 000
83 1 000
83 2 000
83 3 000
83 4 000
83 5 000
83 6 000
83 7 000
83 8 000
83 9 000
83 10 000
83 11 000
83 12 000
83 13 000
83 14 000
83 15 000
83 16 000
83 17 000
83 18 000
83 19 000
83 20 000
83 21 000
83 22 000
83 23 000
83 24 000
83 25 000
83 26 000
83 27 000
83 28 000
83 29 000
83 30 000
83 31 000
83 32 000
83 33 000
83 34 000
83 35 000
83 36 000
83 37 000
83 38 000
83 39 000
83 40 000
83 41 000
83 42 000
83 43 000
83 44 000
83 45 000
83 46 000
83 47 000
83 48 000
83 49 000
83 50 000
83 51 000
83 52 000
83 53 000
83 54 000
83 55 000
83 56 000
83 57 000
83 58 000
83 59 000
83 60 000
83 61 000
83 62 000
83 63 000
83 64 000
83 65 000
83 66 000
83 67 000
83 68 000
83 69 000
83 70 000
83 71 000
83 72 000
83 73 000
83 74 000
83 75 000
83 76 000
83 77 000
83 78 000
83 79 000
83 80 000
83 81 000
83 82 000
83 83 000
83 84 000
83 85 000
83 86 000
83 87 000
83 88 000
83 89 000
83 90 000
83 91 000
83 92 000
83 93 000
83 94 000
83 95 000
83 96 000
83 97 000
83 98 000
83 99 000
83 100 000
83 101 000
83 102 000
83 103 000
83 104 000
83 105 000
83 106 000
83 107 000
83 108 000
83 109 000
83 110 000
83 111 000
83 112 000
83 113 000
83 114 000
83 115 000
83 116 000
83 117 000
83 118 000
83 119 000
83 120 000
83 121 000
83 122 000
83 123 000
83 124 000
83 125 000
83 126 000
83 127 000
83 128 000
83 129 000
83 130 000
83 131 000
83 132 000
83 133 000
83 134 000
83 135 000
83 136 000
83 137 000
83 138 000
83 139 000
83 140 000
83 141 000
83 142 000
83 143 000
83 144 000
83 145 000
83 146 000
83 147 000
83 148 000
83 149 000
83 150 000
83 151 000
83 152 000
83 153 000
83 154 000
83 155 000
83 156 000
83 157 000
83 158 000
83 159 000
83 160 000
83 161 000
83 162 000
83 163 000
83 164 000
83 165 000
83 166 000
83 167 000
83 168 000
83 169 000
83 170 000
83 171 000
83 172 000
83 173 000
83 174 000
83 175 000
83 176 000
83 177 000
83 178 000
83 179 000
83 180 000
83 181 000
83 182 000
83 183 000
83 184 000
83 185 000
83 186 000
83 187 000
83 188 000
83 189 000
83 190 000
83 191 000
83 192 000
83 193 000
83 194 000
83 195 000
83 196 000
83 197 000
83 198 000
83 199 000
83 200 000
83 201 000
83 202 000
83 203 000
83 204 000
83 205 000
83 206 000
83 207 000
83 208 000
83 209 000
83 210 000
83 211 000
83 212 000
83 213 000
83 214 000
83 215 000
83 216 000
83 217 000
83 218 000
83 219 000
83 220 000
83 221 000
83 222 000
83 223 000
83 224 000
83 225 000
83 226 000
83 227 000
83 228 000
83 229 000
83 230 000
83 231 000
83 232 000
83 233 000
83 234 000
83 235 000
83 236 000
83 237 000
83 238 000
83 239 000
83 240 000
83 241 000
83 242 000
83 243 000
83 244 000
83 245 000
83 246 000
83 247 000
83 248 000
83 249 000
83 250 000
83 251 000
83 252 000
83 253 000
83 254 000
83 255 000
83 256 000
83 257 000
83 258 000
83 259 000
83 260 000
83 261 000
83 262 000
83 263 000
83 264 000
83 265 000
83 266 000
83 267 000
83 268 000
83 269 000
83 270 000
83 271 000
83 272 000
83 273 000
83 274 000
83 275 000
83 276 000
83 277 000
83 278 000
83 279 000
83 280 000
83 281 000
83 282 000
83 283 000
83 284 000
83 285 000
83 286 000
83 287 000
83 288 000
83 289 000
83 290 000
83 291 000
83 292 000
83 293 000
83 294 000
83 295 000
83 296 000
83 297 000
83 298 000
83 299 000
83 300 000
83 301 000
83 302 000
83 303 000
83 304 000
83 305 000
83 306 000
83 307 000
83 308 000
83 309 000
83 310 000
83 311 000
83 312 000
83 313 000
83 314 000
83 315 000
83 316 000
83 317 000
83 318 000
83 319 000
84 0 000
84 1 000
84 2 000
84 3 000
84 4 000
84 5 000
84 6 000
84 7 000
84 8 000
84 9 000
84 10 000
84 11 000
84 12 000
84 13 000
84 14 000
84 15 000
84 16 000
84 17 000
84 18 000
84 19 000
84 20 000
84 21 000
84 22 000
84 23 000
84 24 000
84 25 000
84 26 000
84 27 000
84 28 000
84 29 000
84 30 000
84 31 000
84 32 000
84 33 000
84 34 000
84 35 000
84 36 000
84 37 000
84 38 000
84 39 000
84 40 000
84 41 000
84 42 000
84 43 000
84 44 000
84 45 000
84 46 000
84 47 000
84 48 000
84 49 000
84 50 000
84 51 000
84 52 000
84 53 000
84 54 000
84 55 000
84 56 000
84 57 000
84 58 000
84 59 000
84 60 000
84 61 000
84 62 000
84 63 000
84 64 000
84 65 000
84 66 000
84 67 000
84 68 000
84 69 000
84 70 000
84 71 000
84 72 000
84 73 000
84 74 000
84 75 000
84 76 000
84 77 000
84 78 000
84 79 000
84 80 000
84 81 000
84 82 000
84 83 000
84 84 000
84 85 000
84 86 000
84 87 000
84 88 000
84 89 000
84 90 000
84 91 000
84 92 000
84 93 000
84 94 000
84 95 000
84 96 000
84 97 000
84 98 000
84 99 000
84 100 000
84 101 000
84 102 000
84 103 000
84 104 000
84 105 000
84 106 000
84 107 000
84 108 000
84 109 000
84 110 000
84 111 000
84 112 000
84 113 000
84 114 000
84 115 000
84 116 000
84 117 000
84 118 000
84 119 000
84 120 000
84 121 000
84 122 000
84 123 000
84 124 000
84 125 000
84 126 000
84 127 000
84 128 000
84 129 000
84 130 000
84 131 000
84 132 000
84 133 000
84 134 000
84 135 000
84 136 000
84 137 000
84 138 000
84 139 000
84 140 000
84 141 000
84 142 000
84 143 000
84 144 000
84 145 000
84 146 000
84 147 000
84 148 000
84 149 000
84 150 000
84 151 000
84 152 000
84 153 000
84 154 000
84 155 000
84 156 000
84 157 000
84 158 000
84 159 000
84 160 000
84 161 000
84 162 000
84 163 000
84 164 000
84 165 000
84 166 000
84 167 000
84 168 000
84 169 000
84 170 000
84 171 000
84 172 000
84 173 000
84 174 000
84 175 000
84 176 000
84 177 000
84 178 000
84 179 000
84 180 000
84 181 000
84 182 000
84 183 000
84 184 000
84 185 000
84 186 000
84 187 000
84 188 000
84 189 000
84 190 000
84 191 000
84 192 000
84 193 000
84 194 000
84 195 000
84 196 000
84 197 000
84 198 000
84 199 000
84 200 000
84 201 000
84 202 000
84 203 000
84 204 000
84 205 000
84 206 000
84 207 000
84 208 000
84 209 000
84 210 000
84 211 000
84 212 000
84 213 000
84 214 000
84 215 000
84 216 000
84 217 000
84 218 000
84 219 000
84 220 000
84 221 000
84 222 000
84 223 000
84 224 000
84 225 000
84 226 000
84 227 000
84 228 000
84 229 000
84 230 000
84 231 000
84 232 000
84 233 000
84 234 000
84 235 000
84 236 000
84 237 000
84 238 000
84 239 000
84 240 000
84 241 000
84 242 000
84 243 000
84 244 000
84 245 000
84 246 000
84 247 000
84 248 000
84 249 000
84 250 000
84 251 000
84 252 000
84 253 000
84 254 000
84 255 000
84 256 000
84 257 000
84 258 000
84 259 000
84 260 000
84 261 000
84 262 000
84 263 000
84 264 000
84 265 000
84 266 000
84 267 000
84 268 000
84 269 000
84 270 000
84 271 000
84 272 000
84 273 000
84 274 000
84 275 000
84 276 000
84 277 000
84 278 000
84 279 000
84 280 000
84 281 000
84 282 000
84 283 000
84 284 000
84 285 000
84 286 000
84 287 000
84 288 000
84 289 000
84 290 000
84 291 000
84 292 000
84 293 000
84 294 000
84 295 000
84 296 000
84 297 000
84 298 000
84 299 000
84 300 000
84 301 000
84 302 000
84 303 000
84 304 000
84 305 000
84 306 000
84 307 000
84 308 000
84 309 000
84 310 000
84 311 000
84 312 000
84 313 000
84 314 000
84 315 000
84 316 000
84 317 000
84 318 000
84 319 000
85 0 000
85 1 000
85 2 000
85 3 000
85 4 000
85 5 000
85 6 000
85 7 000
85 8 000
85 9 000
85 10 000
85 11 000
85 12 000
85 13 000
85 14 000
85 15 000
85 16 000
85 17 000
85 18 000
85 19 000
85 20 000
85 21 000
85 22 000
85 23 000
85 24 000
85 25 000
85 26 000
85 27 000
85 28 000
85 29 000
85 30 000
85 31 000
85 32 000
85 33 000
85 34 000
85 35 000
85 36 000
85 37 000
85 38 000
85 39 000
85 40 000
85 41 000
85 42 000
85 43 000
85 44 000
85 45 000
85 46 000
85 47 000
85 48 000
85 49 000
85 50 000
85 51 000
85 52 000
85 53 000
85 54 000
85 55 000
85 56 000
85 57 000
85 58 000
85 59 000
85 60 000
85 61 000
85 62 000
85 63 000
85 64 000
85 65 000
85 66 000
85 67 000
85 68 000
85 69 000
85 70 000
85 71 000
85 72 000
85 73 000
85 74 000
85 75 000
85 76 000
85 77 000
85 78 000
85 79 000
85 80 000
85 81 000
85 82 000
85 83 000
85 84 000
85 85 000
85 86 000
85 87 000
85 88 000
85 89 000
85 90 000
85 91 000
85 92 000
85 93 000
85 94 000
85 95 000
85 96 000
85 97 000
85 98 000
85 99 000
85 100 000
85 101 000
85 102 000
85 103 000
85 104 000
85 105 000
85 106 000
85 107 000
85 108 000
85 109 000
85 110 000
85 111 000
85 112 000
85 113 000
85 114 000
85 115 000
85 116 000
85 117 000
85 118 000
85 119 000
85 120 000
85 121 000
85 122 000
85 123 000
85 124 000
85 125 000
85 126 000
85 127 000
85 128 000
85 129 000
85 130 000
85 131 000
85 132 000
85 133 000
85 134 000
85 135 000
85 136 000
85 137 000
85 138 000
85 139 000
85 140 000
85 141 000
85 142 000
85 143 000
85 144 000
85 145 000
85 146 000
85 147 000
85 148 000
85 149 000
85 150 000
85 151 000
85 152 000
85 153 000
85 154 000
85 155 000
85 156 000
85 157 000
85 158 000
85 159 000
85 160 000
85 161 000
85 162 000
85 163 000
85 164 000
85 165 000
85 166 000
85 167 000
85 168 000
85 169 000
85 170 000
85 171 000
85 172 000
85 173 000
85 174 000
85 175 000
85 176 000
85 177 000
85 178 000
85 179 000
85 180 000
85 181 000
85 182 000
85 183 000
85 184 000
85 185 000
85 186 000
85 187 000
85 188 000
85 189 000
85 190 000
85 191 000
85 192 000
85 193 000
85 194 000
85 195 000
85 196 000
85 197 000
85 198 000
85 199 000
85 200 000
85 201 000
85 202 000
85 203 000
85 204 000
85 205 000
85 206 000
85 207 000
85 208 000
85 209 000
85 210 000
85 211 000
85 212 000
85 213 000
85 214 000
85 215 000
85 216 000
85 217 000
85 218 000
85 219 000
85 220 000
85 221 000
85 222 000
85 223 000
85 224 000
85 225 000
85 226 000
85 227 000
85 228 000
85 229 000
85 230 000
85 231 000
85 232 000
85 233 000
85 234 000
85 235 000
85 236 000
85 237 000
85 238 000
85 239 000
85 240 000
85 241 000
85 242 000
85 243 000
85 244 000
85 245 000
85 246 000
85 247 000
85 248 000
85 249 000
85 250 000
85 251 000
85 252 000
85 253 000
85 254 000
85 255 000
85 256 000
85 257 000
85 258 000
85 259 000
85 260 000
85 261 000
85 262 000
85 263 000
85 264 000
85 265 000
85 266 000
85 267 000
85 268 000
85 269 000
85 270 000
85 271 000
85 272 000
85 273 000
85 274 000
85 275 000
85 276 000
85 277 000
85 278 000
85 279 000
85 280 000
85 281 000
85 282 000
85 283 000
85 284 000
85 285 000
85 286 000
85 287 000
85 288 000
85 289 000
85 290 000
85 291 000
85 292 000
85 293 000
85 294 000
85 295 000
85 296 000
85 297 000
85 298 000
85 299 000
85 300 000
85 301 000
85 302 000
85 303 000
85 304 000
85 305 000
85 306 000
85 307 000
85 308 000
85 309 000
85 310 000
85 311 000
85 312 000
85 313 000
85 314 000
85 315 000
85 316 000
85 317 000
85 318 000
85 319 000
86 0 000
86 1 000
86 2 000
86 3 000
86 4 000
86 5 000
86 6 000
86 7 000
86 8 000
86 9 000
86 10 000
86 11 000
86 12 000
86 13 000
86 14 000
86 15 000
86 16 000
86 17 000
86 18 000
86 19 000
86 20 000
86 21 000
86 22 000
86 23 000
86 24 000
86 25 000
86 26 000
86 27 000
86 28 000
86 29 000
86 30 000
86 31 000
86 32 000
86 33 000
86 34 000
86 35 000
86 36 000
86 37 000
86 38 000
86 39 000
86 40 000
86 41 000
86 42 000
86 43 000
86 44 000
86 45 000
86 46 000
86 47 000
86 48 000
86 49 000
86 50 000
86 51 000
86 52 000
86 53 000
86 54 000
86 55 000
86 56 000
86 57 000
86 58 000
86 59 000
86 60 000
86 61 000
86 62 000
86 63 000
86 64 000
86 65 000
86 66 000
86 67 000
86 68 000
86 69 000
86 70 000
86 71 000
86 72 000
86 73 000
86 74 000
86 75 000
86 76 000
86 77 000
86 78 000
86 79 000
86 80 000
86 81 000
86 82 000
86 83 000
86 84 000
86 85 000
86 86 000
86 87 000
86 88 000
86 89 000
86 90 000
86 91 000
86 92 000
86 93 000
86 94 000
86 95 000
86 96 000
86 97 000
86 98 000
86 99 000
86 100 000
86 101 000
86 102 000
86 103 000
86 104 000
86 105 000
86 106 000
86 107 000
86 108 000
86 109 000
86 110 000
86 111 000
86 112 000
86 113 000
86 114 000
86 115 000
86 116 000
86 117 000
86 118 000
86 119 000
86 120 000
86 121 000
86 122 000
86 123 000
86 124 000
86 125 000
86 126 000
86 127 000
86 128 000
86 129 000
86 130 000
86 131 000
86 132 000
86 133 000
86 134 000
86 135 000
86 136 000
86 137 000
86 138 000
86 139 000
86 140 000
86 141 000
86 142 000
86 143 000
86 144 000
86 145 000
86 146 000
86 147 000
86 148 000
86 149 000
86 150 000
86 151 000
86 152 000
86 153 000
86 154 000
86 155 000
86 156 000
86 157 000
86 158 000
86 159 000
86 160 000
86 161 000
86 162 000
86 163 000
86 164 000
86 165 000
86 166 000
86 167 000
86 168 000
86 169 000
86 170 000
86 171 000
86 172 000
86 173 000
86 174 000
86 175 000
86 176 000
86 177 000
86 178 000
86 179 000
86 180 000
86 181 000
86 182 000
86 183 000
86 184 000
86 185 000
86 186 000
86 187 000
86 188 000
86 189 000
86 190 000
86 191 000
86 192 000
86 193 000
86 194 000
86 195 000
86 196 000
86 197 000
86 198 000
86 199 000
86 200 000
86 201 000
86 202 000
86 203 000
86 204 000
86 205 000
86 206 000
86 207 000
86 208 000
86 209 000
86 210 000
86 211 000
86 212 000
86 213 000
86 214 000
86 215 000
86 216 000
86 217 000
86 218 000
86 219 000
86 220 000
86 221 000
86 222 000
86 223 000
86 224 000
86 225 000
86 226 000
86 227 000
86 228 000
86 229 000
86 230 000
86 231 000
86 232 000
86 233 000
86 234 000
86 235 000
86 236 000
86 237 000
86 238 000
86 239 000
86 240 000
86 241 000
86 242 000
86 243 000
86 244 000
86 245 000
86 246 000
86 247 000
86 248 000
86 249 000
86 250 000
86 251 000
86 252 000
86 253 000
86 254 000
86 255 000
86 256 000
86 257 000
86 258 000
86 259 000
86 260 000
86 261 000
86 262 000
86 263 000
86 264 000
86 265 000
86 266 000
86 267 000
86 268 000
86 269 000
86 270 000
86 271 000
86 272 000
86 273 000
86 274 000
86 275 000
86 276 000
86 277 000
86 278 000
86 279 000
86 280 000
86 281 000
86 282 000
86 283 000
86 284 000
86 285 000
86 286 000
86 287 000
86 288 000
86 289 000
86 290 000
86 291 000
86 292 000
86 293 000
86 294 000
86 295 000
86 296 000
86 297 000
86 298 000
86 299 000
86 300 000
86 301 000
86 302 000
86 303 000
86 304 000
86 305 000
86 306 000
86 307 000
86 308 000
86 309 000
86 310 000
86 311 000
86 312 000
86 313 000
86 314 000
86 315 000
86 316 000
86 317 000
86 318 000
86 319 000
87 0 000
87 1 000
87 2 000
87 3 000
87 4 000
87 5 000
87 6 000
87 7 000
87 8 000
87 9 000
87 10 000
87 11 000
87 12 000
87 13 000
87 14 000
87 15 000
87 16 000
87 17 000
87 18 000
87 19 000
87 20 000
87 21 000
87 22 000
87 23 000
87 24 000
87 25 000
87 26 000
87 27 000
87 28 000
87 29 000
87 30 000
87 31 000
87 32 000
87 33 000
87 34 000
87 35 000
87 36 000
87 37 000
87 38 000
87 39 000
87 40 000
87 41 000
87 42 000
87 43 000
87 44 000
87 45 000
87 46 000
87 47 000
87 48 000
87 49 000
87 50 000
87 51 000
87 52 000
87 53 000
87 54 000
87 55 000
87 56 000
87 57 000
87 58 000
87 59 000
87 60 000
87 61 000
87 62 000
87 63 000
87 64 000
87 65 000
87 66 000
87 67 000
87 68 000
87 69 000
87 70 000
87 71 000
87 72 000
87 73 000
87 74 000
87 75 000
87 76 000
87 77 000
87 78 000
87 79 000
87 80 000
87 81 000
87 82 000
87 83 000
87 84 000
87 85 000
87 86 000
87 87 000
87 88 000
87 89 000
87 90 000
87 91 000
87 92 000
87 93 000
87 94 000
87 95 000
87 96 000
87 97 000
87 98 000
87 99 000
87 100 000
87 101 000
87 102 000
87 103 000
87 104 000
87 105 000
87 106 000
87 107 000
87 108 000
87 109 000
87 110 000
87 111 000
87 112 000
87 113 000
87 114 000
87 115 000
87 116 000
87 117 000
87 118 000
87 119 000
87 120 000
87 121 000
87 122 000
87 123 000
87 124 000
87 125 000
87 126 000
87 127 000
87 128 000
87 129 000
87 130 000
87 131 000
87 132 000
87 133 000
87 134 000
87 135 000
87 136 000
87 137 000
87 138 000
87 139 000
87 140 000
87 141 000
87 142 000
87 143 000
87 144 000
87 145 000
87 146 000
87 147 000
87 148 000
87 149 000
87 150 000
87 151 000
87 152 000
87 153 000
87 154 000
87 155 000
87 156 000
87 157 000
87 158 000
87 159 000
87 160 000
87 161 000
87 162 000
87 163 000
87 164 000
87 165 000
87 166 000
87 167 000
87 168 000
87 169 000
87 170 000
87 171 000
87 172 000
87 173 000
87 174 000
87 175 000
87 176 000
87 177 000
87 178 000
87 179 000
87 180 000
87 181 000
87 182 000
87 183 000
87 184 000
87 185 000
87 186 000
87 187 000
87 188 000
87 189 000
87 190 000
87 191 000
87 192 000
87 193 000
87 194 000
87 195 000
87 196 000
87 197 000
87 198 000
87 199 000
87 200 000
87 201 000
87 202 000
87 203 000
87 204 000
87 205 000
87 206 000
87 207 000
87 208 000
87 209 000
87 210 000
87 211 000
87 212 000
87 213 000
87 214 000
87 215 000
87 216 000
87 217 000
87 218 000
87 219 000
87 220 000
87 221 000
87 222 000
87 223 000
87 224 000
87 225 000
87 226 000
87 227 000
87 228 000
87 229 000
87 230 000
87 231 000
87 232 000
87 233 000
87 234 000
87 235 000
87 236 000
87 237 000
87 238 000
87 239 000
87 240 000
87 241 000
87 242 000
87 243 000
87 244 000
87 245 000
87 246 000
87 247 000
87 248 000
87 249 000
87 250 000
87 251 000
87 252 000
87 253 000
87 254 000
87 255 000
87 256 000
87 257 000
87 258 000
87 259 000
87 260 000
87 261 000
87 262 000
87 263 000
87 264 000
87 265 000
87 266 000
87 267 000
87 268 000
87 269 000
87 270 000
87 271 000
87 272 000
87 273 000
87 274 000
87 275 000
87 276 000
87 277 000
87 278 000
87 279 000
87 280 000
87 281 000
87 282 000
87 283 000
87 284 000
87 285 000
87 286 000
87 287 000
87 288 000
87 289 000
87 290 000
87 291 000
87 292 000
87 293 000
87 294 000
87 295 000
87 296 000
87 297 000
87 298 000
87 299 000
87 300 000
87 301 000
87 302 000
87 303 000
87 304 000
87 305 000
87 306 000
87 307 000
87 308 000
87 309 000
87 310 000
87 311 000
87 312 000
87 313 000
87 314 000
87 315 000
87 316 000
87 317 000
87 318 000
87 319 000
88 0 000
88 1 000
88 2 000
88 3 000
88 4 000
88 5 000
88 6 000
88 7 000
88 8 000
88 9 000
88 10 000
88 11 000
88 12 000
88 13 000
88 14 000
88 15 000
88 16 000
88 17 000
88 18 000
88 19 000
88 20 000
88 21 000
88 22 000
88 23 000
88 24 000
88 25 000
88 26 000
88 27 000
88 28 000
88 29 000
88 30 000
88 31 000
88 32 000
88 33 000
88 34 000
88 35 000
88 36 000
88 37 000
88 38 000
88 39 000
88 40 000
88 41 000
88 42 000
88 43 000
88 44 000
88 45 000
88 46 000
88 47 000
88 48 000
88 49 000
88 50 000
88 51 000
88 52 000
88 53 000
88 54 000
88 55 000
88 56 000
88 57 000
88 58 000
88 59 000
88 60 000
88 61 000
88 62 000
88 63 000
88 64 000
88 65 000
88 66 000
88 67 000
88 68 000
88 69 000
88 70 000
88 71 000
88 72 000
88 73 000
88 74 000
88 75 000
88 76 000
88 77 000
88 78 000
88 79 000
88 80 000
88 81 000
88 82 000
88 83 000
88 84 000
88 85 000
88 86 000
88 87 000
88 88 000
88 89 000
88 90 000
88 91 000
88 92 000
88 93 000
88 94 000
88 95 000
88 96 000
88 97 000
88 98 000
88 99 000
88 100 000
88 101 000
88 102 000
88 103 000
88 104 000
88 105 000
88 106 000
88 107 000
88 108 000
88 109 000
88 110 000
88 111 000
88 112 000
88 113 000
88 114 000
88 115 000
88 116 000
88 117 000
88 118 000
88 119 000
88 120 000
88 121 000
88 122 000
88 123 000
88 124 000
88 125 000
88 126 000
88 127 000
88 128 000
88 129 000
88 130 000
88 131 000
88 132 000
88 133 000
88 134 000
88 135 000
88 136 000
88 137 000
88 138 000
88 139 000
88 140 000
88 141 000
88 142 000
88 143 000
88 144 000
88 145 000
88 146 000
88 147 000
88 148 000
88 149 000
88 150 000
88 151 000
88 152 000
88 153 000
88 154 000
88 155 000
88 156 000
88 157 000
88 158 000
88 159 000
88 160 000
88 161 000
88 162 000
88 163 000
88 164 000
88 165 000
88 166 000
88 167 000
88 168 000
88 169 000
88 170 000
88 171 000
88 172 000
88 173 000
88 174 000
88 175 000
88 176 000
88 177 000
88 178 000
88 179 000
88 180 000
88 181 000
88 182 000
88 183 000
88 184 000
88 185 000
88 186 000
88 187 000
88 188 000
88 189 000
88 190 000
88 191 000
88 192 000
88 193 000
88 194 000
88 195 000
88 196 000
88 197 000
88 198 000
88 199 000
88 200 000
88 201 000
88 202 000
88 203 000
88 204 000
88 205 000
88 206 000
88 207 000
88 208 000
88 209 000
88 210 000
88 211 000
88 212 000
88 213 000
88 214 000
88 215 000
88 216 000
88 217 000
88 218 000
88 219 000
88 220 000
88 221 000
88 222 000
88 223 000
88 224 000
88 225 000
88 226 000
88 227 000
88 228 000
88 229 000
88 230 000
88 231 000
88 232 000
88 233 000
88 234 000
88 235 000
88 236 000
88 237 000
88 238 000
88 239 000
88 240 000
88 241 000
88 242 000
88 243 000
88 244 000
88 245 000
88 246 000
88 247 000
88 248 000
88 249 000
88 250 000
88 251 000
88 252 000
88 253 000
88 254 000
88 255 000
88 256 000
88 257 000
88 258 000
88 259 000
88 260 000
88 261 000
88 262 000
88 263 000
88 264 000
88 265 000
88 266 000
88 267 000
88 268 000
88 269 000
88 270 000
88 271 000
88 272 000
88 273 000
88 274 000
88 275 000
88 276 000
88 277 000
88 278 000
88 279 000
88 280 000
88 281 000
88 282 000
88 283 000
88 284 000
88 285 000
88 286 000
88 287 000
88 288 000
88 289 000
88 290 000
88 291 000
88 292 000
88 293 000
88 294 000
88 295 000
88 296 000
88 297 000
88 298 000
88 299 000
88 300 000
88 301 000
88 302 000
88 303 000
88 304 000
88 305 000
88 306 000
88 307 000
88 308 000
88 309 000
88 310 000
88 311 000
88 312 000
88 313 000
88 314 000
88 315 000
88 316 000
88 317 000
88 318 000
88 319 000
89 0 000
89 1 000
89 2 000
89 3 000
89 4 000
89 5 000
89 6 000
89 7 000
89 8 000
89 9 000
89 10 000
89 11 000
89 12 000
89 13 000
89 14 000
89 15 000
89 16 000
89 17 000
89 18 000
89 19 000
89 20 000
89 21 000
89 22 000
89 23 000
89 24 000
89 25 000
89 26 000
89 27 000
89 28 000
89 29 000
89 30 000
89 31 000
89 32 000
89 33 000
89 34 000
89 35 000
89 36 000
89 37 000
89 38 000
89 39 000
89 40 000
89 41 000
89 42 000
89 43 000
89 44 000
89 45 000
89 46 000
89 47 000
89 48 000
89 49 000
89 50 000
89 51 000
89 52 000
89 53 000
89 54 000
89 55 000
89 56 000
89 57 000
89 58 000
89 59 000
89 60 000
89 61 000
89 62 000
89 63 000
89 64 000
89 65 000
89 66 000
89 67 000
89 68 000
89 69 000
89 70 000
89 71 000
89 72 000
89 73 000
89 74 000
89 75 000
89 76 000
89 77 000
89 78 000
89 79 000
89 80 000
89 81 000
89 82 000
89 83 000
89 84 000
89 85 000
89 86 000
89 87 000
89 88 000
89 89 000
89 90 000
89 91 000
89 92 000
89 93 000
89 94 000
89 95 000
89 96 000
89 97 000
89 98 000
89 99 000
89 100 000
89 101 000
89 102 000
89 103 000
89 104 000
89 105 000
89 106 000
89 107 000
89 108 000
89 109 000
89 110 000
89 111 000
89 112 000
89 113 000
89 114 000
89 115 000
89 116 000
89 117 000
89 118 000
89 119 000
89 120 000
89 121 000
89 122 000
89 123 000
89 124 000
89 125 000
89 126 000
89 127 000
89 128 000
89 129 000
89 130 000
89 131 000
89 132 000
89 133 000
89 134 000
89 135 000
89 136 000
89 137 000
89 138 000
89 139 000
89 140 000
89 141 000
89 142 000
89 143 000
89 144 000
89 145 000
89 146 000
89 147 000
89 148 000
89 149 000
89 150 000
89 151 000
89 152 000
89 153 000
89 154 000
89 155 000
89 156 000
89 157 000
89 158 000
89 159 000
89 160 000
89 161 000
89 162 000
89 163 000
89 164 000
89 165 000
89 166 000
89 167 000
89 168 000
89 169 000
89 170 000
89 171 000
89 172 000
89 173 000
89 174 000
89 175 000
89 176 000
89 177 000
89 178 000
89 179 000
89 180 000
89 181 000
89 182 000
89 183 000
89 184 000
89 185 000
89 186 000
89 187 000
89 188 000
89 189 000
89 190 000
89 191 000
89 192 000
89 193 000
89 194 000
89 195 000
89 196 000
89 197 000
89 198 000
89 199 000
89 200 000
89 201 000
89 202 000
89 203 000
89 204 000
89 205 000
89 206 000
89 207 000
89 208 000
89 209 000
89 210 000
89 211 000
89 212 000
89 213 000
89 214 000
89 215 000
89 216 000
89 217 000
89 218 000
89 219 000
89 220 000
89 221 000
89 222 000
89 223 000
89 224 000
89 225 000
89 226 000
89 227 000
89 228 000
89 229 000
89 230 000
89 231 000
89 232 000
89 233 000
89 234 000
89 235 000
89 236 000
89 237 000
89 238 000
89 239 000
89 240 000
89 241 000
89 242 000
89 243 000
89 244 000
89 245 000
89 246 000
89 247 000
89 248 000
89 249 000
89 250 000
89 251 000
89 252 000
89 253 000
89 254 000
89 255 000
89 256 000
89 257 000
89 258 000
89 259 000
89 260 000
89 261 000
89 262 000
89 263 000
89 264 000
89 265 000
89 266 000
89 267 000
89 268 000
89 269 000
89 270 000
89 271 000
89 272 000
89 273 000
89 274 000
89 275 000
89 276 000
89 277 000
89 278 000
89 279 000
89 280 000
89 281 000
89 282 000
89 283 000
89 284 000
89 285 000
89 286 000
89 287 000
89 288 000
89 289 000
89 290 000
89 291 000
89 292 000
89 293 000
89 294 000
89 295 000
89 296 000
89 297 000
89 298 000
89 299 000
89 300 000
89 301 000
89 302 000
89 303 000
89 304 000
89 305 000
89 306 000
89 307 000
89 308 000
89 309 000
89 310 000
89 311 000
89 312 000
89 313 000
89 314 000
89 315 000
89 316 000
89 317 000
89 318 000
89 319 000
90 0 000
90 1 000
90 2 000
90 3 000
90 4 000
90 5 000
90 6 000
90 7 000
90 8 000
90 9 000
90 10 000
90 11 000
90 12 000
90 13 000
90 14 000
90 15 000
90 16 000
90 17 000
90 18 000
90 19 000
90 20 000
90 21 000
90 22 000
90 23 000
90 24 000
90 25 000
90 26 000
90 27 000
90 28 000
90 29 000
90 30 000
90 31 000
90 32 000
90 33 000
90 34 000
90 35 000
90 36 000
90 37 000
90 38 000
90 39 000
90 40 000
90 41 000
90 42 000
90 43 000
90 44 000
90 45 000
90 46 000
90 47 000
90 48 000
90 49 000
90 50 000
90 51 000
90 52 000
90 53 000
90 54 000
90 55 000
90 56 000
90 57 000
90 58 000
90 59 000
90 60 000
90 61 000
90 62 000
90 63 000
90 64 000
90 65 000
90 66 000
90 67 000
90 68 000
90 69 000
90 70 000
90 71 000
90 72 000
90 73 000
90 74 000
90 75 000
90 76 000
90 77 000
90 78 000
90 79 000
90 80 000
90 81 000
90 82 000
90 83 000
90 84 000
90 85 000
90 86 000
90 87 000
90 88 000
90 89 000
90 90 000
90 91 000
90 92 000
90 93 000
90 94 000
90 95 000
90 96 000
90 97 000
90 98 000
90 99 000
90 100 000
90 101 000
90 102 000
90 103 000
90 104 000
90 105 000
90 106 000
90 107 000
90 108 000
90 109 000
90 110 000
90 111 000
90 112 000
90 113 000
90 114 000
90 115 000
90 116 000
90 117 000
90 118 000
90 119 000
90 120 000
90 121 000
90 122 000
90 123 000
90 124 000
90 125 000
90 126 000
90 127 000
90 128 000
90 129 000
90 130 000
90 131 000
90 132 000
90 133 000
90 134 000
90 135 000
90 136 000
90 137 000
90 138 000
90 139 000
90 140 000
90 141 000
90 142 000
90 143 000
90 144 000
90 145 000
90 146 000
90 147 000
90 148 000
90 149 000
90 150 000
90 151 000
90 152 000
90 153 000
90 154 000
90 155 000
90 156 000
90 157 000
90 158 000
90 159 000
90 160 000
90 161 000
90 162 000
90 163 000
90 164 000
90 165 000
90 166 000
90 167 000
90 168 000
90 169 000
90 170 000
90 171 000
90 172 000
90 173 000
90 174 000
90 175 000
90 176 000
90 177 000
90 178 000
90 179 000
90 180 000
90 181 000
90 182 000
90 183 000
90 184 000
90 185 000
90 186 000
90 187 000
90 188 000
90 189 000
90 190 000
90 191 000
90 192 000
90 193 000
90 194 000
90 195 000
90 196 000
90 197 000
90 198 000
90 199 000
90 200 000
90 201 000
90 202 000
90 203 000
90 204 000
90 205 000
90 206 000
90 207 000
90 208 000
90 209 000
90 210 000
90 211 000
90 212 000
90 213 000
90 214 000
90 215 000
90 216 000
90 217 000
90 218 000
90 219 000
90 220 000
90 221 000
90 222 000
90 223 000
90 224 000
90 225 000
90 226 000
90 227 000
90 228 000
90 229 000
90 230 000
90 231 000
90 232 000
90 233 000
90 234 000
90 235 000
90 236 000
90 237 000
90 238 000
90 239 000
90 240 000
90 241 000
90 242 000
90 243 000
90 244 000
90 245 000
90 246 000
90 247 000
90 248 000
90 249 000
90 250 000
90 251 000
90 252 000
90 253 000
90 254 000
90 255 000
90 256 000
90 257 000
90 258 000
90 259 000
90 260 000
90 261 000
90 262 000
90 263 000
90 264 000
90 265 000
90 266 000
90 267 000
90 268 000
90 269 000
90 270 000
90 271 000
90 272 000
90 273 000
90 274 000
90 275 000
90 276 000
90 277 000
90 278 000
90 279 000
90 280 000
90 281 000
90 282 000
90 283 000
90 284 000
90 285 000
90 286 000
90 287 000
90 288 000
90 289 000
90 290 000
90 291 000
90 292 000
90 293 000
90 294 000
90 295 000
90 296 000
90 297 000
90 298 000
90 299 000
90 300 000
90 301 000
90 302 000
90 303 000
90 304 000
90 305 000
90 306 000
90 307 000
90 308 000
90 309 000
90 310 000
90 311 000
90 312 000
90 313 000
90 314 000
90 315 000
90 316 000
90 317 000
90 318 000
90 319 000
91 0 000
91 1 000
91 2 000
91 3 000
91 4 000
91 5 000
91 6 000
91 7 000
91 8 000
91 9 000
91 10 000
91 11 000
91 12 000
91 13 000
91 14 000
91 15 000
91 16 000
91 17 000
91 18 000
91 19 000
91 20 000
91 21 000
91 22 000
91 23 000
91 24 000
91 25 000
91 26 000
91 27 000
91 28 000
91 29 000
91 30 000
91 31 000
91 32 000
91 33 000
91 34 000
91 35 000
91 36 000
91 37 000
91 38 000
91 39 000
91 40 000
91 41 000
91 42 000
91 43 000
91 44 000
91 45 000
91 46 000
91 47 000
91 48 000
91 49 000
91 50 000
91 51 000
91 52 000
91 53 000
91 54 000
91 55 000
91 56 000
91 57 000
91 58 000
91 59 000
91 60 000
91 61 000
91 62 000
91 63 000
91 64 000
91 65 000
91 66 000
91 67 000
91 68 000
91 69 000
91 70 000
91 71 000
91 72 000
91 73 000
91 74 000
91 75 000
91 76 000
91 77 000
91 78 000
91 79 000
91 80 000
91 81 000
91 82 000
91 83 000
91 84 000
91 85 000
91 86 000
91 87 000
91 88 000
91 89 000
91 90 000
91 91 000
91 92 000
91 93 000
91 94 000
91 95 000
91 96 000
91 97 000
91 98 000
91 99 000
91 100 000
91 101 000
91 102 000
91 103 000
91 104 000
91 105 000
91 106 000
91 107 000
91 108 000
91 109 000
91 110 000
91 111 000
91 112 000
91 113 000
91 114 000
91 115 000
91 116 000
91 117 000
91 118 000
91 119 000
91 120 000
91 121 000
91 122 000
91 123 000
91 124 000
91 125 000
91 126 000
91 127 000
91 128 000
91 129 000
91 130 000
91 131 000
91 132 000
91 133 000
91 134 000
91 135 000
91 136 000
91 137 000
91 138 000
91 139 000
91 140 000
91 141 000
91 142 000
91 143 000
91 144 000
91 145 000
91 146 000
91 147 000
91 148 000
91 149 000
91 150 000
91 151 000
91 152 000
91 153 000
91 154 000
91 155 000
91 156 000
91 157 000
91 158 000
91 159 000
91 160 000
91 161 000
91 162 000
91 163 000
91 164 000
91 165 000
91 166 000
91 167 000
91 168 000
91 169 000
91 170 000
91 171 000
91 172 000
91 173 000
91 174 000
91 175 000
91 176 000
91 177 000
91 178 000
91 179 000
91 180 000
91 181 000
91 182 000
91 183 000
91 184 000
91 185 000
91 186 000
91 187 000
91 188 000
91 189 000
91 190 000
91 191 000
91 192 000
91 193 000
91 194 000
91 195 000
91 196 000
91 197 000
91 198 000
91 199 000
91 200 000
91 201 000
91 202 000
91 203 000
91 204 000
91 205 000
91 206 000
91 207 000
91 208 000
91 209 000
91 210 000
91 211 000
91 212 000
91 213 000
91 214 000
91 215 000
91 216 000
91 217 000
91 218 000
91 219 000
91 220 000
91 221 000
91 222 000
91 223 000
91 224 000
91 225 000
91 226 000
91 227 000
91 228 000
91 229 000
91 230 000
91 231 000
91 232 000
91 233 000
91 234 000
91 235 000
91 236 000
91 237 000
91 238 000
91 239 000
91 240 000
91 241 000
91 242 000
91 243 000
91 244 000
91 245 000
91 246 000
91 247 000
91 248 000
91 249 000
91 250 000
91 251 000
91 252 000
91 253 000
91 254 000
91 255 000
91 256 000
91 257 000
91 258 000
91 259 000
91 260 000
91 261 000
91 262 000
91 263 000
91 264 000
91 265 000
91 266 000
91 267 000
91 268 000
91 269 000
91 270 000
91 271 000
91 272 000
91 273 000
91 274 000
91 275 000
91 276 000
91 277 000
91 278 000
91 279 000
91 280 000
91 281 000
91 282 000
91 283 000
91 284 000
91 285 000
91 286 000
91 287 000
91 288 000
91 289 000
91 290 000
91 291 000
91 292 000
91 293 000
91 294 000
91 295 000
91 296 000
91 297 000
91 298 000
91 299 000
91 300 000
91 301 000
91 302 000
91 303 000
91 304 000
91 305 000
91 306 000
91 307 000
91 308 000
91 309 000
91 310 000
91 311 000
91 312 000
91 313 000
91 314 000
91 315 000
91 316 000
91 317 000
91 318 000
91 319 000
92 0 000
92 1 000
92 2 000
92 3 000
92 4 000
92 5 000
92 6 000
92 7 000
92 8 000
92 9 000
92 10 000
92 11 000
92 12 000
92 13 000
92 14 000
92 15 000
92 16 000
92 17 000
92 18 000
92 19 000
92 20 000
92 21 000
92 22 000
92 23 000
92 24 000
92 25 000
92 26 000
92 27 000
92 28 000
92 29 000
92 30 000
92 31 000
92 32 000
92 33 000
92 34 000
92 35 000
92 36 000
92 37 000
92 38 000
92 39 000
92 40 000
92 41 000
92 42 000
92 43 000
92 44 000
92 45 000
92 46 000
92 47 000
92 48 000
92 49 000
92 50 000
92 51 000
92 52 000
92 53 000
92 54 000
92 55 000
92 56 000
92 57 000
92 58 000
92 59 000
92 60 000
92 61 000
92 62 000
92 63 000
92 64 000
92 65 000
92 66 000
92 67 000
92 68 000
92 69 000
92 70 000
92 71 000
92 72 000
92 73 000
92 74 000
92 75 000
92 76 000
92 77 000
92 78 000
92 79 000
92 80 000
92 81 000
92 82 000
92 83 000
92 84 000
92 85 000
92 86 000
92 87 000
92 88 000
92 89 000
92 90 000
92 91 000
92 92 000
92 93 000
92 94 000
92 95 000
92 96 000
92 97 000
92 98 000
92 99 000
92 100 000
92 101 000
92 102 000
92 103 000
92 104 000
92 105 000
92 106 000
92 107 000
92 108 000
92 109 000
92 110 000
92 111 000
92 112 000
92 113 000
92 114 000
92 115 000
92 116 000
92 117 000
92 118 000
92 119 000
92 120 000
92 121 000
92 122 000
92 123 000
92 124 000
92 125 000
92 126 000
92 127 000
92 128 000
92 129 000
92 130 000
92 131 000
92 132 000
92 133 000
92 134 000
92 135 000
92 136 000
92 137 000
92 138 000
92 139 000
92 140 000
92 141 000
92 142 000
92 143 000
92 144 000
92 145 000
92 146 000
92 147 000
92 148 000
92 149 000
92 150 000
92 151 000
92 152 000
92 153 000
92 154 000
92 155 000
92 156 000
92 157 000
92 158 000
92 159 000
92 160 000
92 161 000
92 162 000
92 163 000
92 164 000
92 165 000
92 166 000
92 167 000
92 168 000
92 169 000
92 170 000
92 171 000
92 172 000
92 173 000
92 174 000
92 175 000
92 176 000
92 177 000
92 178 000
92 179 000
92 180 000
92 181 000
92 182 000
92 183 000
92 184 000
92 185 000
92 186 000
92 187 000
92 188 000
92 189 000
92 190 000
92 191 000
92 192 000
92 193 000
92 194 000
92 195 000
92 196 000
92 197 000
92 198 000
92 199 000
92 200 000
92 201 000
92 202 000
92 203 000
92 204 000
92 205 000
92 206 000
92 207 000
92 208 000
92 209 000
92 210 000
92 211 000
92 212 000
92 213 000
92 214 000
92 215 000
92 216 000
92 217 000
92 218 000
92 219 000
92 220 000
92 221 000
92 222 000
92 223 000
92 224 000
92 225 000
92 226 000
92 227 000
92 228 000
92 229 000
92 230 000
92 231 000
92 232 000
92 233 000
92 234 000
92 235 000
92 236 000
92 237 000
92 238 000
92 239 000
92 240 000
92 241 000
92 242 000
92 243 000
92 244 000
92 245 000
92 246 000
92 247 000
92 248 000
92 249 000
92 250 000
92 251 000
92 252 000
92 253 000
92 254 000
92 255 000
92 256 000
92 257 000
92 258 000
92 259 000
92 260 000
92 261 000
92 262 000
92 263 000
92 264 000
92 265 000
92 266 000
92 267 000
92 268 000
92 269 000
92 270 000
92 271 000
92 272 000
92 273 000
92 274 000
92 275 000
92 276 000
92 277 000
92 278 000
92 279 000
92 280 000
92 281 000
92 282 000
92 283 000
92 284 000
92 285 000
92 286 000
92 287 000
92 288 000
92 289 000
92 290 000
92 291 000
92 292 000
92 293 000
92 294 000
92 295 000
92 296 000
92 297 000
92 298 000
92 299 000
92 300 000
92 301 000
92 302 000
92 303 000
92 304 000
92 305 000
92 306 000
92 307 000
92 308 000
92 309 000
92 310 000
92 311 000
92 312 000
92 313 000
92 314 000
92 315 000
92 316 000
92 317 000
92 318 000
92 319 000
93 0 000
93 1 000
93 2 000
93 3 000
93 4 000
93 5 000
93 6 000
93 7 000
93 8 000
93 9 000
93 10 000
93 11 000
93 12 000
93 13 000
93 14 000
93 15 000
93 16 000
93 17 000
93 18 000
93 19 000
93 20 000
93 21 000
93 22 000
93 23 000
93 24 000
93 25 000
93 26 000
93 27 000
93 28 000
93 29 000
93 30 000
93 31 000
93 32 000
93 33 000
93 34 000
93 35 000
93 36 000
93 37 000
93 38 000
93 39 000
93 40 000
93 41 000
93 42 000
93 43 000
93 44 000
93 45 000
93 46 000
93 47 000
93 48 000
93 49 000
93 50 000
93 51 000
93 52 000
93 53 000
93 54 000
93 55 000
93 56 000
93 57 000
93 58 000
93 59 000
93 60 000
93 61 000
93 62 000
93 63 000
93 64 000
93 65 000
93 66 000
93 67 000
93 68 000
93 69 000
93 70 000
93 71 000
93 72 000
93 73 000
93 74 000
93 75 000
93 76 000
93 77 000
93 78 000
93 79 000
93 80 000
93 81 000
93 82 000
93 83 000
93 84 000
93 85 000
93 86 000
93 87 000
93 88 000
93 89 000
93 90 000
93 91 000
93 92 000
93 93 000
93 94 000
93 95 000
93 96 000
93 97 000
93 98 000
93 99 000
93 100 000
93 101 000
93 102 000
93 103 000
93 104 000
93 105 000
93 106 000
93 107 000
93 108 000
93 109 000
93 110 000
93 111 000
93 112 000
93 113 000
93 114 000
93 115 000
93 116 000
93 117 000
93 118 000
93 119 000
93 120 000
93 121 000
93 122 000
93 123 000
93 124 000
93 125 000
93 126 000
93 127 000
93 128 000
93 129 000
93 130 000
93 131 000
93 132 000
93 133 000
93 134 000
93 135 000
93 136 000
93 137 000
93 138 000
93 139 000
93 140 000
93 141 000
93 142 000
93 143 000
93 144 000
93 145 000
93 146 000
93 147 000
93 148 000
93 149 000
93 150 000
93 151 000
93 152 000
93 153 000
93 154 000
93 155 000
93 156 000
93 157 000
93 158 000
93 159 000
93 160 000
93 161 000
93 162 000
93 163 000
93 164 000
93 165 000
93 166 000
93 167 000
93 168 000
93 169 000
93 170 000
93 171 000
93 172 000
93 173 000
93 174 000
93 175 000
93 176 000
93 177 000
93 178 000
93 179 000
93 180 000
93 181 000
93 182 000
93 183 000
93 184 000
93 185 000
93 186 000
93 187 000
93 188 000
93 189 000
93 190 000
93 191 000
93 192 000
93 193 000
93 194 000
93 195 000
93 196 000
93 197 000
93 198 000
93 199 000
93 200 000
93 201 000
93 202 000
93 203 000
93 204 000
93 205 000
93 206 000
93 207 000
93 208 000
93 209 000
93 210 000
93 211 000
93 212 000
93 213 000
93 214 000
93 215 000
93 216 000
93 217 000
93 218 000
93 219 000
93 220 000
93 221 000
93 222 000
93 223 000
93 224 000
93 225 000
93 226 000
93 227 000
93 228 000
93 229 000
93 230 000
93 231 000
93 232 000
93 233 000
93 234 000
93 235 000
93 236 000
93 237 000
93 238 000
93 239 000
93 240 000
93 241 000
93 242 000
93 243 000
93 244 000
93 245 000
93 246 000
93 247 000
93 248 000
93 249 000
93 250 000
93 251 000
93 252 000
93 253 000
93 254 000
93 255 000
93 256 000
93 257 000
93 258 000
93 259 000
93 260 000
93 261 000
93 262 000
93 263 000
93 264 000
93 265 000
93 266 000
93 267 000
93 268 000
93 269 000
93 270 000
93 271 000
93 272 000
93 273 000
93 274 000
93 275 000
93 276 000
93 277 000
93 278 000
93 279 000
93 280 000
93 281 000
93 282 000
93 283 000
93 284 000
93 285 000
93 286 000
93 287 000
93 288 000
93 289 000
93 290 000
93 291 000
93 292 000
93 293 000
93 294 000
93 295 000
93 296 000
93 297 000
93 298 000
93 299 000
93 300 000
93 301 000
93 302 000
93 303 000
93 304 000
93 305 000
93 306 000
93 307 000
93 308 000
93 309 000
93 310 000
93 311 000
93 312 000
93 313 000
93 314 000
93 315 000
93 316 000
93 317 000
93 318 000
93 319 000
94 0 000
94 1 000
94 2 000
94 3 000
94 4 000
94 5 000
94 6 000
94 7 000
94 8 000
94 9 000
94 10 000
94 11 000
94 12 000
94 13 000
94 14 000
94 15 000
94 16 000
94 17 000
94 18 000
94 19 000
94 20 000
94 21 000
94 22 000
94 23 000
94 24 000
94 25 000
94 26 000
94 27 000
94 28 000
94 29 000
94 30 000
94 31 000
94 32 000
94 33 000
94 34 000
94 35 000
94 36 000
94 37 000
94 38 000
94 39 000
94 40 000
94 41 000
94 42 000
94 43 000
94 44 000
94 45 000
94 46 000
94 47 000
94 48 000
94 49 000
94 50 000
94 51 000
94 52 000
94 53 000
94 54 000
94 55 000
94 56 000
94 57 000
94 58 000
94 59 000
94 60 000
94 61 000
94 62 000
94 63 000
94 64 000
94 65 000
94 66 000
94 67 000
94 68 000
94 69 000
94 70 000
94 71 000
94 72 000
94 73 000
94 74 000
94 75 000
94 76 000
94 77 000
94 78 000
94 79 000
94 80 000
94 81 000
94 82 000
94 83 000
94 84 000
94 85 000
94 86 000
94 87 000
94 88 000
94 89 000
94 90 000
94 91 000
94 92 000
94 93 000
94 94 000
94 95 000
94 96 000
94 97 000
94 98 000
94 99 000
94 100 000
94 101 000
94 102 000
94 103 000
94 104 000
94 105 000
94 106 000
94 107 000
94 108 000
94 109 000
94 110 000
94 111 000
94 112 000
94 113 000
94 114 000
94 115 000
94 116 000
94 117 000
94 118 000
94 119 000
94 120 000
94 121 000
94 122 000
94 123 000
94 124 000
94 125 000
94 126 000
94 127 000
94 128 000
94 129 000
94 130 000
94 131 000
94 132 000
94 133 000
94 134 000
94 135 000
94 136 000
94 137 000
94 138 000
94 139 000
94 140 000
94 141 000
94 142 000
94 143 000
94 144 000
94 145 000
94 146 000
94 147 000
94 148 000
94 149 000
94 150 000
94 151 000
94 152 000
94 153 000
94 154 000
94 155 000
94 156 000
94 157 000
94 158 000
94 159 000
94 160 000
94 161 000
94 162 000
94 163 000
94 164 000
94 165 000
94 166 000
94 167 000
94 168 000
94 169 000
94 170 000
94 171 000
94 172 000
94 173 000
94 174 000
94 175 000
94 176 000
94 177 000
94 178 000
94 179 000
94 180 000
94 181 000
94 182 000
94 183 000
94 184 000
94 185 000
94 186 000
94 187 000
94 188 000
94 189 000
94 190 000
94 191 000
94 192 000
94 193 000
94 194 000
94 195 000
94 196 000
94 197 000
94 198 000
94 199 000
94 200 000
94 201 000
94 202 000
94 203 000
94 204 000
94 205 000
94 206 000
94 207 000
94 208 000
94 209 000
94 210 000
94 211 000
94 212 000
94 213 000
94 214 000
94 215 000
94 216 000
94 217 000
94 218 000
94 219 000
94 220 000
94 221 000
94 222 000
94 223 000
94 224 000
94 225 000
94 226 000
94 227 000
94 228 000
94 229 000
94 230 000
94 231 000
94 232 000
94 233 000
94 234 000
94 235 000
94 236 000
94 237 000
94 238 000
94 239 000
94 240 000
94 241 000
94 242 000
94 243 000
94 244 000
94 245 000
94 246 000
94 247 000
94 248 000
94 249 000
94 250 000
94 251 000
94 252 000
94 253 000
94 254 000
94 255 000
94 256 000
94 257 000
94 258 000
94 259 000
94 260 000
94 261 000
94 262 000
94 263 000
94 264 000
94 265 000
94 266 000
94 267 000
94 268 000
94 269 000
94 270 000
94 271 000
94 272 000
94 273 000
94 274 000
94 275 000
94 276 000
94 277 000
94 278 000
94 279 000
94 280 000
94 281 000
94 282 000
94 283 000
94 284 000
94 285 000
94 286 000
94 287 000
94 288 000
94 289 000
94 290 000
94 291 000
94 292 000
94 293 000
94 294 000
94 295 000
94 296 000
94 297 000
94 298 000
94 299 000
94 300 000
94 301 000
94 302 000
94 303 000
94 304 000
94 305 000
94 306 000
94 307 000
94 308 000
94 309 000
94 310 000
94 311 000
94 312 000
94 313 000
94 314 000
94 315 000
94 316 000
94 317 000
94 318 000
94 319 000
95 0 000
95 1 000
95 2 000
95 3 000
95 4 000
95 5 000
95 6 000
95 7 000
95 8 000
95 9 000
95 10 000
95 11 000
95 12 000
95 13 000
95 14 000
95 15 000
95 16 000
95 17 000
95 18 000
95 19 000
95 20 000
95 21 000
95 22 000
95 23 000
95 24 000
95 25 000
95 26 000
95 27 000
95 28 000
95 29 000
95 30 000
95 31 000
95 32 000
95 33 000
95 34 000
95 35 000
95 36 000
95 37 000
95 38 000
95 39 000
95 40 000
95 41 000
95 42 000
95 43 000
95 44 000
95 45 000
95 46 000
95 47 000
95 48 000
95 49 000
95 50 000
95 51 000
95 52 000
95 53 000
95 54 000
95 55 000
95 56 000
95 57 000
95 58 000
95 59 000
95 60 000
95 61 000
95 62 000
95 63 000
95 64 000
95 65 000
95 66 000
95 67 000
95 68 000
95 69 000
95 70 000
95 71 000
95 72 000
95 73 000
95 74 000
95 75 000
95 76 000
95 77 000
95 78 000
95 79 000
95 80 000
95 81 000
95 82 000
95 83 000
95 84 000
95 85 000
95 86 000
95 87 000
95 88 000
95 89 000
95 90 000
95 91 000
95 92 000
95 93 000
95 94 000
95 95 000
95 96 000
95 97 000
95 98 000
95 99 000
95 100 000
95 101 000
95 102 000
95 103 000
95 104 000
95 105 000
95 106 000
95 107 000
95 108 000
95 109 000
95 110 000
95 111 000
95 112 000
95 113 000
95 114 000
95 115 000
95 116 000
95 117 000
95 118 000
95 119 000
95 120 000
95 121 000
95 122 000
95 123 000
95 124 000
95 125 000
95 126 000
95 127 000
95 128 000
95 129 000
95 130 000
95 131 000
95 132 000
95 133 000
95 134 000
95 135 000
95 136 000
95 137 000
95 138 000
95 139 000
95 140 000
95 141 000
95 142 000
95 143 000
95 144 000
95 145 000
95 146 000
95 147 000
95 148 000
95 149 000
95 150 000
95 151 000
95 152 000
95 153 000
95 154 000
95 155 000
95 156 000
95 157 000
95 158 000
95 159 000
95 160 000
95 161 000
95 162 000
95 163 000
95 164 000
95 165 000
95 166 000
95 167 000
95 168 000
95 169 000
95 170 000
95 171 000
95 172 000
95 173 000
95 174 000
95 175 000
95 176 000
95 177 000
95 178 000
95 179 000
95 180 000
95 181 000
95 182 000
95 183 000
95 184 000
95 185 000
95 186 000
95 187 000
95 188 000
95 189 000
95 190 000
95 191 000
95 192 000
95 193 000
95 194 000
95 195 000
95 196 000
95 197 000
95 198 000
95 199 000
95 200 000
95 201 000
95 202 000
95 203 000
95 204 000
95 205 000
95 206 000
95 207 000
95 208 000
95 209 000
95 210 000
95 211 000
95 212 000
95 213 000
95 214 000
95 215 000
95 216 000
95 217 000
95 218 000
95 219 000
95 220 000
95 221 000
95 222 000
95 223 000
95 224 000
95 225 000
95 226 000
95 227 000
95 228 000
95 229 000
95 230 000
95 231 000
95 232 000
95 233 000
95 234 000
95 235 000
95 236 000
95 237 000
95 238 000
95 239 000
95 240 000
95 241 000
95 242 000
95 243 000
95 244 000
95 245 000
95 246 000
95 247 000
95 248 000
95 249 000
95 250 000
95 251 000
95 252 000
95 253 000
95 254 000
95 255 000
95 256 000
95 257 000
95 258 000
95 259 000
95 260 000
95 261 000
95 262 000
95 263 000
95 264 000
95 265 000
95 266 000
95 267 000
95 268 000
95 269 000
95 270 000
95 271 000
95 272 000
95 273 000
95 274 000
95 275 000
95 276 000
95 277 000
95 278 000
95 279 000
95 280 000
95 281 000
95 282 000
95 283 000
95 284 000
95 285 000
95 286 000
95 287 000
95 288 000
95 289 000
95 290 000
95 291 000
95 292 000
95 293 000
95 294 000
95 295 000
95 296 000
95 297 000
95 298 000
95 299 000
95 300 000
95 301 000
95 302 000
95 303 000
95 304 000
95 305 000
95 306 000
95 307 000
95 308 e26
95 309 e26
95 310 e26
95 311 e26
95 312 e26
95 313 e26
95 314 e26
95 315 e26
95 316 e26
95 317 e26
95 318 e26
95 319 e26
96 0 000
96 1 000
96 2 000
96 3 000
96 4 000
96 5 000
96 6 000
96 7 000
96 8 000
96 9 000
96 10 000
96 11 000
96 12 000
96 13 000
96 14 000
96 15 000
96 16 000
96 17 000
96 18 000
96 19 000
96 20 000
96 21 000
96 22 000
96 23 000
96 24 000
96 25 000
96 26 000
96 27 000
96 28 000
96 29 000
96 30 000
96 31 000
96 32 000
96 33 000
96 34 000
96 35 000
96 36 000
96 37 000
96 38 000
96 39 000
96 40 000
96 41 000
96 42 000
96 43 000
96 44 000
96 45 000
96 46 000
96 47 000
96 48 000
96 49 000
96 50 000
96 51 000
96 52 000
96 53 000
96 54 000
96 55 000
96 56 000
96 57 000
96 58 000
96 59 000
96 60 000
96 61 000
96 62 000
96 63 000
96 64 000
96 65 000
96 66 000
96 67 000
96 68 000
96 69 000
96 70 000
96 71 000
96 72 000
96 73 000
96 74 000
96 75 000
96 76 000
96 77 000
96 78 000
96 79 000
96 80 000
96 81 000
96 82 000
96 83 000
96 84 000
96 85 000
96 86 000
96 87 000
96 88 000
96 89 000
96 90 000
96 91 000
96 92 000
96 93 000
96 94 000
96 95 000
96 96 000
96 97 000
96 98 000
96 99 000
96 100 000
96 101 000
96 102 000
96 103 000
96 104 000
96 105 000
96 106 000
96 107 000
96 108 000
96 109 000
96 110 000
96 111 000
96 112 000
96 113 000
96 114 000
96 115 000
96 116 000
96 117 000
96 118 000
96 119 000
96 120 000
96 121 000
96 122 000
96 123 000
96 124 000
96 125 000
96 126 000
96 127 000
96 128 000
96 129 000
96 130 000
96 131 000
96 132 000
96 133 000
96 134 000
96 135 000
96 136 000
96 137 000
96 138 000
96 139 000
96 140 000
96 141 000
96 142 000
96 143 000
96 144 000
96 145 000
96 146 000
96 147 000
96 148 000
96 149 000
96 150 000
96 151 000
96 152 000
96 153 000
96 154 000
96 155 000
96 156 000
96 157 000
96 158 000
96 159 000
96 160 000
96 161 000
96 162 000
96 163 000
96 164 000
96 165 000
96 166 000
96 167 000
96 168 000
96 169 000
96 170 000
96 171 000
96 172 000
96 173 000
96 174 000
96 175 000
96 176 000
96 177 000
96 178 000
96 179 000
96 180 000
96 181 000
96 182 000
96 183 000
96 184 000
96 185 000
96 186 000
96 187 000
96 188 000
96 189 000
96 190 000
96 191 000
96 192 000
96 193 000
96 194 000
96 195 000
96 196 000
96 197 000
96 198 000
96 199 000
96 200 000
96 201 000
96 202 000
96 203 000
96 204 000
96 205 000
96 206 000
96 207 000
96 208 000
96 209 000
96 210 000
96 211 000
96 212 000
96 213 000
96 214 000
96 215 000
96 216 000
96 217 000
96 218 000
96 219 000
96 220 000
96 221 000
96 222 000
96 223 000
96 224 000
96 225 000
96 226 000
96 227 000
96 228 000
96 229 000
96 230 000
96 231 000
96 232 000
96 233 000
96 234 000
96 235 000
96 236 000
96 237 000
96 238 000
96 239 000
96 240 000
96 241 000
96 242 000
96 243 000
96 244 000
96 245 000
96 246 000
96 247 000
96 248 000
96 249 000
96 250 000
96 251 000
96 252 000
96 253 000
96 254 000
96 255 000
96 256 000
96 257 000
96 258 000
96 259 000
96 260 000
96 261 000
96 262 000
96 263 000
96 264 000
96 265 000
96 266 000
96 267 000
96 268 000
96 269 000
96 270 000
96 271 000
96 272 000
96 273 000
96 274 000
96 275 000
96 276 000
96 277 000
96 278 000
96 279 000
96 280 000
96 281 000
96 282 000
96 283 000
96 284 000
96 285 000
96 286 000
96 287 000
96 288 000
96 289 000
96 290 000
96 291 000
96 292 000
96 293 000
96 294 000
96 295 000
96 296 000
96 297 000
96 298 000
96 299 000
96 300 000
96 301 000
96 302 000
96 303 000
96 304 000
96 305 000
96 306 000
96 307 e26
96 308 e26
96 309 e26
96 310 e26
96 311 e25
96 312 e25
96 313 e25
96 314 e25
96 315 e25
96 316 e25
96 317 e25
96 318 e25
96 319 e25
97 0 000
97 1 000
97 2 000
97 3 000
97 4 000
97 5 000
97 6 000
97 7 000
97 8 000
97 9 000
97 10 000
97 11 000
97 12 000
97 13 000
97 14 000
97 15 000
97 16 000
97 17 000
97 18 000
97 19 000
97 20 000
97 21 000
97 22 000
97 23 000
97 24 000
97 25 000
97 26 000
97 27 000
97 28 000
97 29 000
97 30 000
97 31 000
97 32 000
97 33 000
97 34 000
97 35 000
97 36 000
97 37 000
97 38 000
97 39 000
97 40 000
97 41 000
97 42 000
97 43 000
97 44 000
97 45 000
97 46 000
97 47 000
97 48 000
97 49 000
97 50 000
97 51 000
97 52 000
97 53 000
97 54 000
97 55 000
97 56 000
97 57 000
97 58 000
97 59 000
97 60 000
97 61 000
97 62 000
97 63 000
97 64 000
97 65 000
97 66 000
97 67 000
97 68 000
97 69 000
97 70 000
97 71 000
97 72 000
97 73 000
97 74 000
97 75 000
97 76 000
97 77 000
97 78 000
97 79 000
97 80 000
97 81 000
97 82 000
97 83 000
97 84 000
97 85 000
97 86 000
97 87 000
97 88 000
97 89 000
97 90 000
97 91 000
97 92 000
97 93 000
97 94 000
97 95 000
97 96 000
97 97 000
97 98 000
97 99 000
97 100 000
97 101 000
97 102 000
97 103 000
97 104 000
97 105 000
97 106 000
97 107 000
97 108 000
97 109 000
97 110 000
97 111 000
97 112 000
97 113 000
97 114 000
97 115 000
97 116 000
97 117 000
97 118 000
97 119 000
97 120 000
97 121 000
97 122 000
97 123 000
97 124 000
97 125 000
97 126 000
97 127 000
97 128 000
97 129 000
97 130 000
97 131 000
97 132 000
97 133 000
97 134 000
97 135 000
97 136 000
97 137 000
97 138 000
97 139 000
97 140 000
97 141 000
97 142 000
97 143 000
97 144 000
97 145 000
97 146 000
97 147 000
97 148 000
97 149 000
97 150 000
97 151 000
97 152 000
97 153 000
97 154 000
97 155 000
97 156 000
97 157 000
97 158 000
97 159 000
97 160 000
97 161 000
97 162 000
97 163 000
97 164 000
97 165 000
97 166 000
97 167 000
97 168 000
97 169 000
97 170 000
97 171 000
97 172 000
97 173 000
97 174 000
97 175 000
97 176 000
97 177 000
97 178 000
97 179 000
97 180 000
97 181 000
97 182 000
97 183 000
97 184 000
97 185 000
97 186 000
97 187 000
97 188 000
97 189 000
97 190 000
97 191 000
97 192 000
97 193 000
97 194 000
97 195 000
97 196 000
97 197 000
97 198 000
97 199 000
97 200 000
97 201 000
97 202 000
97 203 000
97 204 000
97 205 000
97 206 000
97 207 000
97 208 000
97 209 000
97 210 000
97 211 000
97 212 000
97 213 000
97 214 000
97 215 000
97 216 000
97 217 000
97 218 000
97 219 000
97 220 000
97 221 000
97 222 000
97 223 000
97 224 000
97 225 000
97 226 000
97 227 000
97 228 000
97 229 000
97 230 000
97 231 000
97 232 000
97 233 000
97 234 000
97 235 000
97 236 000
97 237 000
97 238 000
97 239 000
97 240 000
97 241 000
97 242 000
97 243 000
97 244 000
97 245 000
97 246 000
97 247 000
97 248 000
97 249 000
97 250 000
97 251 000
97 252 000
97 253 000
97 254 000
97 255 000
97 256 000
97 257 000
97 258 000
97 259 000
97 260 000
97 261 000
97 262 000
97 263 000
97 264 000
97 265 000
97 266 000
97 267 000
97 268 000
97 269 000
97 270 000
97 271 000
97 272 000
97 273 000
97 274 000
97 275 000
97 276 000
97 277 000
97 278 000
97 279 000
97 280 000
97 281 000
97 282 000
97 283 000
97 284 000
97 285 000
97 286 000
97 287 000
97 288 000
97 289 000
97 290 000
97 291 000
97 292 000
97 293 000
97 294 000
97 295 000
97 296 000
97 297 000
97 298 000
97 299 000
97 300 000
97 301 000
97 302 000
97 303 000
97 304 000
97 305 000
97 306 e26
97 307 e26
97 308 e26
97 309 e25
97 310 e25
97 311 e25
97 312 e26
97 313 e26
97 314 e26
97 315 e26
97 316 e26
97 317 e26
97 318 e26
97 319 e26
98 0 000
98 1 000
98 2 000
98 3 000
98 4 000
98 5 000
98 6 000
98 7 000
98 8 000
98 9 000
98 10 000
98 11 000
98 12 000
98 13 000
98 14 000
98 15 000
98 16 000
98 17 000
98 18 000
98 19 000
98 20 000
98 21 000
98 22 000
98 23 000
98 24 000
98 25 000
98 26 000
98 27 000
98 28 000
98 29 000
98 30 000
98 31 000
98 32 000
98 33 000
98 34 000
98 35 000
98 36 000
98 37 000
98 38 000
98 39 000
98 40 000
98 41 000
98 42 000
98 43 000
98 44 000
98 45 000
98 46 000
98 47 000
98 48 000
98 49 000
98 50 000
98 51 000
98 52 000
98 53 000
98 54 000
98 55 000
98 56 000
98 57 000
98 58 000
98 59 000
98 60 000
98 61 000
98 62 000
98 63 000
98 64 000
98 65 000
98 66 000
98 67 000
98 68 000
98 69 000
98 70 000
98 71 000
98 72 000
98 73 000
98 74 000
98 75 000
98 76 000
98 77 000
98 78 000
98 79 000
98 80 000
98 81 000
98 82 000
98 83 000
98 84 000
98 85 000
98 86 000
98 87 000
98 88 000
98 89 000
98 90 000
98 91 000
98 92 000
98 93 000
98 94 000
98 95 000
98 96 000
98 97 000
98 98 000
98 99 000
98 100 000
98 101 000
98 102 000
98 103 000
98 104 000
98 105 000
98 106 000
98 107 000
98 108 000
98 109 000
98 110 000
98 111 000
98 112 000
98 113 000
98 114 000
98 115 000
98 116 000
98 117 000
98 118 000
98 119 000
98 120 000
98 121 000
98 122 000
98 123 000
98 124 000
98 125 000
98 126 000
98 127 000
98 128 000
98 129 000
98 130 000
98 131 000
98 132 000
98 133 000
98 134 000
98 135 000
98 136 000
98 137 000
98 138 000
98 139 000
98 140 000
98 141 000
98 142 000
98 143 000
98 144 000
98 145 000
98 146 000
98 147 000
98 148 000
98 149 000
98 150 000
98 151 000
98 152 000
98 153 000
98 154 000
98 155 000
98 156 000
98 157 000
98 158 000
98 159 000
98 160 000
98 161 000
98 162 000
98 163 000
98 164 000
98 165 000
98 166 000
98 167 000
98 168 000
98 169 000
98 170 000
98 171 000
98 172 000
98 173 000
98 174 000
98 175 000
98 176 000
98 177 000
98 178 000
98 179 000
98 180 000
98 181 000
98 182 000
98 183 000
98 184 000
98 185 000
98 186 000
98 187 000
98 188 000
98 189 000
98 190 000
98 191 000
98 192 000
98 193 000
98 194 000
98 195 000
98 196 000
98 197 000
98 198 000
98 199 000
98 200 000
98 201 000
98 202 000
98 203 000
98 204 000
98 205 000
98 206 000
98 207 000
98 208 000
98 209 000
98 210 000
98 211 000
98 212 000
98 213 000
98 214 000
98 215 000
98 216 000
98 217 000
98 218 000
98 219 000
98 220 000
98 221 000
98 222 000
98 223 000
98 224 000
98 225 000
98 226 000
98 227 000
98 228 000
98 229 000
98 230 000
98 231 000
98 232 000
98 233 000
98 234 000
98 235 000
98 236 000
98 237 000
98 238 000
98 239 000
98 240 000
98 241 000
98 242 000
98 243 000
98 244 000
98 245 000
98 246 000
98 247 000
98 248 000
98 249 000
98 250 000
98 251 000
98 252 000
98 253 000
98 254 000
98 255 000
98 256 000
98 257 000
98 258 000
98 259 000
98 260 000
98 261 000
98 262 000
98 263 000
98 264 000
98 265 000
98 266 000
98 267 000
98 268 000
98 269 000
98 270 000
98 271 000
98 272 000
98 273 000
98 274 000
98 275 000
98 276 000
98 277 000
98 278 000
98 279 000
98 280 000
98 281 000
98 282 000
98 283 000
98 284 000
98 285 000
98 286 000
98 287 000
98 288 000
98 289 000
98 290 000
98 291 000
98 292 000
98 293 000
98 294 000
98 295 000
98 296 000
98 297 000
98 298 000
98 299 000
98 300 000
98 301 000
98 302 000
98 303 000
98 304 000
98 305 e26
98 306 e26
98 307 e26
98 308 e25
98 309 e25
98 310 e26
98 311 e26
98 312 e26
98 313 e26
98 314 e26
98 315 e26
98 316 e26
98 317 e26
98 318 e26
98 319 e26
99 0 000
99 1 000
99 2 000
99 3 000
99 4 000
99 5 000
99 6 000
99 7 000
99 8 000
99 9 000
99 10 000
99 11 000
99 12 000
99 13 000
99 14 000
99 15 000
99 16 000
99 17 000
99 18 000
99 19 000
99 20 000
99 21 000
99 22 000
99 23 000
99 24 000
99 25 000
99 26 000
99 27 000
99 28 000
99 29 000
99 30 000
99 31 000
99 32 000
99 33 000
99 34 000
99 35 000
99 36 000
99 37 000
99 38 000
99 39 000
99 40 000
99 41 000
99 42 000
99 43 000
99 44 000
99 45 000
99 46 000
99 47 000
99 48 000
99 49 000
99 50 000
99 51 000
99 52 000
99 53 000
99 54 000
99 55 000
99 56 000
99 57 000
99 58 000
99 59 000
99 60 000
99 61 000
99 62 000
99 63 000
99 64 000
99 65 000
99 66 000
99 67 000
99 68 000
99 69 000
99 70 000
99 71 000
99 72 000
99 73 000
99 74 000
99 75 000
99 76 000
99 77 000
99 78 000
99 79 000
99 80 000
99 81 000
99 82 000
99 83 000
99 84 000
99 85 000
99 86 000
99 87 000
99 88 000
99 89 000
99 90 000
99 91 000
99 92 000
99 93 000
99 94 000
99 95 000
99 96 000
99 97 000
99 98 000
99 99 000
99 100 000
99 101 000
99 102 000
99 103 000
99 104 000
99 105 000
99 106 000
99 107 000
99 108 000
99 109 000
99 110 000
99 111 000
99 112 000
99 113 000
99 114 000
99 115 000
99 116 000
99 117 000
99 118 000
99 119 000
99 120 000
99 121 000
99 122 000
99 123 000
99 124 000
99 125 000
99 126 000
99 127 000
99 128 000
99 129 000
99 130 000
99 131 000
99 132 000
99 133 000
99 134 000
99 135 000
99 136 000
99 137 000
99 138 000
99 139 000
99 140 000
99 141 000
99 142 000
99 143 000
99 144 000
99 145 000
99 146 000
99 147 000
99 148 000
99 149 000
99 150 000
99 151 000
99 152 000
99 153 000
99 154 000
99 155 000
99 156 000
99 157 000
99 158 000
99 159 000
99 160 000
99 161 000
99 162 000
99 163 000
99 164 000
99 165 000
99 166 000
99 167 000
99 168 000
99 169 000
99 170 000
99 171 000
99 172 000
99 173 000
99 174 000
99 175 000
99 176 000
99 177 000
99 178 000
99 179 000
99 180 000
99 181 000
99 182 000
99 183 000
99 184 000
99 185 000
99 186 000
99 187 000
99 188 000
99 189 000
99 190 000
99 191 000
99 192 000
99 193 000
99 194 000
99 195 000
99 196 000
99 197 000
99 198 000
99 199 000
99 200 000
99 201 000
99 202 000
99 203 000
99 204 000
99 205 000
99 206 000
99 207 000
99 208 000
99 209 000
99 210 000
99 211 000
99 212 000
99 213 000
99 214 000
99 215 000
99 216 000
99 217 000
99 218 000
99 219 000
99 220 000
99 221 000
99 222 000
99 223 000
99 224 000
99 225 000
99 226 000
99 227 000
99 228 000
99 229 000
99 230 000
99 231 000
99 232 000
99 233 000
99 234 000
99 235 000
99 236 000
99 237 000
99 238 000
99 239 000
99 240 000
99 241 000
99 242 000
99 243 000
99 244 000
99 245 000
99 246 000
99 247 000
99 248 000
99 249 000
99 250 000
99 251 000
99 252 000
99 253 000
99 254 000
99 255 000
99 256 000
99 257 000
99 258 000
99 259 000
99 260 000
99 261 000
99 262 000
99 263 000
99 264 000
99 265 000
99 266 000
99 267 000
99 268 000
99 269 000
99 270 000
99 271 000
99 272 000
99 273 000
99 274 000
99 275 000
99 276 000
99 277 000
99 278 000
99 279 000
99 280 000
99 281 000
99 282 000
99 283 000
99 284 000
99 285 000
99 286 000
99 287 000
99 288 000
99 289 000
99 290 000
99 291 000
99 292 000
99 293 000
99 294 000
99 295 000
99 296 000
99 297 000
99 298 000
99 299 000
99 300 000
99 301 000
99 302 000
99 303 000
99 304 000
99 305 e26
99 306 e26
99 307 e26
99 308 e25
99 309 e26
99 310 e26
99 311 e26
99 312 e25
99 313 e25
99 314 e25
99 315 e25
99 316 e25
99 317 e26
99 318 e26
99 319 e26
100 0 000
100 1 000
100 2 000
100 3 000
100 4 000
100 5 000
100 6 000
100 7 000
100 8 000
100 9 000
100 10 000
100 11 000
100 12 000
100 13 000
100 14 000
100 15 000
100 16 000
100 17 000
100 18 000
100 19 000
100 20 000
100 21 000
100 22 000
100 23 000
100 24 000
100 25 000
100 26 000
100 27 000
100 28 000
100 29 000
100 30 000
100 31 000
100 32 000
100 33 000
100 34 000
100 35 000
100 36 000
100 37 000
100 38 000
100 39 000
100 40 000
100 41 000
100 42 000
100 43 000
100 44 000
100 45 000
100 46 000
100 47 000
100 48 000
100 49 000
100 50 000
100 51 000
100 52 000
100 53 000
100 54 000
100 55 000
100 56 000
100 57 000
100 58 000
100 59 000
100 60 000
100 61 000
100 62 000
100 63 000
100 64 000
100 65 000
100 66 000
100 67 000
100 68 000
100 69 000
100 70 000
100 71 000
100 72 000
100 73 000
100 74 000
100 75 000
100 76 000
100 77 000
100 78 000
100 79 000
100 80 000
100 81 000
100 82 000
100 83 000
100 84 000
100 85 000
100 86 000
100 87 000
100 88 000
100 89 000
100 90 000
100 91 000
100 92 000
100 93 000
100 94 000
100 95 000
100 96 000
100 97 000
100 98 000
100 99 000
100 100 000
100 101 000
100 102 000
100 103 000
100 104 000
100 105 000
100 106 000
100 107 000
100 108 000
100 109 000
100 110 000
100 111 000
100 112 000
100 113 000
100 114 000
100 115 000
100 116 000
100 117 000
100 118 000
100 119 000
100 120 000
100 121 000
100 122 000
100 123 000
100 124 000
100 125 000
100 126 000
100 127 000
100 128 000
100 129 000
100 130 000
100 131 000
100 132 000
100 133 000
100 134 000
100 135 000
100 136 000
100 137 000
100 138 000
100 139 000
100 140 000
100 141 000
100 142 000
100 143 000
100 144 000
100 145 000
100 146 000
100 147 000
100 148 000
100 149 000
100 150 000
100 151 000
100 152 000
100 153 000
100 154 000
100 155 000
100 156 000
100 157 000
100 158 000
100 159 000
100 160 000
100 161 000
100 162 000
100 163 000
100 164 000
100 165 000
100 166 000
100 167 000
100 168 000
100 169 000
100 170 000
100 171 000
100 172 000
100 173 000
100 174 000
100 175 000
100 176 000
100 177 000
100 178 000
100 179 000
100 180 000
100 181 000
100 182 000
100 183 000
100 184 000
100 185 000
100 186 000
100 187 000
100 188 000
100 189 000
100 190 000
100 191 000
100 192 000
100 193 000
100 194 000
100 195 000
100 196 000
100 197 000
100 198 000
100 199 000
100 200 000
100 201 000
100 202 000
100 203 000
100 204 000
100 205 000
100 206 000
100 207 000
100 208 000
100 209 000
100 210 000
100 211 000
100 212 000
100 213 000
100 214 000
100 215 000
100 216 000
100 217 000
100 218 000
100 219 000
100 220 000
100 221 000
100 222 000
100 223 000
100 224 000
100 225 000
100 226 000
100 227 000
100 228 000
100 229 000
100 230 000
100 231 000
100 232 000
100 233 000
100 234 000
100 235 000
100 236 000
100 237 000
100 238 000
100 239 000
100 240 000
100 241 000
100 242 000
100 243 000
100 244 000
100 245 000
100 246 000
100 247 000
100 248 000
100 249 000
100 250 000
100 251 000
100 252 000
100 253 000
100 254 000
100 255 000
100 256 000
100 257 000
100 258 000
100 259 000
100 260 000
100 261 000
100 262 000
100 263 000
100 264 000
100 265 000
100 266 000
100 267 000
100 268 000
100 269 000
100 270 000
100 271 000
100 272 000
100 273 000
100 274 000
100 275 000
100 276 000
100 277 000
100 278 000
100 279 000
100 280 000
100 281 000
100 282 000
100 283 000
100 284 000
100 285 000
100 286 000
100 287 000
100 288 000
100 289 000
100 290 000
100 291 000
100 292 000
100 293 000
100 294 000
100 295 000
100 296 000
100 297 000
100 298 000
100 299 000
100 300 000
100 301 000
100 302 000
100 303 000
100 304 000
100 305 e26
100 306 e26
100 307 e26
100 308 e25
100 309 e26
100 310 e26
100 311 e25
100 312 e25
100 313 e26
100 314 e26
100 315 e26
100 316 e26
100 317 e26
100 318 e26
100 319 e26
101 0 000
101 1 000
101 2 000
101 3 000
101 4 000
101 5 000
101 6 000
101 7 000
101 8 000
101 9 000
101 10 000
101 11 000
101 12 000
101 13 000
101 14 000
101 15 000
101 16 000
101 17 000
101 18 000
101 19 000
101 20 000
101 21 000
101 22 000
101 23 000
101 24 000
101 25 000
101 26 000
101 27 000
101 28 000
101 29 000
101 30 000
101 31 000
101 32 000
101 33 000
101 34 000
101 35 000
101 36 000
101 37 000
101 38 000
101 39 000
101 40 000
101 41 000
101 42 000
101 43 000
101 44 000
101 45 000
101 46 000
101 47 000
101 48 000
101 49 000
101 50 000
101 51 000
101 52 000
101 53 000
101 54 000
101 55 000
101 56 000
101 57 000
101 58 000
101 59 000
101 60 000
101 61 000
101 62 000
101 63 000
101 64 000
101 65 000
101 66 000
101 67 000
101 68 000
101 69 000
101 70 000
101 71 000
101 72 000
101 73 000
101 74 000
101 75 000
101 76 000
101 77 000
101 78 000
101 79 000
101 80 000
101 81 000
101 82 000
101 83 000
101 84 000
101 85 000
101 86 000
101 87 000
101 88 000
101 89 000
101 90 000
101 91 000
101 92 000
101 93 000
101 94 000
101 95 000
101 96 000
101 97 000
101 98 000
101 99 000
101 100 000
101 101 000
101 102 000
101 103 000
101 104 000
101 105 000
101 106 000
101 107 000
101 108 000
101 109 000
101 110 000
101 111 000
101 112 000
101 113 000
101 114 000
101 115 000
101 116 000
101 117 000
101 118 000
101 119 000
101 120 000
101 121 000
101 122 000
101 123 000
101 124 000
101 125 000
101 126 000
101 127 000
101 128 000
101 129 000
101 130 000
101 131 000
101 132 000
101 133 000
101 134 000
101 135 000
101 136 000
101 137 000
101 138 000
101 139 000
101 140 000
101 141 000
101 142 000
101 143 000
101 144 000
101 145 000
101 146 000
101 147 000
101 148 000
101 149 000
101 150 000
101 151 000
101 152 000
101 153 000
101 154 000
101 155 000
101 156 000
101 157 000
101 158 000
101 159 000
101 160 000
101 161 000
101 162 000
101 163 000
101 164 000
101 165 000
101 166 000
101 167 000
101 168 000
101 169 000
101 170 000
101 171 000
101 172 000
101 173 000
101 174 000
101 175 000
101 176 000
101 177 000
101 178 000
101 179 000
101 180 000
101 181 000
101 182 000
101 183 000
101 184 000
101 185 000
101 186 000
101 187 000
101 188 000
101 189 000
101 190 000
101 191 000
101 192 000
101 193 000
101 194 000
101 195 000
101 196 000
101 197 000
101 198 000
101 199 000
101 200 000
101 201 000
101 202 000
101 203 000
101 204 000
101 205 000
101 206 000
101 207 000
101 208 000
101 209 000
101 210 000
101 211 000
101 212 000
101 213 000
101 214 000
101 215 000
101 216 000
101 217 000
101 218 000
101 219 000
101 220 000
101 221 000
101 222 000
101 223 000
101 224 000
101 225 000
101 226 000
101 227 000
101 228 000
101 229 000
101 230 000
101 231 000
101 232 000
101 233 000
101 234 000
101 235 000
101 236 000
101 237 000
101 238 000
101 239 000
101 240 000
101 241 000
101 242 000
101 243 000
101 244 000
101 245 000
101 246 000
101 247 000
101 248 000
101 249 000
101 250 000
101 251 000
101 252 000
101 253 000
101 254 000
101 255 000
101 256 000
101 257 000
101 258 000
101 259 000
101 260 000
101 261 000
101 262 000
101 263 000
101 264 000
101 265 000
101 266 000
101 267 000
101 268 000
101 269 000
101 270 000
101 271 000
101 272 000
101 273 000
101 274 000
101 275 000
101 276 000
101 277 000
101 278 000
101 279 000
101 280 000
101 281 000
101 282 000
101 283 000
101 284 000
101 285 000
101 286 000
101 287 000
101 288 000
101 289 000
101 290 000
101 291 000
101 292 000
101 293 000
101 294 000
101 295 000
101 296 000
101 297 000
101 298 000
101 299 000
101 300 000
101 301 000
101 302 000
101 303 000
101 304 000
101 305 e26
101 306 e26
101 307 e26
101 308 e25
101 309 e26
101 310 e26
101 311 e25
101 312 e25
101 313 e26
101 314 e26
101 315 e26
101 316 e26
101 317 e26
101 318 e26
101 319 e26
102 0 000
102 1 000
102 2 000
102 3 000
102 4 000
102 5 000
102 6 000
102 7 000
102 8 000
102 9 000
102 10 000
102 11 000
102 12 000
102 13 000
102 14 000
102 15 000
102 16 000
102 17 000
102 18 000
102 19 000
102 20 000
102 21 000
102 22 000
102 23 000
102 24 000
102 25 000
102 26 000
102 27 000
102 28 000
102 29 000
102 30 000
102 31 000
102 32 000
102 33 000
102 34 000
102 35 000
102 36 000
102 37 000
102 38 000
102 39 000
102 40 000
102 41 000
102 42 000
102 43 000
102 44 000
102 45 000
102 46 000
102 47 000
102 48 000
102 49 000
102 50 000
102 51 000
102 52 000
102 53 000
102 54 000
102 55 000
102 56 000
102 57 000
102 58 000
102 59 000
102 60 000
102 61 000
102 62 000
102 63 000
102 64 000
102 65 000
102 66 000
102 67 000
102 68 000
102 69 000
102 70 000
102 71 000
102 72 000
102 73 000
102 74 000
102 75 000
102 76 000
102 77 000
102 78 000
102 79 000
102 80 000
102 81 000
102 82 000
102 83 000
102 84 000
102 85 000
102 86 000
102 87 000
102 88 000
102 89 000
102 90 000
102 91 000
102 92 000
102 93 000
102 94 000
102 95 000
102 96 000
102 97 000
102 98 000
102 99 000
102 100 000
102 101 000
102 102 000
102 103 000
102 104 000
102 105 000
102 106 000
102 107 000
102 108 000
102 109 000
102 110 000
102 111 000
102 112 000
102 113 000
102 114 000
102 115 000
102 116 000
102 117 000
102 118 000
102 119 000
102 120 000
102 121 000
102 122 000
102 123 000
102 124 000
102 125 000
102 126 000
102 127 000
102 128 000
102 129 000
102 130 000
102 131 000
102 132 000
102 133 000
102 134 000
102 135 000
102 136 000
102 137 000
102 138 000
102 139 000
102 140 000
102 141 000
102 142 000
102 143 000
102 144 000
102 145 000
102 146 000
102 147 000
102 148 000
102 149 000
102 150 000
102 151 000
102 152 000
102 153 000
102 154 000
102 155 000
102 156 000
102 157 000
102 158 000
102 159 000
102 160 000
102 161 000
102 162 000
102 163 000
102 164 000
102 165 000
102 166 000
102 167 000
102 168 000
102 169 000
102 170 000
102 171 000
102 172 000
102 173 000
102 174 000
102 175 000
102 176 000
102 177 000
102 178 000
102 179 000
102 180 000
102 181 000
102 182 000
102 183 000
102 184 000
102 185 000
102 186 000
102 187 000
102 188 000
102 189 000
102 190 000
102 191 000
102 192 000
102 193 000
102 194 000
102 195 000
102 196 000
102 197 000
102 198 000
102 199 000
102 200 000
102 201 000
102 202 000
102 203 000
102 204 000
102 205 000
102 206 000
102 207 000
102 208 000
102 209 000
102 210 000
102 211 000
102 212 000
102 213 000
102 214 000
102 215 000
102 216 000
102 217 000
102 218 000
102 219 000
102 220 000
102 221 000
102 222 000
102 223 000
102 224 000
102 225 000
102 226 000
102 227 000
102 228 000
102 229 000
102 230 000
102 231 000
102 232 000
102 233 000
102 234 000
102 235 000
102 236 000
102 237 000
102 238 000
102 239 000
102 240 000
102 241 000
102 242 000
102 243 000
102 244 000
102 245 000
102 246 000
102 247 000
102 248 000
102 249 000
102 250 000
102 251 000
102 252 000
102 253 000
102 254 000
102 255 000
102 256 000
102 257 000
102 258 000
102 259 000
102 260 000
102 261 000
102 262 000
102 263 000
102 264 000
102 265 000
102 266 000
102 267 000
102 268 000
102 269 000
102 270 000
102 271 000
102 272 000
102 273 000
102 274 000
102 275 000
102 276 000
102 277 000
102 278 000
102 279 000
102 280 000
102 281 000
102 282 000
102 283 000
102 284 000
102 285 000
102 286 000
102 287 000
102 288 000
102 289 000
102 290 000
102 291 000
102 292 000
102 293 000
102 294 000
102 295 000
102 296 000
102 297 000
102 298 000
102 299 000
102 300 000
102 301 000
102 302 000
102 303 000
102 304 000
102 305 e26
102 306 e26
102 307 e26
102 308 e25
102 309 e26
102 310 e26
102 311 e26
102 312 e25
102 313 e25
102 314 e25
102 315 e25
102 316 e26
102 317 e26
102 318 e26
102 319 e26
103 0 000
103 1 000
103 2 000
103 3 000
103 4 000
103 5 000
103 6 000
103 7 000
103 8 000
103 9 000
103 10 000
103 11 000
103 12 000
103 13 000
103 14 000
103 15 000
103 16 000
103 17 000
103 18 000
103 19 000
103 20 000
103 21 000
103 22 000
103 23 000
103 24 000
103 25 000
103 26 000
103 27 000
103 28 000
103 29 000
103 30 000
103 31 000
103 32 000
103 33 000
103 34 000
103 35 000
103 36 000
103 37 000
103 38 000
103 39 000
103 40 000
103 41 000
103 42 000
103 43 000
103 44 000
103 45 000
103 46 000
103 47 000
103 48 000
103 49 000
103 50 000
103 51 000
103 52 000
103 53 000
103 54 000
103 55 000
103 56 000
103 57 000
103 58 000
103 59 000
103 60 000
103 61 000
103 62 000
103 63 000
103 64 000
103 65 000
103 66 000
103 67 000
103 68 000
103 69 000
103 70 000
103 71 000
103 72 000
103 73 000
103 74 000
103 75 000
103 76 000
103 77 000
103 78 000
103 79 000
103 80 000
103 81 000
103 82 000
103 83 000
103 84 000
103 85 000
103 86 000
103 87 000
103 88 000
103 89 000
103 90 000
103 91 000
103 92 000
103 93 000
103 94 000
103 95 000
103 96 000
103 97 000
103 98 000
103 99 000
103 100 000
103 101 000
103 102 000
103 103 000
103 104 000
103 105 000
103 106 000
103 107 000
103 108 000
103 109 000
103 110 000
103 111 000
103 112 000
103 113 000
103 114 000
103 115 000
103 116 000
103 117 000
103 118 000
103 119 000
103 120 000
103 121 000
103 122 000
103 123 000
103 124 000
103 125 000
103 126 000
103 127 000
103 128 000
103 129 000
103 130 000
103 131 000
103 132 000
103 133 000
103 134 000
103 135 000
103 136 000
103 137 000
103 138 000
103 139 000
103 140 000
103 141 000
103 142 000
103 143 000
103 144 000
103 145 000
103 146 000
103 147 000
103 148 000
103 149 000
103 150 000
103 151 000
103 152 000
103 153 000
103 154 000
103 155 000
103 156 000
103 157 000
103 158 000
103 159 000
103 160 000
103 161 000
103 162 000
103 163 000
103 164 000
103 165 000
103 166 000
103 167 000
103 168 000
103 169 000
103 170 000
103 171 000
103 172 000
103 173 000
103 174 000
103 175 000
103 176 000
103 177 000
103 178 000
103 179 000
103 180 000
103 181 000
103 182 000
103 183 000
103 184 000
103 185 000
103 186 000
103 187 000
103 188 000
103 189 000
103 190 000
103 191 000
103 192 000
103 193 000
103 194 000
103 195 000
103 196 000
103 197 000
103 198 000
103 199 000
103 200 000
103 201 000
103 202 000
103 203 000
103 204 000
103 205 000
103 206 000
103 207 000
103 208 000
103 209 000
103 210 000
103 211 000
103 212 000
103 213 000
103 214 000
103 215 000
103 216 000
103 217 000
103 218 000
103 219 000
103 220 000
103 221 000
103 222 000
103 223 000
103 224 000
103 225 000
103 226 000
103 227 000
103 228 000
103 229 000
103 230 000
103 231 000
103 232 000
103 233 000
103 234 000
103 235 000
103 236 000
103 237 000
103 238 000
103 239 000
103 240 000
103 241 000
103 242 000
103 243 000
103 244 000
103 245 000
103 246 000
103 247 000
103 248 000
103 249 000
103 250 000
103 251 000
103 252 000
103 253 000
103 254 000
103 255 000
103 256 000
103 257 000
103 258 000
103 259 000
103 260 000
103 261 000
103 262 000
103 263 000
103 264 000
103 265 000
103 266 000
103 267 000
103 268 000
103 269 000
103 270 000
103 271 000
103 272 000
103 273 000
103 274 000
103 275 000
103 276 000
103 277 000
103 278 000
103 279 000
103 280 000
103 281 000
103 282 000
103 283 000
103 284 000
103 285 000
103 286 000
103 287 000
103 288 000
103 289 000
103 290 000
103 291 000
103 292 000
103 293 000
103 294 000
103 295 000
103 296 000
103 297 000
103 298 000
103 299 000
103 300 000
103 301 000
103 302 000
103 303 000
103 304 000
103 305 e26
103 306 e26
103 307 e26
103 308 e25
103 309 e26
103 310 e26
103 311 e26
103 312 e26
103 313 e26
103 314 e26
103 315 e25
103 316 e25
103 317 e26
103 318 e26
103 319 e26
104 0 000
104 1 000
104 2 000
104 3 000
104 4 000
104 5 000
104 6 000
104 7 000
104 8 000
104 9 000
104 10 000
104 11 000
104 12 000
104 13 000
104 14 000
104 15 000
104 16 000
104 17 000
104 18 000
104 19 000
104 20 000
104 21 000
104 22 000
104 23 000
104 24 000
104 25 000
104 26 000
104 27 000
104 28 000
104 29 000
104 30 000
104 31 000
104 32 000
104 33 000
104 34 000
104 35 000
104 36 000
104 37 000
104 38 000
104 39 000
104 40 000
104 41 000
104 42 000
104 43 000
104 44 000
104 45 000
104 46 000
104 47 000
104 48 000
104 49 000
104 50 000
104 51 000
104 52 000
104 53 000
104 54 000
104 55 000
104 56 000
104 57 000
104 58 000
104 59 000
104 60 000
104 61 000
104 62 000
104 63 000
104 64 000
104 65 000
104 66 000
104 67 000
104 68 000
104 69 000
104 70 000
104 71 000
104 72 000
104 73 000
104 74 000
104 75 000
104 76 000
104 77 000
104 78 000
104 79 000
104 80 000
104 81 000
104 82 000
104 83 000
104 84 000
104 85 000
104 86 000
104 87 000
104 88 000
104 89 000
104 90 000
104 91 000
104 92 000
104 93 000
104 94 000
104 95 000
104 96 000
104 97 000
104 98 000
104 99 000
104 100 000
104 101 000
104 102 000
104 103 000
104 104 000
104 105 000
104 106 000
104 107 000
104 108 000
104 109 000
104 110 000
104 111 000
104 112 000
104 113 000
104 114 000
104 115 000
104 116 000
104 117 000
104 118 000
104 119 000
104 120 000
104 121 000
104 122 000
104 123 000
104 124 000
104 125 000
104 126 000
104 127 000
104 128 000
104 129 000
104 130 000
104 131 000
104 132 000
104 133 000
104 134 000
104 135 000
104 136 000
104 137 000
104 138 000
104 139 000
104 140 000
104 141 000
104 142 000
104 143 000
104 144 000
104 145 000
104 146 000
104 147 000
104 148 000
104 149 000
104 150 000
104 151 000
104 152 000
104 153 000
104 154 000
104 155 000
104 156 000
104 157 000
104 158 000
104 159 000
104 160 000
104 161 000
104 162 000
104 163 000
104 164 000
104 165 000
104 166 000
104 167 000
104 168 000
104 169 000
104 170 000
104 171 000
104 172 000
104 173 000
104 174 000
104 175 000
104 176 000
104 177 000
104 178 000
104 179 000
104 180 000
104 181 000
104 182 000
104 183 000
104 184 000
104 185 000
104 186 000
104 187 000
104 188 000
104 189 000
104 190 000
104 191 000
104 192 000
104 193 000
104 194 000
104 195 000
104 196 000
104 197 000
104 198 000
104 199 000
104 200 000
104 201 000
104 202 000
104 203 000
104 204 000
104 205 000
104 206 000
104 207 000
104 208 000
104 209 000
104 210 000
104 211 000
104 212 000
104 213 000
104 214 000
104 215 000
104 216 000
104 217 000
104 218 000
104 219 000
104 220 000
104 221 000
104 222 000
104 223 000
104 224 000
104 225 000
104 226 000
104 227 000
104 228 000
104 229 000
104 230 000
104 231 000
104 232 000
104 233 000
104 234 000
104 235 000
104 236 000
104 237 000
104 238 000
104 239 000
104 240 000
104 241 000
104 242 000
104 243 000
104 244 000
104 245 000
104 246 000
104 247 000
104 248 000
104 249 000
104 250 000
104 251 000
104 252 000
104 253 000
104 254 000
104 255 000
104 256 000
104 257 000
104 258 000
104 259 000
104 260 000
104 261 000
104 262 000
104 263 000
104 264 000
104 265 000
104 266 000
104 267 000
104 268 000
104 269 000
104 270 000
104 271 000
104 272 000
104 273 000
104 274 000
104 275 000
104 276 000
104 277 000
104 278 000
104 279 000
104 280 000
104 281 000
104 282 000
104 283 000
104 284 000
104 285 000
104 286 000
104 287 000
104 288 000
104 289 000
104 290 000
104 291 000
104 292 000
104 293 000
104 294 000
104 295 000
104 296 000
104 297 000
104 298 000
104 299 000
104 300 000
104 301 000
104 302 000
104 303 000
104 304 000
104 305 e26
104 306 e26
104 307 e26
104 308 e25
104 309 e26
104 310 e26
104 311 e26
104 312 e26
104 313 e26
104 314 e26
104 315 e25
104 316 e25
104 317 e26
104 318 e26
104 319 e26
105 0 000
105 1 000
105 2 000
105 3 000
105 4 000
105 5 000
105 6 000
105 7 000
105 8 000
105 9 000
105 10 000
105 11 000
105 12 000
105 13 000
105 14 000
105 15 000
105 16 000
105 17 000
105 18 000
105 19 000
105 20 000
105 21 000
105 22 000
105 23 000
105 24 000
105 25 000
105 26 000
105 27 000
105 28 000
105 29 000
105 30 000
105 31 000
105 32 000
105 33 000
105 34 000
105 35 000
105 36 000
105 37 000
105 38 000
105 39 000
105 40 000
105 41 000
105 42 000
105 43 000
105 44 000
105 45 000
105 46 000
105 47 000
105 48 000
105 49 000
105 50 000
105 51 000
105 52 000
105 53 000
105 54 000
105 55 000
105 56 000
105 57 000
105 58 000
105 59 000
105 60 000
105 61 000
105 62 000
105 63 000
105 64 000
105 65 000
105 66 000
105 67 000
105 68 000
105 69 000
105 70 000
105 71 000
105 72 000
105 73 000
105 74 000
105 75 000
105 76 000
105 77 000
105 78 000
105 79 000
105 80 000
105 81 000
105 82 000
105 83 000
105 84 000
105 85 000
105 86 000
105 87 000
105 88 000
105 89 000
105 90 000
105 91 000
105 92 000
105 93 000
105 94 000
105 95 000
105 96 000
105 97 000
105 98 000
105 99 000
105 100 000
105 101 000
105 102 000
105 103 000
105 104 000
105 105 000
105 106 000
105 107 000
105 108 000
105 109 000
105 110 000
105 111 000
105 112 000
105 113 000
105 114 000
105 115 000
105 116 000
105 117 000
105 118 000
105 119 000
105 120 000
105 121 000
105 122 000
105 123 000
105 124 000
105 125 000
105 126 000
105 127 000
105 128 000
105 129 000
105 130 000
105 131 000
105 132 000
105 133 000
105 134 000
105 135 000
105 136 000
105 137 000
105 138 000
105 139 000
105 140 000
105 141 000
105 142 000
105 143 000
105 144 000
105 145 000
105 146 000
105 147 000
105 148 000
105 149 000
105 150 000
105 151 000
105 152 000
105 153 000
105 154 000
105 155 000
105 156 000
105 157 000
105 158 000
105 159 000
105 160 000
105 161 000
105 162 000
105 163 000
105 164 000
105 165 000
105 166 000
105 167 000
105 168 000
105 169 000
105 170 000
105 171 000
105 172 000
105 173 000
105 174 000
105 175 000
105 176 000
105 177 000
105 178 000
105 179 000
105 180 000
105 181 000
105 182 000
105 183 000
105 184 000
105 185 000
105 186 000
105 187 000
105 188 000
105 189 000
105 190 000
105 191 000
105 192 000
105 193 000
105 194 000
105 195 000
105 196 000
105 197 000
105 198 000
105 199 000
105 200 000
105 201 000
105 202 000
105 203 000
105 204 000
105 205 000
105 206 000
105 207 000
105 208 000
105 209 000
105 210 000
105 211 000
105 212 000
105 213 000
105 214 000
105 215 000
105 216 000
105 217 000
105 218 000
105 219 000
105 220 000
105 221 000
105 222 000
105 223 000
105 224 000
105 225 000
105 226 000
105 227 000
105 228 000
105 229 000
105 230 000
105 231 000
105 232 000
105 233 000
105 234 000
105 235 000
105 236 000
105 237 000
105 238 000
105 239 000
105 240 000
105 241 000
105 242 000
105 243 000
105 244 000
105 245 000
105 246 000
105 247 000
105 248 000
105 249 000
105 250 000
105 251 000
105 252 000
105 253 000
105 254 000
105 255 000
105 256 000
105 257 000
105 258 000
105 259 000
105 260 000
105 261 000
105 262 000
105 263 000
105 264 000
105 265 000
105 266 000
105 267 000
105 268 000
105 269 000
105 270 000
105 271 000
105 272 000
105 273 000
105 274 000
105 275 000
105 276 000
105 277 000
105 278 000
105 279 000
105 280 000
105 281 000
105 282 000
105 283 000
105 284 000
105 285 000
105 286 000
105 287 000
105 288 000
105 289 000
105 290 000
105 291 000
105 292 000
105 293 000
105 294 000
105 295 000
105 296 000
105 297 000
105 298 000
105 299 000
105 300 000
105 301 000
105 302 000
105 303 000
105 304 000
105 305 e26
105 306 e26
105 307 e26
105 308 e25
105 309 e26
105 310 e26
105 311 e25
105 312 e25
105 313 e25
105 314 e25
105 315 e25
105 316 e26
105 317 e26
105 318 e26
105 319 e26
106 0 000
106 1 000
106 2 000
106 3 000
106 4 000
106 5 000
106 6 000
106 7 000
106 8 000
106 9 000
106 10 000
106 11 000
106 12 000
106 13 000
106 14 000
106 15 000
106 16 000
106 17 000
106 18 000
106 19 000
106 20 000
106 21 000
106 22 000
106 23 000
106 24 000
106 25 000
106 26 000
106 27 000
106 28 000
106 29 000
106 30 000
106 31 000
106 32 000
106 33 000
106 34 000
106 35 000
106 36 000
106 37 000
106 38 000
106 39 000
106 40 000
106 41 000
106 42 000
106 43 000
106 44 000
106 45 000
106 46 000
106 47 000
106 48 000
106 49 000
106 50 000
106 51 000
106 52 000
106 53 000
106 54 000
106 55 000
106 56 000
106 57 000
106 58 000
106 59 000
106 60 000
106 61 000
106 62 000
106 63 000
106 64 000
106 65 000
106 66 000
106 67 000
106 68 000
106 69 000
106 70 000
106 71 000
106 72 000
106 73 000
106 74 000
106 75 000
106 76 000
106 77 000
106 78 000
106 79 000
106 80 000
106 81 000
106 82 000
106 83 000
106 84 000
106 85 000
106 86 000
106 87 000
106 88 000
106 89 000
106 90 000
106 91 000
106 92 000
106 93 000
106 94 000
106 95 000
106 96 000
106 97 000
106 98 000
106 99 000
106 100 000
106 101 000
106 102 000
106 103 000
106 104 000
106 105 000
106 106 000
106 107 000
106 108 000
106 109 000
106 110 000
106 111 000
106 112 000
106 113 000
106 114 000
106 115 000
106 116 000
106 117 000
106 118 000
106 119 000
106 120 000
106 121 000
106 122 000
106 123 000
106 124 000
106 125 000
106 126 000
106 127 000
106 128 000
106 129 000
106 130 000
106 131 000
106 132 000
106 133 000
106 134 000
106 135 000
106 136 000
106 137 000
106 138 000
106 139 000
106 140 000
106 141 000
106 142 000
106 143 000
106 144 000
106 145 000
106 146 000
106 147 000
106 148 000
106 149 000
106 150 000
106 151 000
106 152 000
106 153 000
106 154 000
106 155 000
106 156 000
106 157 000
106 158 000
106 159 000
106 160 000
106 161 000
106 162 000
106 163 000
106 164 000
106 165 000
106 166 000
106 167 000
106 168 000
106 169 000
106 170 000
106 171 000
106 172 000
106 173 000
106 174 000
106 175 000
106 176 000
106 177 000
106 178 000
106 179 000
106 180 000
106 181 000
106 182 000
106 183 000
106 184 000
106 185 000
106 186 000
106 187 000
106 188 000
106 189 000
106 190 000
106 191 000
106 192 000
106 193 000
106 194 000
106 195 000
106 196 000
106 197 000
106 198 000
106 199 000
106 200 000
106 201 000
106 202 000
106 203 000
106 204 000
106 205 000
106 206 000
106 207 000
106 208 000
106 209 000
106 210 000
106 211 000
106 212 000
106 213 000
106 214 000
106 215 000
106 216 000
106 217 000
106 218 000
106 219 000
106 220 000
106 221 000
106 222 000
106 223 000
106 224 000
106 225 000
106 226 000
106 227 000
106 228 000
106 229 000
106 230 000
106 231 000
106 232 000
106 233 000
106 234 000
106 235 000
106 236 000
106 237 000
106 238 000
106 239 000
106 240 000
106 241 000
106 242 000
106 243 000
106 244 000
106 245 000
106 246 000
106 247 000
106 248 000
106 249 000
106 250 000
106 251 000
106 252 000
106 253 000
106 254 000
106 255 000
106 256 000
106 257 000
106 258 000
106 259 000
106 260 000
106 261 000
106 262 000
106 263 000
106 264 000
106 265 000
106 266 000
106 267 000
106 268 000
106 269 000
106 270 000
106 271 000
106 272 000
106 273 000
106 274 000
106 275 000
106 276 000
106 277 000
106 278 000
106 279 000
106 280 000
106 281 000
106 282 000
106 283 000
106 284 000
106 285 000
106 286 000
106 287 000
106 288 000
106 289 000
106 290 000
106 291 000
106 292 000
106 293 000
106 294 000
106 295 000
106 296 000
106 297 000
106 298 000
106 299 000
106 300 000
106 301 000
106 302 000
106 303 000
106 304 000
106 305 e26
106 306 e26
106 307 e26
106 308 e25
106 309 e26
106 310 e26
106 311 e26
106 312 e26
106 313 e26
106 314 e26
106 315 e26
106 316 e26
106 317 e26
106 318 e26
106 319 e26
107 0 000
107 1 000
107 2 000
107 3 000
107 4 000
107 5 000
107 6 000
107 7 000
107 8 000
107 9 000
107 10 000
107 11 000
107 12 000
107 13 000
107 14 000
107 15 000
107 16 000
107 17 000
107 18 000
107 19 000
107 20 000
107 21 000
107 22 000
107 23 000
107 24 000
107 25 000
107 26 000
107 27 000
107 28 000
107 29 000
107 30 000
107 31 000
107 32 000
107 33 000
107 34 000
107 35 000
107 36 000
107 37 000
107 38 000
107 39 000
107 40 000
107 41 000
107 42 000
107 43 000
107 44 000
107 45 000
107 46 000
107 47 000
107 48 000
107 49 000
107 50 000
107 51 000
107 52 000
107 53 000
107 54 000
107 55 000
107 56 000
107 57 000
107 58 000
107 59 000
107 60 000
107 61 000
107 62 000
107 63 000
107 64 000
107 65 000
107 66 000
107 67 000
107 68 000
107 69 000
107 70 000
107 71 000
107 72 000
107 73 000
107 74 000
107 75 000
107 76 000
107 77 000
107 78 000
107 79 000
107 80 000
107 81 000
107 82 000
107 83 000
107 84 000
107 85 000
107 86 000
107 87 000
107 88 000
107 89 000
107 90 000
107 91 000
107 92 000
107 93 000
107 94 000
107 95 000
107 96 000
107 97 000
107 98 000
107 99 000
107 100 000
107 101 000
107 102 000
107 103 000
107 104 000
107 105 000
107 106 000
107 107 000
107 108 000
107 109 000
107 110 000
107 111 000
107 112 000
107 113 000
107 114 000
107 115 000
107 116 000
107 117 000
107 118 000
107 119 000
107 120 000
107 121 000
107 122 000
107 123 000
107 124 000
107 125 000
107 126 000
107 127 000
107 128 000
107 129 000
107 130 000
107 131 000
107 132 000
107 133 000
107 134 000
107 135 000
107 136 000
107 137 000
107 138 000
107 139 000
107 140 000
107 141 000
107 142 000
107 143 000
107 144 000
107 145 000
107 146 000
107 147 000
107 148 000
107 149 000
107 150 000
107 151 000
107 152 000
107 153 000
107 154 000
107 155 000
107 156 000
107 157 000
107 158 000
107 159 000
107 160 000
107 161 000
107 162 000
107 163 000
107 164 000
107 165 000
107 166 000
107 167 000
107 168 000
107 169 000
107 170 000
107 171 000
107 172 000
107 173 000
107 174 000
107 175 000
107 176 000
107 177 000
107 178 000
107 179 000
107 180 000
107 181 000
107 182 000
107 183 000
107 184 000
107 185 000
107 186 000
107 187 000
107 188 000
107 189 000
107 190 000
107 191 000
107 192 000
107 193 000
107 194 000
107 195 000
107 196 000
107 197 000
107 198 000
107 199 000
107 200 000
107 201 000
107 202 000
107 203 000
107 204 000
107 205 000
107 206 000
107 207 000
107 208 000
107 209 000
107 210 000
107 211 000
107 212 000
107 213 000
107 214 000
107 215 000
107 216 000
107 217 000
107 218 000
107 219 000
107 220 000
107 221 000
107 222 000
107 223 000
107 224 000
107 225 000
107 226 000
107 227 000
107 228 000
107 229 000
107 230 000
107 231 000
107 232 000
107 233 000
107 234 000
107 235 000
107 236 000
107 237 000
107 238 000
107 239 000
107 240 000
107 241 000
107 242 000
107 243 000
107 244 000
107 245 000
107 246 000
107 247 000
107 248 000
107 249 000
107 250 000
107 251 000
107 252 000
107 253 000
107 254 000
107 255 000
107 256 000
107 257 000
107 258 000
107 259 000
107 260 000
107 261 000
107 262 000
107 263 000
107 264 000
107 265 000
107 266 000
107 267 000
107 268 000
107 269 000
107 270 000
107 271 000
107 272 000
107 273 000
107 274 000
107 275 000
107 276 000
107 277 000
107 278 000
107 279 000
107 280 000
107 281 000
107 282 000
107 283 000
107 284 000
107 285 000
107 286 000
107 287 000
107 288 000
107 289 000
107 290 000
107 291 000
107 292 000
107 293 000
107 294 000
107 295 000
107 296 000
107 297 000
107 298 000
107 299 000
107 300 000
107 301 000
107 302 000
107 303 000
107 304 000
107 305 e26
107 306 e26
107 307 e26
107 308 e25
107 309 e26
107 310 e26
107 311 e26
107 312 e26
107 313 e25
107 314 e25
107 315 e26
107 316 e26
107 317 e26
107 318 e26
107 319 e25
108 0 000
108 1 000
108 2 000
108 3 000
108 4 000
108 5 000
108 6 000
108 7 000
108 8 000
108 9 000
108 10 000
108 11 000
108 12 000
108 13 000
108 14 000
108 15 000
108 16 000
108 17 000
108 18 000
108 19 000
108 20 000
108 21 000
108 22 000
108 23 000
108 24 000
108 25 000
108 26 000
108 27 000
108 28 000
108 29 000
108 30 000
108 31 000
108 32 000
108 33 000
108 34 000
108 35 000
108 36 000
108 37 000
108 38 000
108 39 000
108 40 000
108 41 000
108 42 000
108 43 000
108 44 000
108 45 000
108 46 000
108 47 000
108 48 000
108 49 000
108 50 000
108 51 000
108 52 000
108 53 000
108 54 000
108 55 000
108 56 000
108 57 000
108 58 000
108 59 000
108 60 000
108 61 000
108 62 000
108 63 000
108 64 000
108 65 000
108 66 000
108 67 000
108 68 000
108 69 000
108 70 000
108 71 000
108 72 000
108 73 000
108 74 000
108 75 000
108 76 000
108 77 000
108 78 000
108 79 000
108 80 000
108 81 000
108 82 000
108 83 000
108 84 000
108 85 000
108 86 000
108 87 000
108 88 000
108 89 000
108 90 000
108 91 000
108 92 000
108 93 000
108 94 000
108 95 000
108 96 000
108 97 000
108 98 000
108 99 000
108 100 000
108 101 000
108 102 000
108 103 000
108 104 000
108 105 000
108 106 000
108 107 000
108 108 000
108 109 000
108 110 000
108 111 000
108 112 000
108 113 000
108 114 000
108 115 000
108 116 000
108 117 000
108 118 000
108 119 000
108 120 000
108 121 000
108 122 000
108 123 000
108 124 000
108 125 000
108 126 000
108 127 000
108 128 000
108 129 000
108 130 000
108 131 000
108 132 000
108 133 000
108 134 000
108 135 000
108 136 000
108 137 000
108 138 000
108 139 000
108 140 000
108 141 000
108 142 000
108 143 000
108 144 000
108 145 000
108 146 000
108 147 000
108 148 000
108 149 000
108 150 000
108 151 000
108 152 000
108 153 000
108 154 000
108 155 000
108 156 000
108 157 000
108 158 000
108 159 000
108 160 000
108 161 000
108 162 000
108 163 000
108 164 000
108 165 000
108 166 000
108 167 000
108 168 000
108 169 000
108 170 000
108 171 000
108 172 000
108 173 000
108 174 000
108 175 000
108 176 000
108 177 000
108 178 000
108 179 000
108 180 000
108 181 000
108 182 000
108 183 000
108 184 000
108 185 000
108 186 000
108 187 000
108 188 000
108 189 000
108 190 000
108 191 000
108 192 000
108 193 000
108 194 000
108 195 000
108 196 000
108 197 000
108 198 000
108 199 000
108 200 000
108 201 000
108 202 000
108 203 000
108 204 000
108 205 000
108 206 000
108 207 000
108 208 000
108 209 000
108 210 000
108 211 000
108 212 000
108 213 000
108 214 000
108 215 000
108 216 000
108 217 000
108 218 000
108 219 000
108 220 000
108 221 000
108 222 000
108 223 000
108 224 000
108 225 000
108 226 000
108 227 000
108 228 000
108 229 000
108 230 000
108 231 000
108 232 000
108 233 000
108 234 000
108 235 000
108 236 000
108 237 000
108 238 000
108 239 000
108 240 000
108 241 000
108 242 000
108 243 000
108 244 000
108 245 000
108 246 000
108 247 000
108 248 000
108 249 000
108 250 000
108 251 000
108 252 000
108 253 000
108 254 000
108 255 000
108 256 000
108 257 000
108 258 000
108 259 000
108 260 000
108 261 000
108 262 000
108 263 000
108 264 000
108 265 000
108 266 000
108 267 000
108 268 000
108 269 000
108 270 000
108 271 000
108 272 000
108 273 000
108 274 000
108 275 000
108 276 000
108 277 000
108 278 000
108 279 000
108 280 000
108 281 000
108 282 000
108 283 000
108 284 000
108 285 000
108 286 000
108 287 000
108 288 000
108 289 000
108 290 000
108 291 000
108 292 000
108 293 000
108 294 000
108 295 000
108 296 000
108 297 000
108 298 000
108 299 000
108 300 000
108 301 000
108 302 000
108 303 000
108 304 000
108 305 e26
108 306 e26
108 307 e26
108 308 e25
108 309 e26
108 310 e26
108 311 e26
108 312 e26
108 313 e25
108 314 e25
108 315 e26
108 316 e26
108 317 e26
108 318 e26
108 319 e25
109 0 000
109 1 000
109 2 000
109 3 000
109 4 000
109 5 000
109 6 000
109 7 000
109 8 000
109 9 000
109 10 000
109 11 000
109 12 000
109 13 000
109 14 000
109 15 000
109 16 000
109 17 000
109 18 000
109 19 000
109 20 000
109 21 000
109 22 000
109 23 000
109 24 000
109 25 000
109 26 000
109 27 000
109 28 000
109 29 000
109 30 000
109 31 000
109 32 000
109 33 000
109 34 000
109 35 000
109 36 000
109 37 000
109 38 000
109 39 000
109 40 000
109 41 000
109 42 000
109 43 000
109 44 000
109 45 000
109 46 000
109 47 000
109 48 000
109 49 000
109 50 000
109 51 000
109 52 000
109 53 000
109 54 000
109 55 000
109 56 000
109 57 000
109 58 000
109 59 000
109 60 000
109 61 000
109 62 000
109 63 000
109 64 000
109 65 000
109 66 000
109 67 000
109 68 000
109 69 000
109 70 000
109 71 000
109 72 000
109 73 000
109 74 000
109 75 000
109 76 000
109 77 000
109 78 000
109 79 000
109 80 000
109 81 000
109 82 000
109 83 000
109 84 000
109 85 000
109 86 000
109 87 000
109 88 000
109 89 000
109 90 000
109 91 000
109 92 000
109 93 000
109 94 000
109 95 000
109 96 000
109 97 000
109 98 000
109 99 000
109 100 000
109 101 000
109 102 000
109 103 000
109 104 000
109 105 000
109 106 000
109 107 000
109 108 000
109 109 000
109 110 000
109 111 000
109 112 000
109 113 000
109 114 000
109 115 000
109 116 000
109 117 000
109 118 000
109 119 000
109 120 000
109 121 000
109 122 000
109 123 000
109 124 000
109 125 000
109 126 000
109 127 000
109 128 000
109 129 000
109 130 000
109 131 000
109 132 000
109 133 000
109 134 000
109 135 000
109 136 000
109 137 000
109 138 000
109 139 000
109 140 000
109 141 000
109 142 000
109 143 000
109 144 000
109 145 000
109 146 000
109 147 000
109 148 000
109 149 000
109 150 000
109 151 000
109 152 000
109 153 000
109 154 000
109 155 000
109 156 000
109 157 000
109 158 000
109 159 000
109 160 000
109 161 000
109 162 000
109 163 000
109 164 000
109 165 000
109 166 000
109 167 000
109 168 000
109 169 000
109 170 000
109 171 000
109 172 000
109 173 000
109 174 000
109 175 000
109 176 000
109 177 000
109 178 000
109 179 000
109 180 000
109 181 000
109 182 000
109 183 000
109 184 000
109 185 000
109 186 000
109 187 000
109 188 000
109 189 000
109 190 000
109 191 000
109 192 000
109 193 000
109 194 000
109 195 000
109 196 000
109 197 000
109 198 000
109 199 000
109 200 000
109 201 000
109 202 000
109 203 000
109 204 000
109 205 000
109 206 000
109 207 000
109 208 000
109 209 000
109 210 000
109 211 000
109 212 000
109 213 000
109 214 000
109 215 000
109 216 000
109 217 000
109 218 000
109 219 000
109 220 000
109 221 000
109 222 000
109 223 000
109 224 000
109 225 000
109 226 000
109 227 000
109 228 000
109 229 000
109 230 000
109 231 000
109 232 000
109 233 000
109 234 000
109 235 000
109 236 000
109 237 000
109 238 000
109 239 000
109 240 000
109 241 000
109 242 000
109 243 000
109 244 000
109 245 000
109 246 000
109 247 000
109 248 000
109 249 000
109 250 000
109 251 000
109 252 000
109 253 000
109 254 000
109 255 000
109 256 000
109 257 000
109 258 000
109 259 000
109 260 000
109 261 000
109 262 000
109 263 000
109 264 000
109 265 000
109 266 000
109 267 000
109 268 000
109 269 000
109 270 000
109 271 000
109 272 000
109 273 000
109 274 000
109 275 000
109 276 000
109 277 000
109 278 000
109 279 000
109 280 000
109 281 000
109 282 000
109 283 000
109 284 000
109 285 000
109 286 000
109 287 000
109 288 000
109 289 000
109 290 000
109 291 000
109 292 000
109 293 000
109 294 000
109 295 000
109 296 000
109 297 000
109 298 000
109 299 000
109 300 000
109 301 000
109 302 000
109 303 000
109 304 000
109 305 e26
109 306 e26
109 307 e26
109 308 e25
109 309 e26
109 310 e26
109 311 e26
109 312 e26
109 313 e25
109 314 e25
109 315 e26
109 316 e26
109 317 e26
109 318 e26
109 319 e25
110 0 000
110 1 000
110 2 000
110 3 000
110 4 000
110 5 000
110 6 000
110 7 000
110 8 000
110 9 000
110 10 000
110 11 000
110 12 000
110 13 000
110 14 000
110 15 000
110 16 000
110 17 000
110 18 000
110 19 000
110 20 000
110 21 000
110 22 000
110 23 000
110 24 000
110 25 000
110 26 000
110 27 000
110 28 000
110 29 000
110 30 000
110 31 000
110 32 000
110 33 000
110 34 000
110 35 000
110 36 000
110 37 000
110 38 000
110 39 000
110 40 000
110 41 000
110 42 000
110 43 000
110 44 000
110 45 000
110 46 000
110 47 000
110 48 000
110 49 000
110 50 000
110 51 000
110 52 000
110 53 000
110 54 000
110 55 000
110 56 000
110 57 000
110 58 000
110 59 000
110 60 000
110 61 000
110 62 000
110 63 000
110 64 000
110 65 000
110 66 000
110 67 000
110 68 000
110 69 000
110 70 000
110 71 000
110 72 000
110 73 000
110 74 000
110 75 000
110 76 000
110 77 000
110 78 000
110 79 000
110 80 000
110 81 000
110 82 000
110 83 000
110 84 000
110 85 000
110 86 000
110 87 000
110 88 000
110 89 000
110 90 000
110 91 000
110 92 000
110 93 000
110 94 000
110 95 000
110 96 000
110 97 000
110 98 000
110 99 000
110 100 000
110 101 000
110 102 000
110 103 000
110 104 000
110 105 000
110 106 000
110 107 000
110 108 000
110 109 000
110 110 000
110 111 000
110 112 000
110 113 000
110 114 000
110 115 000
110 116 000
110 117 000
110 118 000
110 119 000
110 120 000
110 121 000
110 122 000
110 123 000
110 124 000
110 125 000
110 126 000
110 127 000
110 128 000
110 129 000
110 130 000
110 131 000
110 132 000
110 133 000
110 134 000
110 135 000
110 136 000
110 137 000
110 138 000
110 139 000
110 140 000
110 141 000
110 142 000
110 143 000
110 144 000
110 145 000
110 146 000
110 147 000
110 148 000
110 149 000
110 150 000
110 151 000
110 152 000
110 153 000
110 154 000
110 155 000
110 156 000
110 157 000
110 158 000
110 159 000
110 160 000
110 161 000
110 162 000
110 163 000
110 164 000
110 165 000
110 166 000
110 167 000
110 168 000
110 169 000
110 170 000
110 171 000
110 172 000
110 173 000
110 174 000
110 175 000
110 176 000
110 177 000
110 178 000
110 179 000
110 180 000
110 181 000
110 182 000
110 183 000
110 184 000
110 185 000
110 186 000
110 187 000
110 188 000
110 189 000
110 190 000
110 191 000
110 192 000
110 193 000
110 194 000
110 195 000
110 196 000
110 197 000
110 198 000
110 199 000
110 200 000
110 201 000
110 202 000
110 203 000
110 204 000
110 205 000
110 206 000
110 207 000
110 208 000
110 209 000
110 210 000
110 211 000
110 212 000
110 213 000
110 214 000
110 215 000
110 216 000
110 217 000
110 218 000
110 219 000
110 220 000
110 221 000
110 222 000
110 223 000
110 224 000
110 225 000
110 226 000
110 227 000
110 228 000
110 229 000
110 230 000
110 231 000
110 232 000
110 233 000
110 234 000
110 235 000
110 236 000
110 237 000
110 238 000
110 239 000
110 240 000
110 241 000
110 242 000
110 243 000
110 244 000
110 245 000
110 246 000
110 247 000
110 248 000
110 249 000
110 250 000
110 251 000
110 252 000
110 253 000
110 254 000
110 255 000
110 256 000
110 257 000
110 258 000
110 259 000
110 260 000
110 261 000
110 262 000
110 263 000
110 264 000
110 265 000
110 266 000
110 267 000
110 268 000
110 269 000
110 270 000
110 271 000
110 272 000
110 273 000
110 274 000
110 275 000
110 276 000
110 277 000
110 278 000
110 279 000
110 280 000
110 281 000
110 282 000
110 283 000
110 284 000
110 285 000
110 286 000
110 287 000
110 288 000
110 289 000
110 290 000
110 291 000
110 292 000
110 293 000
110 294 000
110 295 000
110 296 000
110 297 000
110 298 000
110 299 000
110 300 000
110 301 000
110 302 000
110 303 000
110 304 000
110 305 e26
110 306 e26
110 307 e26
110 308 e25
110 309 e26
110 310 e26
110 311 e26
110 312 e26
110 313 e25
110 314 e25
110 315 e26
110 316 e26
110 317 e26
110 318 e26
110 319 e25
111 0 000
111 1 000
111 2 000
111 3 000
111 4 000
111 5 000
111 6 000
111 7 000
111 8 000
111 9 000
111 10 000
111 11 000
111 12 000
111 13 000
111 14 000
111 15 000
111 16 000
111 17 000
111 18 000
111 19 000
111 20 000
111 21 000
111 22 000
111 23 000
111 24 000
111 25 000
111 26 000
111 27 000
111 28 000
111 29 000
111 30 000
111 31 000
111 32 000
111 33 000
111 34 000
111 35 000
111 36 000
111 37 000
111 38 000
111 39 000
111 40 000
111 41 000
111 42 000
111 43 000
111 44 000
111 45 000
111 46 000
111 47 000
111 48 000
111 49 000
111 50 000
111 51 000
111 52 000
111 53 000
111 54 000
111 55 000
111 56 000
111 57 000
111 58 000
111 59 000
111 60 000
111 61 000
111 62 000
111 63 000
111 64 000
111 65 000
111 66 000
111 67 000
111 68 000
111 69 000
111 70 000
111 71 000
111 72 000
111 73 000
111 74 000
111 75 000
111 76 000
111 77 000
111 78 000
111 79 000
111 80 000
111 81 000
111 82 000
111 83 000
111 84 000
111 85 000
111 86 000
111 87 000
111 88 000
111 89 000
111 90 000
111 91 000
111 92 000
111 93 000
111 94 000
111 95 000
111 96 000
111 97 000
111 98 000
111 99 000
111 100 000
111 101 000
111 102 000
111 103 000
111 104 000
111 105 000
111 106 000
111 107 000
111 108 000
111 109 000
111 110 000
111 111 000
111 112 000
111 113 000
111 114 000
111 115 000
111 116 000
111 117 000
111 118 000
111 119 000
111 120 000
111 121 000
111 122 000
111 123 000
111 124 000
111 125 000
111 126 000
111 127 000
111 128 000
111 129 000
111 130 000
111 131 000
111 132 000
111 133 000
111 134 000
111 135 000
111 136 000
111 137 000
111 138 000
111 139 000
111 140 000
111 141 000
111 142 000
111 143 000
111 144 000
111 145 000
111 146 000
111 147 000
111 148 000
111 149 000
111 150 000
111 151 000
111 152 000
111 153 000
111 154 000
111 155 000
111 156 000
111 157 000
111 158 000
111 159 000
111 160 000
111 161 000
111 162 000
111 163 000
111 164 000
111 165 000
111 166 000
111 167 000
111 168 000
111 169 000
111 170 000
111 171 000
111 172 000
111 173 000
111 174 000
111 175 000
111 176 000
111 177 000
111 178 000
111 179 000
111 180 000
111 181 000
111 182 000
111 183 000
111 184 000
111 185 000
111 186 000
111 187 000
111 188 000
111 189 000
111 190 000
111 191 000
111 192 000
111 193 000
111 194 000
111 195 000
111 196 000
111 197 000
111 198 000
111 199 000
111 200 000
111 201 000
111 202 000
111 203 000
111 204 000
111 205 000
111 206 000
111 207 000
111 208 000
111 209 000
111 210 000
111 211 000
111 212 000
111 213 000
111 214 000
111 215 000
111 216 000
111 217 000
111 218 000
111 219 000
111 220 000
111 221 000
111 222 000
111 223 000
111 224 000
111 225 000
111 226 000
111 227 000
111 228 000
111 229 000
111 230 000
111 231 000
111 232 000
111 233 000
111 234 000
111 235 000
111 236 000
111 237 000
111 238 000
111 239 000
111 240 000
111 241 000
111 242 000
111 243 000
111 244 000
111 245 000
111 246 000
111 247 000
111 248 000
111 249 000
111 250 000
111 251 000
111 252 000
111 253 000
111 254 000
111 255 000
111 256 000
111 257 000
111 258 000
111 259 000
111 260 000
111 261 000
111 262 000
111 263 000
111 264 000
111 265 000
111 266 000
111 267 000
111 268 000
111 269 000
111 270 000
111 271 000
111 272 000
111 273 000
111 274 000
111 275 000
111 276 000
111 277 000
111 278 000
111 279 000
111 280 000
111 281 000
111 282 000
111 283 000
111 284 000
111 285 000
111 286 000
111 287 000
111 288 000
111 289 000
111 290 000
111 291 000
111 292 000
111 293 000
111 294 000
111 295 000
111 296 000
111 297 000
111 298 000
111 299 000
111 300 000
111 301 000
111 302 000
111 303 000
111 304 000
111 305 e26
111 306 e26
111 307 e26
111 308 e25
111 309 e26
111 310 e26
111 311 e26
111 312 e26
111 313 e25
111 314 e25
111 315 e26
111 316 e26
111 317 e26
111 318 e26
111 319 e25
112 0 000
112 1 000
112 2 000
112 3 000
112 4 000
112 5 000
112 6 000
112 7 000
112 8 000
112 9 000
112 10 000
112 11 000
112 12 000
112 13 000
112 14 000
112 15 000
112 16 000
112 17 000
112 18 000
112 19 000
112 20 000
112 21 000
112 22 000
112 23 000
112 24 000
112 25 000
112 26 000
112 27 000
112 28 000
112 29 000
112 30 000
112 31 000
112 32 000
112 33 000
112 34 000
112 35 000
112 36 000
112 37 000
112 38 000
112 39 000
112 40 000
112 41 000
112 42 000
112 43 000
112 44 000
112 45 000
112 46 000
112 47 000
112 48 000
112 49 000
112 50 000
112 51 000
112 52 000
112 53 000
112 54 000
112 55 000
112 56 000
112 57 000
112 58 000
112 59 000
112 60 000
112 61 000
112 62 000
112 63 000
112 64 000
112 65 000
112 66 000
112 67 000
112 68 000
112 69 000
112 70 000
112 71 000
112 72 000
112 73 000
112 74 000
112 75 000
112 76 000
112 77 000
112 78 000
112 79 000
112 80 000
112 81 000
112 82 000
112 83 000
112 84 000
112 85 000
112 86 000
112 87 000
112 88 000
112 89 000
112 90 000
112 91 000
112 92 000
112 93 000
112 94 000
112 95 000
112 96 000
112 97 000
112 98 000
112 99 000
112 100 000
112 101 000
112 102 000
112 103 000
112 104 000
112 105 000
112 106 000
112 107 000
112 108 000
112 109 000
112 110 000
112 111 000
112 112 000
112 113 000
112 114 000
112 115 000
112 116 000
112 117 000
112 118 000
112 119 000
112 120 000
112 121 000
112 122 000
112 123 000
112 124 000
112 125 000
112 126 000
112 127 000
112 128 000
112 129 000
112 130 000
112 131 000
112 132 000
112 133 000
112 134 000
112 135 000
112 136 000
112 137 000
112 138 000
112 139 000
112 140 000
112 141 000
112 142 000
112 143 000
112 144 000
112 145 000
112 146 000
112 147 000
112 148 000
112 149 000
112 150 000
112 151 000
112 152 000
112 153 000
112 154 000
112 155 000
112 156 000
112 157 000
112 158 000
112 159 000
112 160 000
112 161 000
112 162 000
112 163 000
112 164 000
112 165 000
112 166 000
112 167 000
112 168 000
112 169 000
112 170 000
112 171 000
112 172 000
112 173 000
112 174 000
112 175 000
112 176 000
112 177 000
112 178 000
112 179 000
112 180 000
112 181 000
112 182 000
112 183 000
112 184 000
112 185 000
112 186 000
112 187 000
112 188 000
112 189 000
112 190 000
112 191 000
112 192 000
112 193 000
112 194 000
112 195 000
112 196 000
112 197 000
112 198 000
112 199 000
112 200 000
112 201 000
112 202 000
112 203 000
112 204 000
112 205 000
112 206 000
112 207 000
112 208 000
112 209 000
112 210 000
112 211 000
112 212 000
112 213 000
112 214 000
112 215 000
112 216 000
112 217 000
112 218 000
112 219 000
112 220 000
112 221 000
112 222 000
112 223 000
112 224 000
112 225 000
112 226 000
112 227 000
112 228 000
112 229 000
112 230 000
112 231 000
112 232 000
112 233 000
112 234 000
112 235 000
112 236 000
112 237 000
112 238 000
112 239 000
112 240 000
112 241 000
112 242 000
112 243 000
112 244 000
112 245 000
112 246 000
112 247 000
112 248 000
112 249 000
112 250 000
112 251 000
112 252 000
112 253 000
112 254 000
112 255 000
112 256 000
112 257 000
112 258 000
112 259 000
112 260 000
112 261 000
112 262 000
112 263 000
112 264 000
112 265 000
112 266 000
112 267 000
112 268 000
112 269 000
112 270 000
112 271 000
112 272 000
112 273 000
112 274 000
112 275 000
112 276 000
112 277 000
112 278 000
112 279 000
112 280 000
112 281 000
112 282 000
112 283 000
112 284 000
112 285 000
112 286 000
112 287 000
112 288 000
112 289 000
112 290 000
112 291 000
112 292 000
112 293 000
112 294 000
112 295 000
112 296 000
112 297 000
112 298 000
112 299 000
112 300 000
112 301 000
112 302 000
112 303 000
112 304 000
112 305 e26
112 306 e26
112 307 e26
112 308 e25
112 309 e26
112 310 e26
112 311 e26
112 312 e26
112 313 e25
112 314 e25
112 315 e25
112 316 e25
112 317 e26
112 318 e26
112 319 e25
113 0 000
113 1 000
113 2 000
113 3 000
113 4 000
113 5 000
113 6 000
113 7 000
113 8 000
113 9 000
113 10 000
113 11 000
113 12 000
113 13 000
113 14 000
113 15 000
113 16 000
113 17 000
113 18 000
113 19 000
113 20 000
113 21 000
113 22 000
113 23 000
113 24 000
113 25 000
113 26 000
113 27 000
113 28 000
113 29 000
113 30 000
113 31 000
113 32 000
113 33 000
113 34 000
113 35 000
113 36 000
113 37 000
113 38 000
113 39 000
113 40 000
113 41 000
113 42 000
113 43 000
113 44 000
113 45 000
113 46 000
113 47 000
113 48 000
113 49 000
113 50 000
113 51 000
113 52 000
113 53 000
113 54 000
113 55 000
113 56 000
113 57 000
113 58 000
113 59 000
113 60 000
113 61 000
113 62 000
113 63 000
113 64 000
113 65 000
113 66 000
113 67 000
113 68 000
113 69 000
113 70 000
113 71 000
113 72 000
113 73 000
113 74 000
113 75 000
113 76 000
113 77 000
113 78 000
113 79 000
113 80 000
113 81 000
113 82 000
113 83 000
113 84 000
113 85 000
113 86 000
113 87 000
113 88 000
113 89 000
113 90 000
113 91 000
113 92 000
113 93 000
113 94 000
113 95 000
113 96 000
113 97 000
113 98 000
113 99 000
113 100 000
113 101 000
113 102 000
113 103 000
113 104 000
113 105 000
113 106 000
113 107 000
113 108 000
113 109 000
113 110 000
113 111 000
113 112 000
113 113 000
113 114 000
113 115 000
113 116 000
113 117 000
113 118 000
113 119 000
113 120 000
113 121 000
113 122 000
113 123 000
113 124 000
113 125 000
113 126 000
113 127 000
113 128 000
113 129 000
113 130 000
113 131 000
113 132 000
113 133 000
113 134 000
113 135 000
113 136 000
113 137 000
113 138 000
113 139 000
113 140 000
113 141 000
113 142 000
113 143 000
113 144 000
113 145 000
113 146 000
113 147 000
113 148 000
113 149 000
113 150 000
113 151 000
113 152 000
113 153 000
113 154 000
113 155 000
113 156 000
113 157 000
113 158 000
113 159 000
113 160 000
113 161 000
113 162 000
113 163 000
113 164 000
113 165 000
113 166 000
113 167 000
113 168 000
113 169 000
113 170 000
113 171 000
113 172 000
113 173 000
113 174 000
113 175 000
113 176 000
113 177 000
113 178 000
113 179 000
113 180 000
113 181 000
113 182 000
113 183 000
113 184 000
113 185 000
113 186 000
113 187 000
113 188 000
113 189 000
113 190 000
113 191 000
113 192 000
113 193 000
113 194 000
113 195 000
113 196 000
113 197 000
113 198 000
113 199 000
113 200 000
113 201 000
113 202 000
113 203 000
113 204 000
113 205 000
113 206 000
113 207 000
113 208 000
113 209 000
113 210 000
113 211 000
113 212 000
113 213 000
113 214 000
113 215 000
113 216 000
113 217 000
113 218 000
113 219 000
113 220 000
113 221 000
113 222 000
113 223 000
113 224 000
113 225 000
113 226 000
113 227 000
113 228 000
113 229 000
113 230 000
113 231 000
113 232 000
113 233 000
113 234 000
113 235 000
113 236 000
113 237 000
113 238 000
113 239 000
113 240 000
113 241 000
113 242 000
113 243 000
113 244 000
113 245 000
113 246 000
113 247 000
113 248 000
113 249 000
113 250 000
113 251 000
113 252 000
113 253 000
113 254 000
113 255 000
113 256 000
113 257 000
113 258 000
113 259 000
113 260 000
113 261 000
113 262 000
113 263 000
113 264 000
113 265 000
113 266 000
113 267 000
113 268 000
113 269 000
113 270 000
113 271 000
113 272 000
113 273 000
113 274 000
113 275 000
113 276 000
113 277 000
113 278 000
113 279 000
113 280 000
113 281 000
113 282 000
113 283 000
113 284 000
113 285 000
113 286 000
113 287 000
113 288 000
113 289 000
113 290 000
113 291 000
113 292 000
113 293 000
113 294 000
113 295 000
113 296 000
113 297 000
113 298 000
113 299 000
113 300 000
113 301 000
113 302 000
113 303 000
113 304 000
113 305 e26
113 306 e26
113 307 e26
113 308 e25
113 309 e26
113 310 e26
113 311 e26
113 312 e26
113 313 e26
113 314 e26
113 315 e26
113 316 e26
113 317 e26
113 318 e26
113 319 e26
114 0 000
114 1 000
114 2 000
114 3 000
114 4 000
114 5 000
114 6 000
114 7 000
114 8 000
114 9 000
114 10 000
114 11 000
114 12 000
114 13 000
114 14 000
114 15 000
114 16 000
114 17 000
114 18 000
114 19 000
114 20 000
114 21 000
114 22 000
114 23 000
114 24 000
114 25 000
114 26 000
114 27 000
114 28 000
114 29 000
114 30 000
114 31 000
114 32 000
114 33 000
114 34 000
114 35 000
114 36 000
114 37 000
114 38 000
114 39 000
114 40 000
114 41 000
114 42 000
114 43 000
114 44 000
114 45 000
114 46 000
114 47 000
114 48 000
114 49 000
114 50 000
114 51 000
114 52 000
114 53 000
114 54 000
114 55 000
114 56 000
114 57 000
114 58 000
114 59 000
114 60 000
114 61 000
114 62 000
114 63 000
114 64 000
114 65 000
114 66 000
114 67 000
114 68 000
114 69 000
114 70 000
114 71 000
114 72 000
114 73 000
114 74 000
114 75 000
114 76 000
114 77 000
114 78 000
114 79 000
114 80 000
114 81 000
114 82 000
114 83 000
114 84 000
114 85 000
114 86 000
114 87 000
114 88 000
114 89 000
114 90 000
114 91 000
114 92 000
114 93 000
114 94 000
114 95 000
114 96 000
114 97 000
114 98 000
114 99 000
114 100 000
114 101 000
114 102 000
114 103 000
114 104 000
114 105 000
114 106 000
114 107 000
114 108 000
114 109 000
114 110 000
114 111 000
114 112 000
114 113 000
114 114 000
114 115 000
114 116 000
114 117 000
114 118 000
114 119 000
114 120 000
114 121 000
114 122 000
114 123 000
114 124 000
114 125 000
114 126 000
114 127 000
114 128 000
114 129 000
114 130 000
114 131 000
114 132 000
114 133 000
114 134 000
114 135 000
114 136 000
114 137 000
114 138 000
114 139 000
114 140 000
114 141 000
114 142 000
114 143 000
114 144 000
114 145 000
114 146 000
114 147 000
114 148 000
114 149 000
114 150 000
114 151 000
114 152 000
114 153 000
114 154 000
114 155 000
114 156 000
114 157 000
114 158 000
114 159 000
114 160 000
114 161 000
114 162 000
114 163 000
114 164 000
114 165 000
114 166 000
114 167 000
114 168 000
114 169 000
114 170 000
114 171 000
114 172 000
114 173 000
114 174 000
114 175 000
114 176 000
114 177 000
114 178 000
114 179 000
114 180 000
114 181 000
114 182 000
114 183 000
114 184 000
114 185 000
114 186 000
114 187 000
114 188 000
114 189 000
114 190 000
114 191 000
114 192 000
114 193 000
114 194 000
114 195 000
114 196 000
114 197 000
114 198 000
114 199 000
114 200 000
114 201 000
114 202 000
114 203 000
114 204 000
114 205 000
114 206 000
114 207 000
114 208 000
114 209 000
114 210 000
114 211 000
114 212 000
114 213 000
114 214 000
114 215 000
114 216 000
114 217 000
114 218 000
114 219 000
114 220 000
114 221 000
114 222 000
114 223 000
114 224 000
114 225 000
114 226 000
114 227 000
114 228 000
114 229 000
114 230 000
114 231 000
114 232 000
114 233 000
114 234 000
114 235 000
114 236 000
114 237 000
114 238 000
114 239 000
114 240 000
114 241 000
114 242 000
114 243 000
114 244 000
114 245 000
114 246 000
114 247 000
114 248 000
114 249 000
114 250 000
114 251 000
114 252 000
114 253 000
114 254 000
114 255 000
114 256 000
114 257 000
114 258 000
114 259 000
114 260 000
114 261 000
114 262 000
114 263 000
114 264 000
114 265 000
114 266 000
114 267 000
114 268 000
114 269 000
114 270 000
114 271 000
114 272 000
114 273 000
114 274 000
114 275 000
114 276 000
114 277 000
114 278 000
114 279 000
114 280 000
114 281 000
114 282 000
114 283 000
114 284 000
114 285 000
114 286 000
114 287 000
114 288 000
114 289 000
114 290 000
114 291 000
114 292 000
114 293 000
114 294 000
114 295 000
114 296 000
114 297 000
114 298 000
114 299 000
114 300 000
114 301 000
114 302 000
114 303 000
114 304 000
114 305 e26
114 306 e26
114 307 e26
114 308 e25
114 309 e26
114 310 e26
114 311 e26
114 312 e26
114 313 e26
114 314 e25
114 315 e25
114 316 e25
114 317 e25
114 318 e25
114 319 e25
115 0 000
115 1 000
115 2 000
115 3 000
115 4 000
115 5 000
115 6 000
115 7 000
115 8 000
115 9 000
115 10 000
115 11 000
115 12 000
115 13 000
115 14 000
115 15 000
115 16 000
115 17 000
115 18 000
115 19 000
115 20 000
115 21 000
115 22 000
115 23 000
115 24 000
115 25 000
115 26 000
115 27 000
115 28 000
115 29 000
115 30 000
115 31 000
115 32 000
115 33 000
115 34 000
115 35 000
115 36 000
115 37 000
115 38 000
115 39 000
115 40 000
115 41 000
115 42 000
115 43 000
115 44 000
115 45 000
115 46 000
115 47 000
115 48 000
115 49 000
115 50 000
115 51 000
115 52 000
115 53 000
115 54 000
115 55 000
115 56 000
115 57 000
115 58 000
115 59 000
115 60 000
115 61 000
115 62 000
115 63 000
115 64 000
115 65 000
115 66 000
115 67 000
115 68 000
115 69 000
115 70 000
115 71 000
115 72 000
115 73 000
115 74 000
115 75 000
115 76 000
115 77 000
115 78 000
115 79 000
115 80 000
115 81 000
115 82 000
115 83 000
115 84 000
115 85 000
115 86 000
115 87 000
115 88 000
115 89 000
115 90 000
115 91 000
115 92 000
115 93 000
115 94 000
115 95 000
115 96 000
115 97 000
115 98 000
115 99 000
115 100 000
115 101 000
115 102 000
115 103 000
115 104 000
115 105 000
115 106 000
115 107 000
115 108 000
115 109 000
115 110 000
115 111 000
115 112 000
115 113 000
115 114 000
115 115 000
115 116 000
115 117 000
115 118 000
115 119 000
115 120 000
115 121 000
115 122 000
115 123 000
115 124 000
115 125 000
115 126 000
115 127 000
115 128 000
115 129 000
115 130 000
115 131 000
115 132 000
115 133 000
115 134 000
115 135 000
115 136 000
115 137 000
115 138 000
115 139 000
115 140 000
115 141 000
115 142 000
115 143 000
115 144 000
115 145 000
115 146 000
115 147 000
115 148 000
115 149 000
115 150 000
115 151 000
115 152 000
115 153 000
115 154 000
115 155 000
115 156 000
115 157 000
115 158 000
115 159 000
115 160 000
115 161 000
115 162 000
115 163 000
115 164 000
115 165 000
115 166 000
115 167 000
115 168 000
115 169 000
115 170 000
115 171 000
115 172 000
115 173 000
115 174 000
115 175 000
115 176 000
115 177 000
115 178 000
115 179 000
115 180 000
115 181 000
115 182 000
115 183 000
115 184 000
115 185 000
115 186 000
115 187 000
115 188 000
115 189 000
115 190 000
115 191 000
115 192 000
115 193 000
115 194 000
115 195 000
115 196 000
115 197 000
115 198 000
115 199 000
115 200 000
115 201 000
115 202 000
115 203 000
115 204 000
115 205 000
115 206 000
115 207 000
115 208 000
115 209 000
115 210 000
115 211 000
115 212 000
115 213 000
115 214 000
115 215 000
115 216 000
115 217 000
115 218 000
115 219 000
115 220 000
115 221 000
115 222 000
115 223 000
115 224 000
115 225 000
115 226 000
115 227 000
115 228 000
115 229 000
115 230 000
115 231 000
115 232 000
115 233 000
115 234 000
115 235 000
115 236 000
115 237 000
115 238 000
115 239 000
115 240 000
115 241 000
115 242 000
115 243 000
115 244 000
115 245 000
115 246 000
115 247 000
115 248 000
115 249 000
115 250 000
115 251 000
115 252 000
115 253 000
115 254 000
115 255 000
115 256 000
115 257 000
115 258 000
115 259 000
115 260 000
115 261 000
115 262 000
115 263 000
115 264 000
115 265 000
115 266 000
115 267 000
115 268 000
115 269 000
115 270 000
115 271 000
115 272 000
115 273 000
115 274 000
115 275 000
115 276 000
115 277 000
115 278 000
115 279 000
115 280 000
115 281 000
115 282 000
115 283 000
115 284 000
115 285 000
115 286 000
115 287 000
115 288 000
115 289 000
115 290 000
115 291 000
115 292 000
115 293 000
115 294 000
115 295 000
115 296 000
115 297 000
115 298 000
115 299 000
115 300 000
115 301 000
115 302 000
115 303 000
115 304 000
115 305 e26
115 306 e26
115 307 e26
115 308 e25
115 309 e26
115 310 e26
115 311 e26
115 312 e26
115 313 e25
115 314 e25
115 315 e25
115 316 e25
115 317 e25
115 318 e25
115 319 e25
116 0 000
116 1 000
116 2 000
116 3 000
116 4 000
116 5 000
116 6 000
116 7 000
116 8 000
116 9 000
116 10 000
116 11 000
116 12 000
116 13 000
116 14 000
116 15 000
116 16 000
116 17 000
116 18 000
116 19 000
116 20 000
116 21 000
116 22 000
116 23 000
116 24 000
116 25 000
116 26 000
116 27 000
116 28 000
116 29 000
116 30 000
116 31 000
116 32 000
116 33 000
116 34 000
116 35 000
116 36 000
116 37 000
116 38 000
116 39 000
116 40 000
116 41 000
116 42 000
116 43 000
116 44 000
116 45 000
116 46 000
116 47 000
116 48 000
116 49 000
116 50 000
116 51 000
116 52 000
116 53 000
116 54 000
116 55 000
116 56 000
116 57 000
116 58 000
116 59 000
116 60 000
116 61 000
116 62 000
116 63 000
116 64 000
116 65 000
116 66 000
116 67 000
116 68 000
116 69 000
116 70 000
116 71 000
116 72 000
116 73 000
116 74 000
116 75 000
116 76 000
116 77 000
116 78 000
116 79 000
116 80 000
116 81 000
116 82 000
116 83 000
116 84 000
116 85 000
116 86 000
116 87 000
116 88 000
116 89 000
116 90 000
116 91 000
116 92 000
116 93 000
116 94 000
116 95 000
116 96 000
116 97 000
116 98 000
116 99 000
116 100 000
116 101 000
116 102 000
116 103 000
116 104 000
116 105 000
116 106 000
116 107 000
116 108 000
116 109 000
116 110 000
116 111 000
116 112 000
116 113 000
116 114 000
116 115 000
116 116 000
116 117 000
116 118 000
116 119 000
116 120 000
116 121 000
116 122 000
116 123 000
116 124 000
116 125 000
116 126 000
116 127 000
116 128 000
116 129 000
116 130 000
116 131 000
116 132 000
116 133 000
116 134 000
116 135 000
116 136 000
116 137 000
116 138 000
116 139 000
116 140 000
116 141 000
116 142 000
116 143 000
116 144 000
116 145 000
116 146 000
116 147 000
116 148 000
116 149 000
116 150 000
116 151 000
116 152 000
116 153 000
116 154 000
116 155 000
116 156 000
116 157 000
116 158 000
116 159 000
116 160 000
116 161 000
116 162 000
116 163 000
116 164 000
116 165 000
116 166 000
116 167 000
116 168 000
116 169 000
116 170 000
116 171 000
116 172 000
116 173 000
116 174 000
116 175 000
116 176 000
116 177 000
116 178 000
116 179 000
116 180 000
116 181 000
116 182 000
116 183 000
116 184 000
116 185 000
116 186 000
116 187 000
116 188 000
116 189 000
116 190 000
116 191 000
116 192 000
116 193 000
116 194 000
116 195 000
116 196 000
116 197 000
116 198 000
116 199 000
116 200 000
116 201 000
116 202 000
116 203 000
116 204 000
116 205 000
116 206 000
116 207 000
116 208 000
116 209 000
116 210 000
116 211 000
116 212 000
116 213 000
116 214 000
116 215 000
116 216 000
116 217 000
116 218 000
116 219 000
116 220 000
116 221 000
116 222 000
116 223 000
116 224 000
116 225 000
116 226 000
116 227 000
116 228 000
116 229 000
116 230 000
116 231 000
116 232 000
116 233 000
116 234 000
116 235 000
116 236 000
116 237 000
116 238 000
116 239 000
116 240 000
116 241 000
116 242 000
116 243 000
116 244 000
116 245 000
116 246 000
116 247 000
116 248 000
116 249 000
116 250 000
116 251 000
116 252 000
116 253 000
116 254 000
116 255 000
116 256 000
116 257 000
116 258 000
116 259 000
116 260 000
116 261 000
116 262 000
116 263 000
116 264 000
116 265 000
116 266 000
116 267 000
116 268 000
116 269 000
116 270 000
116 271 000
116 272 000
116 273 000
116 274 000
116 275 000
116 276 000
116 277 000
116 278 000
116 279 000
116 280 000
116 281 000
116 282 000
116 283 000
116 284 000
116 285 000
116 286 000
116 287 000
116 288 000
116 289 000
116 290 000
116 291 000
116 292 000
116 293 000
116 294 000
116 295 000
116 296 000
116 297 000
116 298 000
116 299 000
116 300 000
116 301 000
116 302 000
116 303 000
116 304 000
116 305 e26
116 306 e26
116 307 e26
116 308 e25
116 309 e26
116 310 e26
116 311 e26
116 312 e26
116 313 e25
116 314 e25
116 315 e25
116 316 e25
116 317 e26
116 318 e26
116 319 e26
117 0 000
117 1 000
117 2 000
117 3 000
117 4 000
117 5 000
117 6 000
117 7 000
117 8 000
117 9 000
117 10 000
117 11 000
117 12 000
117 13 000
117 14 000
117 15 000
117 16 000
117 17 000
117 18 000
117 19 000
117 20 000
117 21 000
117 22 000
117 23 000
117 24 000
117 25 000
117 26 000
117 27 000
117 28 000
117 29 000
117 30 000
117 31 000
117 32 000
117 33 000
117 34 000
117 35 000
117 36 000
117 37 000
117 38 000
117 39 000
117 40 000
117 41 000
117 42 000
117 43 000
117 44 000
117 45 000
117 46 000
117 47 000
117 48 000
117 49 000
117 50 000
117 51 000
117 52 000
117 53 000
117 54 000
117 55 000
117 56 000
117 57 000
117 58 000
117 59 000
117 60 000
117 61 000
117 62 000
117 63 000
117 64 000
117 65 000
117 66 000
117 67 000
117 68 000
117 69 000
117 70 000
117 71 000
117 72 000
117 73 000
117 74 000
117 75 000
117 76 000
117 77 000
117 78 000
117 79 000
117 80 000
117 81 000
117 82 000
117 83 000
117 84 000
117 85 000
117 86 000
117 87 000
117 88 000
117 89 000
117 90 000
117 91 000
117 92 000
117 93 000
117 94 000
117 95 000
117 96 000
117 97 000
117 98 000
117 99 000
117 100 000
117 101 000
117 102 000
117 103 000
117 104 000
117 105 000
117 106 000
117 107 000
117 108 000
117 109 000
117 110 000
117 111 000
117 112 000
117 113 000
117 114 000
117 115 000
117 116 000
117 117 000
117 118 000
117 119 000
117 120 000
117 121 000
117 122 000
117 123 000
117 124 000
117 125 000
117 126 000
117 127 000
117 128 000
117 129 000
117 130 000
117 131 000
117 132 000
117 133 000
117 134 000
117 135 000
117 136 000
117 137 000
117 138 000
117 139 000
117 140 000
117 141 000
117 142 000
117 143 000
117 144 000
117 145 000
117 146 000
117 147 000
117 148 000
117 149 000
117 150 000
117 151 000
117 152 000
117 153 000
117 154 000
117 155 000
117 156 000
117 157 000
117 158 000
117 159 000
117 160 000
117 161 000
117 162 000
117 163 000
117 164 000
117 165 000
117 166 000
117 167 000
117 168 000
117 169 000
117 170 000
117 171 000
117 172 000
117 173 000
117 174 000
117 175 000
117 176 000
117 177 000
117 178 000
117 179 000
117 180 000
117 181 000
117 182 000
117 183 000
117 184 000
117 185 000
117 186 000
117 187 000
117 188 000
117 189 000
117 190 000
117 191 000
117 192 000
117 193 000
117 194 000
117 195 000
117 196 000
117 197 000
117 198 000
117 199 000
117 200 000
117 201 000
117 202 000
117 203 000
117 204 000
117 205 000
117 206 000
117 207 000
117 208 000
117 209 000
117 210 000
117 211 000
117 212 000
117 213 000
117 214 000
117 215 000
117 216 000
117 217 000
117 218 000
117 219 000
117 220 000
117 221 000
117 222 000
117 223 000
117 224 000
117 225 000
117 226 000
117 227 000
117 228 000
117 229 000
117 230 000
117 231 000
117 232 000
117 233 000
117 234 000
117 235 000
117 236 000
117 237 000
117 238 000
117 239 000
117 240 000
117 241 000
117 242 000
117 243 000
117 244 000
117 245 000
117 246 000
117 247 000
117 248 000
117 249 000
117 250 000
117 251 000
117 252 000
117 253 000
117 254 000
117 255 000
117 256 000
117 257 000
117 258 000
117 259 000
117 260 000
117 261 000
117 262 000
117 263 000
117 264 000
117 265 000
117 266 000
117 267 000
117 268 000
117 269 000
117 270 000
117 271 000
117 272 000
117 273 000
117 274 000
117 275 000
117 276 000
117 277 000
117 278 000
117 279 000
117 280 000
117 281 000
117 282 000
117 283 000
117 284 000
117 285 000
117 286 000
117 287 000
117 288 000
117 289 000
117 290 000
117 291 000
117 292 000
117 293 000
117 294 000
117 295 000
117 296 000
117 297 000
117 298 000
117 299 000
117 300 000
117 301 000
117 302 000
117 303 000
117 304 000
117 305 e26
117 306 e26
117 307 e26
117 308 e25
117 309 e26
117 310 e26
117 311 e26
117 312 e26
117 313 e25
117 314 e25
117 315 e25
117 316 e25
117 317 e26
117 318 e26
117 319 e26
118 0 000
118 1 000
118 2 000
118 3 000
118 4 000
118 5 000
118 6 000
118 7 000
118 8 000
118 9 000
118 10 000
118 11 000
118 12 000
118 13 000
118 14 000
118 15 000
118 16 000
118 17 000
118 18 000
118 19 000
118 20 000
118 21 000
118 22 000
118 23 000
118 24 000
118 25 000
118 26 000
118 27 000
118 28 000
118 29 000
118 30 000
118 31 000
118 32 000
118 33 000
118 34 000
118 35 000
118 36 000
118 37 000
118 38 000
118 39 000
118 40 000
118 41 000
118 42 000
118 43 000
118 44 000
118 45 000
118 46 000
118 47 000
118 48 000
118 49 000
118 50 000
118 51 000
118 52 000
118 53 000
118 54 000
118 55 000
118 56 000
118 57 000
118 58 000
118 59 000
118 60 000
118 61 000
118 62 000
118 63 000
118 64 000
118 65 000
118 66 000
118 67 000
118 68 000
118 69 000
118 70 000
118 71 000
118 72 000
118 73 000
118 74 000
118 75 000
118 76 000
118 77 000
118 78 000
118 79 000
118 80 000
118 81 000
118 82 000
118 83 000
118 84 000
118 85 000
118 86 000
118 87 000
118 88 000
118 89 000
118 90 000
118 91 000
118 92 000
118 93 000
118 94 000
118 95 000
118 96 000
118 97 000
118 98 000
118 99 000
118 100 000
118 101 000
118 102 000
118 103 000
118 104 000
118 105 000
118 106 000
118 107 000
118 108 000
118 109 000
118 110 000
118 111 000
118 112 000
118 113 000
118 114 000
118 115 000
118 116 000
118 117 000
118 118 000
118 119 000
118 120 000
118 121 000
118 122 000
118 123 000
118 124 000
118 125 000
118 126 000
118 127 000
118 128 000
118 129 000
118 130 000
118 131 000
118 132 000
118 133 000
118 134 000
118 135 000
118 136 000
118 137 000
118 138 000
118 139 000
118 140 000
118 141 000
118 142 000
118 143 000
118 144 000
118 145 000
118 146 000
118 147 000
118 148 000
118 149 000
118 150 000
118 151 000
118 152 000
118 153 000
118 154 000
118 155 000
118 156 000
118 157 000
118 158 000
118 159 000
118 160 000
118 161 000
118 162 000
118 163 000
118 164 000
118 165 000
118 166 000
118 167 000
118 168 000
118 169 000
118 170 000
118 171 000
118 172 000
118 173 000
118 174 000
118 175 000
118 176 000
118 177 000
118 178 000
118 179 000
118 180 000
118 181 000
118 182 000
118 183 000
118 184 000
118 185 000
118 186 000
118 187 000
118 188 000
118 189 000
118 190 000
118 191 000
118 192 000
118 193 000
118 194 000
118 195 000
118 196 000
118 197 000
118 198 000
118 199 000
118 200 000
118 201 000
118 202 000
118 203 000
118 204 000
118 205 000
118 206 000
118 207 000
118 208 000
118 209 000
118 210 000
118 211 000
118 212 000
118 213 000
118 214 000
118 215 000
118 216 000
118 217 000
118 218 000
118 219 000
118 220 000
118 221 e27
118 222 e21
118 223 000
118 224 000
118 225 000
118 226 000
118 227 000
118 228 000
118 229 000
118 230 000
118 231 000
118 232 000
118 233 000
118 234 000
118 235 000
118 236 000
118 237 000
118 238 000
118 239 000
118 240 000
118 241 000
118 242 000
118 243 000
118 244 000
118 245 000
118 246 000
118 247 000
118 248 000
118 249 000
118 250 000
118 251 000
118 252 000
118 253 000
118 254 000
118 255 000
118 256 000
118 257 000
118 258 000
118 259 000
118 260 000
118 261 000
118 262 000
118 263 000
118 264 000
118 265 000
118 266 000
118 267 000
118 268 000
118 269 000
118 270 000
118 271 000
118 272 000
118 273 000
118 274 000
118 275 000
118 276 000
118 277 000
118 278 000
118 279 000
118 280 000
118 281 000
118 282 000
118 283 000
118 284 000
118 285 000
118 286 000
118 287 000
118 288 000
118 289 000
118 290 000
118 291 000
118 292 000
118 293 000
118 294 000
118 295 000
118 296 000
118 297 000
118 298 000
118 299 000
118 300 000
118 301 000
118 302 000
118 303 000
118 304 000
118 305 e26
118 306 e26
118 307 e26
118 308 e25
118 309 e26
118 310 e26
118 311 e26
118 312 e26
118 313 e25
118 314 e25
118 315 e25
118 316 e25
118 317 e25
118 318 e25
118 319 e25
119 0 000
119 1 000
119 2 000
119 3 000
119 4 000
119 5 000
119 6 000
119 7 000
119 8 000
119 9 000
119 10 000
119 11 000
119 12 000
119 13 000
119 14 000
119 15 000
119 16 000
119 17 000
119 18 000
119 19 000
119 20 000
119 21 000
119 22 000
119 23 000
119 24 000
119 25 000
119 26 000
119 27 000
119 28 000
119 29 000
119 30 000
119 31 000
119 32 000
119 33 000
119 34 000
119 35 000
119 36 000
119 37 000
119 38 000
119 39 000
119 40 000
119 41 000
119 42 000
119 43 000
119 44 000
119 45 000
119 46 000
119 47 000
119 48 000
119 49 000
119 50 000
119 51 000
119 52 000
119 53 000
119 54 000
119 55 000
119 56 000
119 57 000
119 58 000
119 59 000
119 60 000
119 61 000
119 62 000
119 63 000
119 64 000
119 65 000
119 66 000
119 67 000
119 68 000
119 69 000
119 70 000
119 71 000
119 72 000
119 73 000
119 74 000
119 75 000
119 76 000
119 77 000
119 78 000
119 79 000
119 80 000
119 81 000
119 82 000
119 83 000
119 84 000
119 85 000
119 86 000
119 87 000
119 88 000
119 89 000
119 90 000
119 91 000
119 92 000
119 93 000
119 94 000
119 95 000
119 96 000
119 97 000
119 98 000
119 99 000
119 100 000
119 101 000
119 102 000
119 103 000
119 104 000
119 105 000
119 106 000
119 107 000
119 108 000
119 109 000
119 110 000
119 111 000
119 112 000
119 113 000
119 114 000
119 115 000
119 116 000
119 117 000
119 118 000
119 119 000
119 120 000
119 121 000
119 122 000
119 123 000
119 124 000
119 125 000
119 126 000
119 127 000
119 128 000
119 129 000
119 130 000
119 131 000
119 132 000
119 133 000
119 134 000
119 135 000
119 136 000
119 137 000
119 138 000
119 139 000
119 140 000
119 141 000
119 142 000
119 143 000
119 144 000
119 145 000
119 146 000
119 147 000
119 148 000
119 149 000
119 150 000
119 151 000
119 152 000
119 153 000
119 154 000
119 155 000
119 156 000
119 157 000
119 158 000
119 159 000
119 160 000
119 161 000
119 162 000
119 163 000
119 164 000
119 165 000
119 166 000
119 167 000
119 168 000
119 169 000
119 170 000
119 171 000
119 172 000
119 173 000
119 174 000
119 175 000
119 176 000
119 177 000
119 178 000
119 179 000
119 180 000
119 181 000
119 182 000
119 183 000
119 184 000
119 185 000
119 186 000
119 187 000
119 188 000
119 189 000
119 190 000
119 191 000
119 192 000
119 193 000
119 194 000
119 195 000
119 196 000
119 197 000
119 198 000
119 199 000
119 200 000
119 201 000
119 202 000
119 203 000
119 204 000
119 205 000
119 206 000
119 207 000
119 208 000
119 209 000
119 210 000
119 211 000
119 212 000
119 213 000
119 214 000
119 215 000
119 216 000
119 217 000
119 218 000
119 219 e26
119 220 e26
119 221 e26
119 222 e26
119 223 e26
119 224 e26
119 225 e26
119 226 000
119 227 000
119 228 000
119 229 000
119 230 000
119 231 000
119 232 000
119 233 000
119 234 000
119 235 000
119 236 000
119 237 000
119 238 000
119 239 000
119 240 000
119 241 000
119 242 000
119 243 000
119 244 000
119 245 000
119 246 000
119 247 000
119 248 000
119 249 000
119 250 000
119 251 000
119 252 000
119 253 000
119 254 000
119 255 000
119 256 000
119 257 000
119 258 000
119 259 000
119 260 000
119 261 000
119 262 000
119 263 000
119 264 000
119 265 000
119 266 000
119 267 000
119 268 000
119 269 000
119 270 000
119 271 000
119 272 000
119 273 000
119 274 000
119 275 000
119 276 000
119 277 000
119 278 000
119 279 000
119 280 000
119 281 000
119 282 000
119 283 000
119 284 000
119 285 000
119 286 000
119 287 000
119 288 000
119 289 000
119 290 000
119 291 000
119 292 000
119 293 000
119 294 000
119 295 000
119 296 000
119 297 000
119 298 000
119 299 000
119 300 000
119 301 000
119 302 000
119 303 000
119 304 000
119 305 e26
119 306 e26
119 307 e26
119 308 e25
119 309 e26
119 310 e26
119 311 e26
119 312 e26
119 313 e25
119 314 e25
119 315 e25
119 316 e25
119 317 e25
119 318 e25
119 319 e25
120 0 000
120 1 000
120 2 000
120 3 000
120 4 000
120 5 000
120 6 000
120 7 000
120 8 000
120 9 000
120 10 000
120 11 000
120 12 000
120 13 000
120 14 000
120 15 000
120 16 000
120 17 000
120 18 000
120 19 000
120 20 000
120 21 000
120 22 000
120 23 000
120 24 000
120 25 000
120 26 000
120 27 000
120 28 000
120 29 000
120 30 000
120 31 000
120 32 000
120 33 000
120 34 000
120 35 000
120 36 000
120 37 000
120 38 000
120 39 000
120 40 000
120 41 000
120 42 000
120 43 000
120 44 000
120 45 000
120 46 000
120 47 000
120 48 000
120 49 000
120 50 000
120 51 000
120 52 000
120 53 000
120 54 000
120 55 000
120 56 000
120 57 000
120 58 000
120 59 000
120 60 000
120 61 000
120 62 000
120 63 000
120 64 000
120 65 000
120 66 000
120 67 000
120 68 000
120 69 000
120 70 000
120 71 000
120 72 000
120 73 000
120 74 000
120 75 000
120 76 000
120 77 000
120 78 000
120 79 000
120 80 000
120 81 000
120 82 000
120 83 000
120 84 000
120 85 000
120 86 000
120 87 000
120 88 000
120 89 000
120 90 000
120 91 000
120 92 000
120 93 000
120 94 000
120 95 000
120 96 000
120 97 000
120 98 000
120 99 000
120 100 000
120 101 000
120 102 000
120 103 000
120 104 000
120 105 000
120 106 000
120 107 000
120 108 000
120 109 000
120 110 000
120 111 000
120 112 000
120 113 000
120 114 000
120 115 000
120 116 000
120 117 000
120 118 000
120 119 000
120 120 000
120 121 000
120 122 000
120 123 000
120 124 000
120 125 000
120 126 000
120 127 000
120 128 000
120 129 000
120 130 000
120 131 000
120 132 000
120 133 000
120 134 000
120 135 000
120 136 000
120 137 000
120 138 000
120 139 000
120 140 000
120 141 000
120 142 000
120 143 000
120 144 000
120 145 000
120 146 000
120 147 000
120 148 000
120 149 000
120 150 000
120 151 000
120 152 000
120 153 000
120 154 000
120 155 000
120 156 000
120 157 000
120 158 000
120 159 000
120 160 000
120 161 000
120 162 000
120 163 000
120 164 000
120 165 000
120 166 000
120 167 000
120 168 000
120 169 000
120 170 000
120 171 000
120 172 000
120 173 000
120 174 000
120 175 000
120 176 000
120 177 000
120 178 000
120 179 000
120 180 000
120 181 000
120 182 000
120 183 000
120 184 000
120 185 000
120 186 000
120 187 000
120 188 000
120 189 000
120 190 000
120 191 000
120 192 000
120 193 000
120 194 000
120 195 000
120 196 000
120 197 000
120 198 000
120 199 000
120 200 000
120 201 000
120 202 000
120 203 000
120 204 000
120 205 000
120 206 000
120 207 000
120 208 000
120 209 000
120 210 000
120 211 000
120 212 000
120 213 000
120 214 000
120 215 000
120 216 000
120 217 000
120 218 e26
120 219 e25
120 220 e25
120 221 e26
120 222 e26
120 223 e25
120 224 e26
120 225 e26
120 226 000
120 227 000
120 228 000
120 229 000
120 230 000
120 231 000
120 232 000
120 233 000
120 234 000
120 235 000
120 236 000
120 237 000
120 238 000
120 239 000
120 240 000
120 241 000
120 242 000
120 243 000
120 244 000
120 245 000
120 246 000
120 247 000
120 248 000
120 249 000
120 250 000
120 251 000
120 252 000
120 253 000
120 254 000
120 255 000
120 256 000
120 257 000
120 258 000
120 259 000
120 260 000
120 261 000
120 262 000
120 263 000
120 264 000
120 265 000
120 266 000
120 267 000
120 268 000
120 269 000
120 270 000
120 271 000
120 272 000
120 273 000
120 274 000
120 275 000
120 276 000
120 277 000
120 278 000
120 279 000
120 280 000
120 281 000
120 282 000
120 283 000
120 284 000
120 285 000
120 286 000
120 287 000
120 288 000
120 289 000
120 290 000
120 291 000
120 292 000
120 293 000
120 294 000
120 295 000
120 296 000
120 297 000
120 298 000
120 299 000
120 300 000
120 301 000
120 302 000
120 303 000
120 304 000
120 305 e26
120 306 e26
120 307 e26
120 308 e25
120 309 e26
120 310 e26
120 311 e26
120 312 e26
120 313 e25
120 314 e25
120 315 e25
120 316 e25
120 317 e26
120 318 e26
120 319 e26
121 0 000
121 1 000
121 2 000
121 3 000
121 4 000
121 5 000
121 6 000
121 7 000
121 8 000
121 9 000
121 10 000
121 11 000
121 12 000
121 13 000
121 14 000
121 15 000
121 16 000
121 17 000
121 18 000
121 19 000
121 20 000
121 21 000
121 22 000
121 23 000
121 24 000
121 25 000
121 26 000
121 27 000
121 28 000
121 29 000
121 30 000
121 31 000
121 32 000
121 33 000
121 34 000
121 35 000
121 36 000
121 37 000
121 38 000
121 39 000
121 40 000
121 41 000
121 42 000
121 43 000
121 44 000
121 45 000
121 46 000
121 47 000
121 48 000
121 49 000
121 50 000
121 51 000
121 52 000
121 53 000
121 54 000
121 55 000
121 56 000
121 57 000
121 58 000
121 59 000
121 60 000
121 61 000
121 62 000
121 63 000
121 64 000
121 65 000
121 66 000
121 67 000
121 68 000
121 69 000
121 70 000
121 71 000
121 72 000
121 73 000
121 74 000
121 75 000
121 76 000
121 77 000
121 78 000
121 79 000
121 80 000
121 81 000
121 82 000
121 83 000
121 84 000
121 85 000
121 86 000
121 87 000
121 88 000
121 89 000
121 90 000
121 91 000
121 92 000
121 93 000
121 94 000
121 95 000
121 96 000
121 97 000
121 98 000
121 99 000
121 100 000
121 101 000
121 102 000
121 103 000
121 104 000
121 105 000
121 106 000
121 107 000
121 108 000
121 109 000
121 110 000
121 111 000
121 112 000
121 113 000
121 114 000
121 115 000
121 116 000
121 117 000
121 118 000
121 119 000
121 120 000
121 121 000
121 122 000
121 123 000
121 124 000
121 125 000
121 126 000
121 127 000
121 128 000
121 129 000
121 130 000
121 131 000
121 132 000
121 133 000
121 134 000
121 135 000
121 136 000
121 137 000
121 138 000
121 139 000
121 140 000
121 141 000
121 142 000
121 143 000
121 144 000
121 145 000
121 146 000
121 147 000
121 148 000
121 149 000
121 150 000
121 151 000
121 152 000
121 153 000
121 154 000
121 155 000
121 156 000
121 157 000
121 158 000
121 159 000
121 160 000
121 161 000
121 162 000
121 163 000
121 164 000
121 165 000
121 166 000
121 167 000
121 168 000
121 169 000
121 170 000
121 171 000
121 172 000
121 173 000
121 174 000
121 175 000
121 176 000
121 177 000
121 178 000
121 179 000
121 180 000
121 181 000
121 182 000
121 183 000
121 184 000
121 185 000
121 186 000
121 187 000
121 188 000
121 189 000
121 190 000
121 191 000
121 192 000
121 193 000
121 194 000
121 195 000
121 196 000
121 197 000
121 198 000
121 199 000
121 200 000
121 201 000
121 202 000
121 203 000
121 204 000
121 205 000
121 206 000
121 207 000
121 208 000
121 209 000
121 210 000
121 211 000
121 212 000
121 213 000
121 214 000
121 215 000
121 216 000
121 217 000
121 218 e26
121 219 e26
121 220 e26
121 221 e26
121 222 e26
121 223 e26
121 224 e26
121 225 e26
121 226 000
121 227 000
121 228 000
121 229 000
121 230 000
121 231 000
121 232 000
121 233 000
121 234 000
121 235 000
121 236 000
121 237 000
121 238 000
121 239 000
121 240 000
121 241 000
121 242 000
121 243 000
121 244 000
121 245 000
121 246 000
121 247 000
121 248 000
121 249 000
121 250 000
121 251 000
121 252 000
121 253 000
121 254 000
121 255 000
121 256 000
121 257 000
121 258 000
121 259 000
121 260 000
121 261 000
121 262 000
121 263 000
121 264 000
121 265 000
121 266 000
121 267 000
121 268 000
121 269 000
121 270 000
121 271 000
121 272 000
121 273 000
121 274 000
121 275 000
121 276 000
121 277 000
121 278 000
121 279 000
121 280 000
121 281 000
121 282 000
121 283 000
121 284 000
121 285 000
121 286 000
121 287 000
121 288 000
121 289 000
121 290 000
121 291 000
121 292 000
121 293 000
121 294 000
121 295 000
121 296 000
121 297 000
121 298 000
121 299 000
121 300 000
121 301 000
121 302 000
121 303 000
121 304 000
121 305 e26
121 306 e26
121 307 e26
121 308 e25
121 309 e26
121 310 e26
121 311 e26
121 312 e26
121 313 e25
121 314 e25
121 315 e25
121 316 e25
121 317 e26
121 318 e26
121 319 e26
122 0 000
122 1 000
122 2 000
122 3 000
122 4 000
122 5 000
122 6 000
122 7 000
122 8 000
122 9 000
122 10 000
122 11 000
122 12 000
122 13 000
122 14 000
122 15 000
122 16 000
122 17 000
122 18 000
122 19 000
122 20 000
122 21 000
122 22 000
122 23 000
122 24 000
122 25 000
122 26 000
122 27 000
122 28 000
122 29 000
122 30 000
122 31 000
122 32 000
122 33 000
122 34 000
122 35 000
122 36 000
122 37 000
122 38 000
122 39 000
122 40 000
122 41 000
122 42 000
122 43 000
122 44 000
122 45 000
122 46 000
122 47 000
122 48 000
122 49 000
122 50 000
122 51 000
122 52 000
122 53 000
122 54 000
122 55 000
122 56 000
122 57 000
122 58 000
122 59 000
122 60 000
122 61 000
122 62 000
122 63 000
122 64 000
122 65 000
122 66 000
122 67 000
122 68 000
122 69 000
122 70 000
122 71 000
122 72 000
122 73 000
122 74 000
122 75 000
122 76 000
122 77 000
122 78 000
122 79 000
122 80 000
122 81 000
122 82 000
122 83 000
122 84 000
122 85 000
122 86 000
122 87 000
122 88 000
122 89 000
122 90 000
122 91 000
122 92 000
122 93 000
122 94 000
122 95 000
122 96 000
122 97 000
122 98 000
122 99 000
122 100 000
122 101 000
122 102 000
122 103 000
122 104 000
122 105 000
122 106 000
122 107 000
122 108 000
122 109 000
122 110 000
122 111 000
122 112 000
122 113 000
122 114 000
122 115 000
122 116 000
122 117 000
122 118 000
122 119 000
122 120 000
122 121 000
122 122 000
122 123 000
122 124 000
122 125 000
122 126 000
122 127 000
122 128 000
122 129 000
122 130 000
122 131 000
122 132 000
122 133 000
122 134 000
122 135 000
122 136 000
122 137 000
122 138 000
122 139 000
122 140 000
122 141 000
122 142 000
122 143 000
122 144 000
122 145 000
122 146 000
122 147 000
122 148 000
122 149 000
122 150 000
122 151 000
122 152 000
122 153 000
122 154 000
122 155 000
122 156 000
122 157 000
122 158 000
122 159 000
122 160 000
122 161 000
122 162 000
122 163 000
122 164 000
122 165 000
122 166 000
122 167 000
122 168 000
122 169 000
122 170 000
122 171 000
122 172 000
122 173 000
122 174 000
122 175 000
122 176 000
122 177 000
122 178 000
122 179 000
122 180 000
122 181 000
122 182 000
122 183 000
122 184 000
122 185 000
122 186 000
122 187 000
122 188 000
122 189 000
122 190 000
122 191 000
122 192 000
122 193 000
122 194 000
122 195 000
122 196 000
122 197 000
122 198 000
122 199 000
122 200 000
122 201 000
122 202 000
122 203 000
122 204 000
122 205 000
122 206 000
122 207 000
122 208 000
122 209 000
122 210 000
122 211 000
122 212 000
122 213 000
122 214 000
122 215 000
122 216 000
122 217 000
122 218 e26
122 219 e25
122 220 e26
122 221 e26
122 222 e25
122 223 e26
122 224 e26
122 225 e26
122 226 000
122 227 000
122 228 000
122 229 000
122 230 000
122 231 000
122 232 000
122 233 000
122 234 000
122 235 000
122 236 000
122 237 000
122 238 000
122 239 000
122 240 000
122 241 000
122 242 000
122 243 000
122 244 000
122 245 000
122 246 000
122 247 000
122 248 000
122 249 000
122 250 000
122 251 000
122 252 000
122 253 000
122 254 000
122 255 000
122 256 000
122 257 000
122 258 000
122 259 000
122 260 000
122 261 000
122 262 000
122 263 000
122 264 000
122 265 000
122 266 000
122 267 000
122 268 000
122 269 000
122 270 000
122 271 000
122 272 000
122 273 000
122 274 000
122 275 000
122 276 000
122 277 000
122 278 000
122 279 000
122 280 000
122 281 000
122 282 000
122 283 000
122 284 000
122 285 000
122 286 000
122 287 000
122 288 000
122 289 000
122 290 000
122 291 000
122 292 000
122 293 000
122 294 000
122 295 000
122 296 000
122 297 000
122 298 000
122 299 000
122 300 000
122 301 000
122 302 000
122 303 000
122 304 000
122 305 e26
122 306 e26
122 307 e26
122 308 e25
122 309 e26
122 310 e26
122 311 e26
122 312 e26
122 313 e25
122 314 e25
122 315 e25
122 316 e25
122 317 e25
122 318 e25
122 319 e25
123 0 d61
123 1 d61
123 2 d61
123 3 d61
123 4 d61
123 5 d61
123 6 d61
123 7 d61
123 8 d61
123 9 d61
123 10 d61
123 11 d61
123 12 d61
123 13 d61
123 14 d61
123 15 d61
123 16 d61
123 17 d61
123 18 d61
123 19 d61
123 20 d61
123 21 d61
123 22 d61
123 23 d61
123 24 000
123 25 000
123 26 000
123 27 000
123 28 000
123 29 000
123 30 000
123 31 000
123 32 000
123 33 000
123 34 000
123 35 000
123 36 000
123 37 000
123 38 000
123 39 000
123 40 000
123 41 000
123 42 000
123 43 000
123 44 000
123 45 000
123 46 000
123 47 000
123 48 000
123 49 000
123 50 000
123 51 000
123 52 000
123 53 000
123 54 000
123 55 000
123 56 000
123 57 000
123 58 000
123 59 000
123 60 000
123 61 000
123 62 000
123 63 000
123 64 000
123 65 000
123 66 000
123 67 000
123 68 000
123 69 000
123 70 000
123 71 000
123 72 000
123 73 000
123 74 000
123 75 000
123 76 000
123 77 000
123 78 000
123 79 000
123 80 000
123 81 000
123 82 000
123 83 000
123 84 000
123 85 000
123 86 000
123 87 000
123 88 000
123 89 000
123 90 000
123 91 000
123 92 000
123 93 000
123 94 000
123 95 000
123 96 000
123 97 000
123 98 000
123 99 000
123 100 000
123 101 000
123 102 000
123 103 000
123 104 000
123 105 000
123 106 000
123 107 000
123 108 000
123 109 000
123 110 000
123 111 000
123 112 000
123 113 000
123 114 000
123 115 000
123 116 000
123 117 000
123 118 000
123 119 000
123 120 000
123 121 000
123 122 000
123 123 000
123 124 000
123 125 000
123 126 000
123 127 000
123 128 000
123 129 000
123 130 000
123 131 000
123 132 000
123 133 000
123 134 000
123 135 000
123 136 000
123 137 000
123 138 000
123 139 000
123 140 000
123 141 000
123 142 000
123 143 000
123 144 000
123 145 000
123 146 000
123 147 000
123 148 000
123 149 000
123 150 000
123 151 000
123 152 000
123 153 000
123 154 000
123 155 000
123 156 000
123 157 000
123 158 000
123 159 000
123 160 000
123 161 000
123 162 000
123 163 000
123 164 000
123 165 000
123 166 000
123 167 000
123 168 000
123 169 000
123 170 000
123 171 000
123 172 000
123 173 000
123 174 000
123 175 000
123 176 000
123 177 000
123 178 000
123 179 000
123 180 000
123 181 000
123 182 000
123 183 000
123 184 000
123 185 000
123 186 000
123 187 000
123 188 000
123 189 000
123 190 000
123 191 000
123 192 000
123 193 000
123 194 000
123 195 000
123 196 000
123 197 000
123 198 000
123 199 000
123 200 000
123 201 000
123 202 000
123 203 000
123 204 000
123 205 000
123 206 000
123 207 000
123 208 000
123 209 000
123 210 000
123 211 000
123 212 000
123 213 000
123 214 000
123 215 000
123 216 000
123 217 000
123 218 e26
123 219 e25
123 220 e25
123 221 e26
123 222 e25
123 223 e26
123 224 e26
123 225 e26
123 226 000
123 227 000
123 228 000
123 229 000
123 230 000
123 231 000
123 232 000
123 233 000
123 234 000
123 235 000
123 236 000
123 237 000
123 238 000
123 239 000
123 240 000
123 241 000
123 242 000
123 243 000
123 244 000
123 245 000
123 246 000
123 247 000
123 248 000
123 249 000
123 250 000
123 251 000
123 252 000
123 253 000
123 254 000
123 255 000
123 256 000
123 257 000
123 258 000
123 259 000
123 260 000
123 261 000
123 262 000
123 263 000
123 264 000
123 265 000
123 266 000
123 267 000
123 268 000
123 269 000
123 270 000
123 271 000
123 272 000
123 273 000
123 274 000
123 275 000
123 276 000
123 277 000
123 278 000
123 279 000
123 280 000
123 281 000
123 282 000
123 283 000
123 284 000
123 285 000
123 286 000
123 287 000
123 288 000
123 289 000
123 290 000
123 291 000
123 292 000
123 293 000
123 294 000
123 295 000
123 296 000
123 297 000
123 298 000
123 299 000
123 300 000
123 301 000
123 302 000
123 303 000
123 304 000
123 305 e26
123 306 e26
123 307 e26
123 308 e25
123 309 e26
123 310 e26
123 311 e26
123 312 e26
123 313 e25
123 314 e25
123 315 e25
123 316 e25
123 317 e25
123 318 e25
123 319 e25
124 0 d63
124 1 d63
124 2 d63
124 3 d63
124 4 d63
124 5 d63
124 6 d63
124 7 d63
124 8 d63
124 9 d63
124 10 d63
124 11 d63
124 12 d63
124 13 d63
124 14 d63
124 15 d63
124 16 d63
124 17 d63
124 18 d63
124 19 d63
124 20 d63
124 21 d63
124 22 d63
124 23 d61
124 24 000
124 25 000
124 26 000
124 27 000
124 28 000
124 29 000
124 30 000
124 31 000
124 32 000
124 33 000
124 34 000
124 35 000
124 36 000
124 37 000
124 38 000
124 39 000
124 40 000
124 41 000
124 42 000
124 43 000
124 44 000
124 45 000
124 46 000
124 47 000
124 48 000
124 49 000
124 50 000
124 51 000
124 52 000
124 53 000
124 54 000
124 55 000
124 56 000
124 57 000
124 58 000
124 59 000
124 60 000
124 61 000
124 62 000
124 63 000
124 64 000
124 65 000
124 66 000
124 67 000
124 68 000
124 69 000
124 70 000
124 71 000
124 72 000
124 73 000
124 74 000
124 75 000
124 76 000
124 77 000
124 78 000
124 79 000
124 80 000
124 81 000
124 82 000
124 83 000
124 84 000
124 85 000
124 86 000
124 87 000
124 88 000
124 89 000
124 90 000
124 91 000
124 92 000
124 93 000
124 94 000
124 95 000
124 96 000
124 97 000
124 98 000
124 99 000
124 100 000
124 101 000
124 102 000
124 103 000
124 104 000
124 105 000
124 106 000
124 107 000
124 108 000
124 109 000
124 110 000
124 111 000
124 112 000
124 113 000
124 114 000
124 115 000
124 116 000
124 117 000
124 118 000
124 119 000
124 120 000
124 121 000
124 122 000
124 123 000
124 124 000
124 125 000
124 126 000
124 127 000
124 128 000
124 129 000
124 130 000
124 131 000
124 132 000
124 133 000
124 134 000
124 135 000
124 136 000
124 137 000
124 138 000
124 139 000
124 140 000
124 141 000
124 142 000
124 143 000
124 144 000
124 145 000
124 146 000
124 147 000
124 148 000
124 149 000
124 150 000
124 151 000
124 152 000
124 153 000
124 154 000
124 155 000
124 156 000
124 157 000
124 158 000
124 159 000
124 160 000
124 161 000
124 162 000
124 163 000
124 164 000
124 165 000
124 166 000
124 167 000
124 168 000
124 169 000
124 170 000
124 171 000
124 172 000
124 173 000
124 174 000
124 175 000
124 176 000
124 177 000
124 178 000
124 179 000
124 180 000
124 181 000
124 182 000
124 183 000
124 184 000
124 185 000
124 186 000
124 187 000
124 188 000
124 189 000
124 190 000
124 191 000
124 192 000
124 193 000
124 194 000
124 195 000
124 196 000
124 197 000
124 198 000
124 199 000
124 200 000
124 201 000
124 202 000
124 203 000
124 204 000
124 205 000
124 206 000
124 207 000
124 208 000
124 209 000
124 210 000
124 211 000
124 212 000
124 213 000
124 214 000
124 215 000
124 216 000
124 217 000
124 218 e26
124 219 e26
124 220 e26
124 221 e26
124 222 e26
124 223 e26
124 224 e26
124 225 e26
124 226 000
124 227 000
124 228 000
124 229 000
124 230 000
124 231 000
124 232 000
124 233 000
124 234 000
124 235 000
124 236 000
124 237 000
124 238 000
124 239 000
124 240 000
124 241 000
124 242 000
124 243 000
124 244 000
124 245 e26
124 246 e26
124 247 e26
124 248 000
124 249 000
124 250 000
124 251 000
124 252 000
124 253 000
124 254 000
124 255 000
124 256 000
124 257 000
124 258 000
124 259 000
124 260 000
124 261 000
124 262 000
124 263 000
124 264 000
124 265 000
124 266 000
124 267 000
124 268 000
124 269 000
124 270 000
124 271 000
124 272 000
124 273 000
124 274 000
124 275 000
124 276 000
124 277 000
124 278 000
124 279 000
124 280 000
124 281 000
124 282 000
124 283 000
124 284 000
124 285 000
124 286 000
124 287 000
124 288 000
124 289 000
124 290 000
124 291 000
124 292 000
124 293 000
124 294 000
124 295 000
124 296 000
124 297 000
124 298 000
124 299 000
124 300 000
124 301 000
124 302 000
124 303 000
124 304 000
124 305 e26
124 306 e26
124 307 e26
124 308 e25
124 309 e26
124 310 e26
124 311 e26
124 312 e26
124 313 e26
124 314 e25
124 315 e25
124 316 e25
124 317 e25
124 318 e25
124 319 e25
125 0 d63
125 1 d63
125 2 d63
125 3 d63
125 4 d63
125 5 d63
125 6 d63
125 7 d63
125 8 d63
125 9 d63
125 10 d63
125 11 d63
125 12 d63
125 13 d63
125 14 d63
125 15 d63
125 16 d63
125 17 d63
125 18 d63
125 19 d63
125 20 d63
125 21 d63
125 22 d63
125 23 d61
125 24 000
125 25 000
125 26 000
125 27 000
125 28 000
125 29 000
125 30 000
125 31 000
125 32 000
125 33 000
125 34 000
125 35 000
125 36 000
125 37 000
125 38 000
125 39 000
125 40 000
125 41 000
125 42 000
125 43 000
125 44 000
125 45 000
125 46 000
125 47 000
125 48 000
125 49 000
125 50 000
125 51 000
125 52 000
125 53 000
125 54 000
125 55 000
125 56 000
125 57 000
125 58 000
125 59 000
125 60 000
125 61 000
125 62 000
125 63 000
125 64 000
125 65 000
125 66 000
125 67 000
125 68 000
125 69 000
125 70 000
125 71 000
125 72 000
125 73 000
125 74 000
125 75 000
125 76 000
125 77 000
125 78 000
125 79 000
125 80 000
125 81 000
125 82 000
125 83 000
125 84 000
125 85 000
125 86 000
125 87 000
125 88 000
125 89 000
125 90 000
125 91 000
125 92 000
125 93 000
125 94 000
125 95 000
125 96 000
125 97 000
125 98 000
125 99 000
125 100 000
125 101 000
125 102 000
125 103 000
125 104 000
125 105 000
125 106 000
125 107 000
125 108 000
125 109 000
125 110 000
125 111 000
125 112 000
125 113 000
125 114 000
125 115 000
125 116 000
125 117 000
125 118 000
125 119 000
125 120 000
125 121 000
125 122 000
125 123 000
125 124 000
125 125 000
125 126 000
125 127 000
125 128 000
125 129 000
125 130 000
125 131 000
125 132 000
125 133 000
125 134 000
125 135 000
125 136 000
125 137 000
125 138 000
125 139 000
125 140 000
125 141 000
125 142 000
125 143 000
125 144 000
125 145 000
125 146 000
125 147 000
125 148 000
125 149 000
125 150 000
125 151 000
125 152 000
125 153 000
125 154 000
125 155 000
125 156 000
125 157 000
125 158 000
125 159 000
125 160 000
125 161 000
125 162 000
125 163 000
125 164 000
125 165 000
125 166 000
125 167 000
125 168 000
125 169 000
125 170 000
125 171 000
125 172 000
125 173 000
125 174 000
125 175 000
125 176 000
125 177 000
125 178 000
125 179 000
125 180 000
125 181 000
125 182 000
125 183 000
125 184 000
125 185 000
125 186 000
125 187 000
125 188 000
125 189 000
125 190 000
125 191 000
125 192 000
125 193 000
125 194 000
125 195 000
125 196 000
125 197 000
125 198 000
125 199 000
125 200 000
125 201 000
125 202 000
125 203 000
125 204 000
125 205 000
125 206 000
125 207 000
125 208 000
125 209 000
125 210 000
125 211 000
125 212 000
125 213 000
125 214 000
125 215 000
125 216 000
125 217 000
125 218 000
125 219 000
125 220 000
125 221 e22
125 222 e22
125 223 000
125 224 000
125 225 000
125 226 000
125 227 000
125 228 000
125 229 000
125 230 000
125 231 000
125 232 000
125 233 000
125 234 000
125 235 000
125 236 000
125 237 000
125 238 000
125 239 e26
125 240 e26
125 241 000
125 242 000
125 243 d64
125 244 d64
125 245 e26
125 246 e26
125 247 d64
125 248 d64
125 249 d63
125 250 000
125 251 000
125 252 000
125 253 000
125 254 000
125 255 000
125 256 000
125 257 000
125 258 000
125 259 000
125 260 000
125 261 000
125 262 000
125 263 000
125 264 000
125 265 000
125 266 000
125 267 000
125 268 000
125 269 000
125 270 000
125 271 000
125 272 000
125 273 000
125 274 000
125 275 000
125 276 000
125 277 000
125 278 000
125 279 000
125 280 000
125 281 000
125 282 000
125 283 000
125 284 000
125 285 000
125 286 000
125 287 000
125 288 000
125 289 000
125 290 000
125 291 000
125 292 000
125 293 000
125 294 000
125 295 000
125 296 000
125 297 000
125 298 000
125 299 000
125 300 000
125 301 000
125 302 000
125 303 000
125 304 000
125 305 e26
125 306 e26
125 307 e26
125 308 e25
125 309 e25
125 310 e26
125 311 e26
125 312 e26
125 313 e26
125 314 e26
125 315 e26
125 316 e26
125 317 e26
125 318 e26
125 319 e26
126 0 d63
126 1 d63
126 2 d63
126 3 d64
126 4 d64
126 5 d64
126 6 d64
126 7 d63
126 8 d64
126 9 d64
126 10 d64
126 11 d64
126 12 d63
126 13 d63
126 14 d63
126 15 d63
126 16 d63
126 17 d63
126 18 d63
126 19 d63
126 20 d63
126 21 d63
126 22 d63
126 23 d61
126 24 000
126 25 000
126 26 000
126 27 000
126 28 000
126 29 000
126 30 000
126 31 000
126 32 000
126 33 000
126 34 000
126 35 000
126 36 000
126 37 000
126 38 000
126 39 000
126 40 000
126 41 000
126 42 000
126 43 000
126 44 000
126 45 000
126 46 000
126 47 000
126 48 000
126 49 000
126 50 000
126 51 000
126 52 000
126 53 000
126 54 000
126 55 000
126 56 000
126 57 000
126 58 000
126 59 000
126 60 000
126 61 000
126 62 000
126 63 000
126 64 000
126 65 000
126 66 000
126 67 000
126 68 000
126 69 000
126 70 000
126 71 000
126 72 000
126 73 000
126 74 000
126 75 000
126 76 000
126 77 000
126 78 000
126 79 000
126 80 000
126 81 000
126 82 000
126 83 000
126 84 000
126 85 000
126 86 000
126 87 000
126 88 000
126 89 000
126 90 000
126 91 000
126 92 000
126 93 000
126 94 000
126 95 000
126 96 000
126 97 000
126 98 000
126 99 000
126 100 000
126 101 000
126 102 000
126 103 000
126 104 000
126 105 000
126 106 000
126 107 000
126 108 000
126 109 000
126 110 000
126 111 000
126 112 000
126 113 000
126 114 000
126 115 000
126 116 000
126 117 000
126 118 000
126 119 000
126 120 000
126 121 000
126 122 000
126 123 000
126 124 000
126 125 000
126 126 000
126 127 000
126 128 000
126 129 000
126 130 000
126 131 000
126 132 000
126 133 000
126 134 000
126 135 000
126 136 000
126 137 000
126 138 000
126 139 000
126 140 000
126 141 000
126 142 000
126 143 000
126 144 000
126 145 000
126 146 000
126 147 000
126 148 000
126 149 000
126 150 000
126 151 000
126 152 000
126 153 000
126 154 000
126 155 000
126 156 000
126 157 000
126 158 000
126 159 000
126 160 000
126 161 000
126 162 000
126 163 000
126 164 000
126 165 000
126 166 000
126 167 000
126 168 000
126 169 000
126 170 000
126 171 000
126 172 000
126 173 000
126 174 000
126 175 000
126 176 000
126 177 000
126 178 000
126 179 000
126 180 000
126 181 000
126 182 000
126 183 000
126 184 000
126 185 000
126 186 000
126 187 000
126 188 000
126 189 000
126 190 000
126 191 000
126 192 000
126 193 000
126 194 000
126 195 000
126 196 000
126 197 000
126 198 000
126 199 000
126 200 000
126 201 000
126 202 000
126 203 000
126 204 000
126 205 000
126 206 000
126 207 000
126 208 000
126 209 000
126 210 000
126 211 000
126 212 000
126 213 000
126 214 000
126 215 000
126 216 000
126 217 e25
126 218 e26
126 219 e25
126 220 e26
126 221 e26
126 222 e26
126 223 e25
126 224 e26
126 225 e25
126 226 e26
126 227 000
126 228 000
126 229 000
126 230 000
126 231 000
126 232 000
126 233 000
126 234 000
126 235 000
126 236 000
126 237 000
126 238 000
126 239 e26
126 240 e26
126 241 000
126 242 000
126 243 d6e
126 244 d6e
126 245 e25
126 246 e25
126 247 d6e
126 248 d6e
126 249 d64
126 250 000
126 251 000
126 252 000
126 253 000
126 254 000
126 255 000
126 256 000
126 257 000
126 258 000
126 259 000
126 260 000
126 261 000
126 262 000
126 263 000
126 264 000
126 265 000
126 266 000
126 267 000
126 268 000
126 269 000
126 270 000
126 271 000
126 272 000
126 273 000
126 274 000
126 275 000
126 276 000
126 277 000
126 278 000
126 279 000
126 280 000
126 281 000
126 282 000
126 283 000
126 284 000
126 285 000
126 286 000
126 287 000
126 288 000
126 289 000
126 290 000
126 291 000
126 292 000
126 293 000
126 294 000
126 295 000
126 296 000
126 297 000
126 298 000
126 299 000
126 300 000
126 301 000
126 302 000
126 303 000
126 304 000
126 305 000
126 306 e26
126 307 e26
126 308 e26
126 309 e25
126 310 e25
126 311 e25
126 312 e26
126 313 e26
126 314 e26
126 315 e26
126 316 e26
126 317 e26
126 318 e26
126 319 e26
127 0 d64
127 1 d64
127 2 d63
127 3 d64
127 4 d64
127 5 d64
127 6 d64
127 7 d63
127 8 d64
127 9 d64
127 10 d64
127 11 d64
127 12 d63
127 13 d64
127 14 d64
127 15 d63
127 16 d63
127 17 d63
127 18 d63
127 19 d63
127 20 d63
127 21 d63
127 22 d63
127 23 d61
127 24 000
127 25 000
127 26 000
127 27 000
127 28 000
127 29 000
127 30 000
127 31 000
127 32 000
127 33 000
127 34 000
127 35 000
127 36 000
127 37 000
127 38 000
127 39 000
127 40 000
127 41 000
127 42 000
127 43 000
127 44 000
127 45 000
127 46 000
127 47 000
127 48 000
127 49 000
127 50 000
127 51 000
127 52 000
127 53 000
127 54 000
127 55 000
127 56 000
127 57 000
127 58 000
127 59 000
127 60 000
127 61 000
127 62 000
127 63 000
127 64 000
127 65 000
127 66 000
127 67 000
127 68 000
127 69 000
127 70 000
127 71 000
127 72 000
127 73 000
127 74 000
127 75 000
127 76 000
127 77 000
127 78 000
127 79 000
127 80 000
127 81 000
127 82 000
127 83 000
127 84 000
127 85 000
127 86 000
127 87 000
127 88 000
127 89 000
127 90 000
127 91 000
127 92 000
127 93 000
127 94 000
127 95 000
127 96 000
127 97 000
127 98 000
127 99 000
127 100 000
127 101 000
127 102 000
127 103 000
127 104 000
127 105 000
127 106 000
127 107 000
127 108 000
127 109 000
127 110 000
127 111 000
127 112 000
127 113 000
127 114 000
127 115 000
127 116 000
127 117 000
127 118 000
127 119 000
127 120 000
127 121 000
127 122 000
127 123 000
127 124 000
127 125 000
127 126 000
127 127 000
127 128 000
127 129 000
127 130 000
127 131 000
127 132 000
127 133 000
127 134 000
127 135 000
127 136 000
127 137 000
127 138 000
127 139 000
127 140 000
127 141 000
127 142 000
127 143 000
127 144 000
127 145 000
127 146 000
127 147 000
127 148 000
127 149 000
127 150 000
127 151 000
127 152 000
127 153 000
127 154 000
127 155 000
127 156 000
127 157 000
127 158 000
127 159 000
127 160 000
127 161 000
127 162 000
127 163 000
127 164 000
127 165 000
127 166 000
127 167 000
127 168 000
127 169 000
127 170 000
127 171 000
127 172 000
127 173 000
127 174 000
127 175 000
127 176 000
127 177 000
127 178 000
127 179 000
127 180 000
127 181 000
127 182 000
127 183 000
127 184 000
127 185 000
127 186 000
127 187 000
127 188 000
127 189 000
127 190 000
127 191 000
127 192 000
127 193 000
127 194 000
127 195 000
127 196 000
127 197 000
127 198 000
127 199 000
127 200 000
127 201 000
127 202 000
127 203 000
127 204 000
127 205 000
127 206 000
127 207 000
127 208 000
127 209 000
127 210 000
127 211 000
127 212 000
127 213 000
127 214 000
127 215 000
127 216 000
127 217 e25
127 218 e26
127 219 e25
127 220 e26
127 221 e25
127 222 e26
127 223 e25
127 224 e26
127 225 e25
127 226 e26
127 227 000
127 228 000
127 229 000
127 230 000
127 231 000
127 232 000
127 233 000
127 234 000
127 235 000
127 236 000
127 237 000
127 238 000
127 239 e25
127 240 e25
127 241 000
127 242 000
127 243 d69
127 244 d67
127 245 e2a
127 246 e2a
127 247 d69
127 248 d67
127 249 d69
127 250 000
127 251 000
127 252 000
127 253 000
127 254 000
127 255 000
127 256 000
127 257 000
127 258 000
127 259 000
127 260 000
127 261 000
127 262 000
127 263 000
127 264 000
127 265 000
127 266 000
127 267 000
127 268 000
127 269 000
127 270 000
127 271 000
127 272 000
127 273 000
127 274 000
127 275 000
127 276 000
127 277 000
127 278 000
127 279 000
127 280 000
127 281 000
127 282 000
127 283 000
127 284 000
127 285 000
127 286 000
127 287 000
127 288 000
127 289 000
127 290 000
127 291 000
127 292 000
127 293 000
127 294 000
127 295 000
127 296 000
127 297 000
127 298 000
127 299 000
127 300 000
127 301 000
127 302 000
127 303 000
127 304 000
127 305 000
127 306 000
127 307 e26
127 308 e26
127 309 e26
127 310 e26
127 311 e25
127 312 e25
127 313 e25
127 314 e25
127 315 e25
127 316 e25
127 317 e25
127 318 e25
127 319 e25
128 0 d64
128 1 d64
128 2 d63
128 3 d64
128 4 d66
128 5 d66
128 6 d64
128 7 d63
128 8 d64
128 9 d64
128 10 d64
128 11 d64
128 12 d63
128 13 d64
128 14 d64
128 15 d64
128 16 d64
128 17 d63
128 18 d63
128 19 d63
128 20 d63
128 21 d63
128 22 d63
128 23 d61
128 24 000
128 25 000
128 26 000
128 27 000
128 28 000
128 29 000
128 30 000
128 31 000
128 32 000
128 33 000
128 34 000
128 35 000
128 36 000
128 37 000
128 38 000
128 39 000
128 40 000
128 41 000
128 42 000
128 43 000
128 44 000
128 45 000
128 46 000
128 47 000
128 48 000
128 49 000
128 50 000
128 51 000
128 52 000
128 53 000
128 54 000
128 55 000
128 56 000
128 57 000
128 58 000
128 59 000
128 60 000
128 61 000
128 62 000
128 63 000
128 64 000
128 65 000
128 66 000
128 67 000
128 68 000
128 69 000
128 70 000
128 71 000
128 72 000
128 73 000
128 74 000
128 75 000
128 76 000
128 77 000
128 78 000
128 79 000
128 80 000
128 81 000
128 82 000
128 83 000
128 84 000
128 85 000
128 86 000
128 87 000
128 88 000
128 89 000
128 90 000
128 91 000
128 92 000
128 93 000
128 94 000
128 95 000
128 96 000
128 97 000
128 98 000
128 99 000
128 100 000
128 101 000
128 102 000
128 103 000
128 104 000
128 105 000
128 106 000
128 107 000
128 108 000
128 109 000
128 110 000
128 111 000
128 112 000
128 113 000
128 114 000
128 115 000
128 116 000
128 117 000
128 118 000
128 119 000
128 120 000
128 121 000
128 122 000
128 123 000
128 124 000
128 125 000
128 126 000
128 127 000
128 128 000
128 129 000
128 130 000
128 131 000
128 132 000
128 133 000
128 134 000
128 135 000
128 136 000
128 137 000
128 138 000
128 139 000
128 140 000
128 141 000
128 142 000
128 143 000
128 144 000
128 145 000
128 146 000
128 147 000
128 148 000
128 149 000
128 150 000
128 151 000
128 152 000
128 153 000
128 154 000
128 155 000
128 156 000
128 157 000
128 158 000
128 159 000
128 160 000
128 161 000
128 162 000
128 163 000
128 164 000
128 165 000
128 166 000
128 167 000
128 168 000
128 169 000
128 170 000
128 171 000
128 172 000
128 173 000
128 174 000
128 175 000
128 176 000
128 177 000
128 178 000
128 179 000
128 180 000
128 181 000
128 182 000
128 183 000
128 184 000
128 185 000
128 186 000
128 187 000
128 188 000
128 189 000
128 190 000
128 191 000
128 192 000
128 193 000
128 194 000
128 195 000
128 196 000
128 197 000
128 198 000
128 199 000
128 200 000
128 201 000
128 202 000
128 203 000
128 204 000
128 205 000
128 206 000
128 207 000
128 208 000
128 209 000
128 210 000
128 211 000
128 212 000
128 213 000
128 214 000
128 215 000
128 216 000
128 217 e25
128 218 e25
128 219 e25
128 220 e25
128 221 e25
128 222 e25
128 223 e25
128 224 e25
128 225 e25
128 226 e26
128 227 000
128 228 000
128 229 000
128 230 000
128 231 000
128 232 000
128 233 000
128 234 000
128 235 000
128 236 000
128 237 000
128 238 000
128 239 e2a
128 240 e2a
128 241 000
128 242 000
128 243 000
128 244 000
128 245 000
128 246 000
128 247 000
128 248 000
128 249 000
128 250 000
128 251 000
128 252 000
128 253 000
128 254 000
128 255 000
128 256 000
128 257 000
128 258 000
128 259 000
128 260 000
128 261 000
128 262 000
128 263 000
128 264 000
128 265 000
128 266 000
128 267 000
128 268 000
128 269 000
128 270 000
128 271 000
128 272 000
128 273 000
128 274 000
128 275 000
128 276 000
128 277 000
128 278 000
128 279 000
128 280 000
128 281 000
128 282 000
128 283 000
128 284 000
128 285 000
128 286 000
128 287 000
128 288 000
128 289 000
128 290 000
128 291 000
128 292 000
128 293 000
128 294 000
128 295 000
128 296 000
128 297 000
128 298 000
128 299 000
128 300 000
128 301 000
128 302 000
128 303 000
128 304 000
128 305 000
128 306 000
128 307 000
128 308 e26
128 309 e26
128 310 e26
128 311 e26
128 312 e26
128 313 e26
128 314 e26
128 315 e26
128 316 e26
128 317 e26
128 318 e26
128 319 e26
129 0 d64
129 1 d64
129 2 d63
129 3 d64
129 4 d66
129 5 d66
129 6 d64
129 7 d63
129 8 d64
129 9 d64
129 10 d64
129 11 d64
129 12 d63
129 13 d64
129 14 d64
129 15 d64
129 16 d64
129 17 d63
129 18 d63
129 19 d63
129 20 d63
129 21 d63
129 22 d63
129 23 d61
129 24 000
129 25 000
129 26 000
129 27 000
129 28 000
129 29 000
129 30 000
129 31 000
129 32 000
129 33 000
129 34 000
129 35 000
129 36 000
129 37 000
129 38 000
129 39 000
129 40 000
129 41 000
129 42 000
129 43 000
129 44 000
129 45 000
129 46 000
129 47 000
129 48 000
129 49 000
129 50 000
129 51 000
129 52 000
129 53 000
129 54 000
129 55 000
129 56 000
129 57 000
129 58 000
129 59 000
129 60 000
129 61 000
129 62 000
129 63 000
129 64 000
129 65 000
129 66 000
129 67 000
129 68 000
129 69 000
129 70 000
129 71 000
129 72 000
129 73 000
129 74 000
129 75 000
129 76 000
129 77 000
129 78 000
129 79 000
129 80 000
129 81 000
129 82 000
129 83 000
129 84 000
129 85 000
129 86 000
129 87 000
129 88 000
129 89 000
129 90 000
129 91 000
129 92 000
129 93 000
129 94 000
129 95 000
129 96 000
129 97 000
129 98 000
129 99 000
129 100 000
129 101 000
129 102 000
129 103 000
129 104 000
129 105 000
129 106 000
129 107 000
129 108 000
129 109 000
129 110 000
129 111 000
129 112 000
129 113 000
129 114 000
129 115 000
129 116 000
129 117 000
129 118 000
129 119 000
129 120 000
129 121 000
129 122 000
129 123 000
129 124 000
129 125 000
129 126 000
129 127 000
129 128 000
129 129 000
129 130 000
129 131 000
129 132 000
129 133 000
129 134 000
129 135 000
129 136 000
129 137 000
129 138 000
129 139 000
129 140 000
129 141 000
129 142 000
129 143 000
129 144 000
129 145 000
129 146 000
129 147 000
129 148 000
129 149 000
129 150 000
129 151 000
129 152 000
129 153 000
129 154 000
129 155 000
129 156 000
129 157 000
129 158 000
129 159 000
129 160 000
129 161 000
129 162 000
129 163 000
129 164 000
129 165 000
129 166 000
129 167 000
129 168 000
129 169 000
129 170 000
129 171 000
129 172 000
129 173 000
129 174 000
129 175 000
129 176 000
129 177 000
129 178 000
129 179 000
129 180 000
129 181 000
129 182 000
129 183 000
129 184 000
129 185 000
129 186 000
129 187 000
129 188 000
129 189 000
129 190 000
129 191 000
129 192 000
129 193 000
129 194 000
129 195 000
129 196 000
129 197 000
129 198 000
129 199 000
129 200 000
129 201 000
129 202 000
129 203 000
129 204 000
129 205 000
129 206 000
129 207 000
129 208 000
129 209 000
129 210 000
129 211 000
129 212 000
129 213 000
129 214 000
129 215 000
129 216 000
129 217 e25
129 218 e25
129 219 e25
129 220 e25
129 221 e25
129 222 e25
129 223 e26
129 224 e26
129 225 e25
129 226 e26
129 227 000
129 228 000
129 229 000
129 230 000
129 231 000
129 232 000
129 233 000
129 234 000
129 235 000
129 236 000
129 237 000
129 238 000
129 239 000
129 240 000
129 241 000
129 242 000
129 243 000
129 244 000
129 245 000
129 246 000
129 247 000
129 248 000
129 249 000
129 250 000
129 251 000
129 252 000
129 253 000
129 254 000
129 255 000
129 256 000
129 257 000
129 258 000
129 259 000
129 260 000
129 261 000
129 262 000
129 263 000
129 264 000
129 265 000
129 266 000
129 267 000
129 268 000
129 269 000
129 270 000
129 271 000
129 272 000
129 273 000
129 274 000
129 275 000
129 276 000
129 277 000
129 278 000
129 279 000
129 280 000
129 281 000
129 282 000
129 283 000
129 284 000
129 285 000
129 286 000
129 287 000
129 288 000
129 289 000
129 290 000
129 291 000
129 292 000
129 293 000
129 294 000
129 295 000
129 296 000
129 297 000
129 298 000
129 299 000
129 300 000
129 301 000
129 302 000
129 303 000
129 304 000
129 305 000
129 306 000
129 307 000
129 308 000
129 309 e26
129 310 e26
129 311 e26
129 312 e26
129 313 e26
129 314 e26
129 315 e26
129 316 e26
129 317 e26
129 318 e26
129 319 e26
130 0 d64
130 1 d64
130 2 d65
130 3 d65
130 4 d66
130 5 d66
130 6 d64
130 7 d63
130 8 d64
130 9 d64
130 10 d64
130 11 d63
130 12 d63
130 13 d64
130 14 d64
130 15 d64
130 16 d63
130 17 d64
130 18 d64
130 19 d63
130 20 d63
130 21 d63
130 22 d63
130 23 d61
130 24 000
130 25 000
130 26 000
130 27 000
130 28 000
130 29 000
130 30 000
130 31 000
130 32 000
130 33 000
130 34 000
130 35 000
130 36 000
130 37 000
130 38 000
130 39 000
130 40 000
130 41 000
130 42 000
130 43 000
130 44 000
130 45 000
130 46 000
130 47 000
130 48 000
130 49 000
130 50 000
130 51 000
130 52 000
130 53 000
130 54 000
130 55 000
130 56 000
130 57 000
130 58 000
130 59 000
130 60 000
130 61 000
130 62 000
130 63 000
130 64 000
130 65 000
130 66 000
130 67 000
130 68 000
130 69 000
130 70 000
130 71 000
130 72 000
130 73 000
130 74 000
130 75 000
130 76 000
130 77 000
130 78 000
130 79 000
130 80 000
130 81 000
130 82 000
130 83 000
130 84 000
130 85 000
130 86 000
130 87 000
130 88 000
130 89 000
130 90 000
130 91 000
130 92 000
130 93 000
130 94 000
130 95 000
130 96 000
130 97 000
130 98 000
130 99 000
130 100 000
130 101 000
130 102 000
130 103 000
130 104 000
130 105 000
130 106 000
130 107 000
130 108 000
130 109 000
130 110 000
130 111 000
130 112 000
130 113 000
130 114 000
130 115 000
130 116 000
130 117 000
130 118 000
130 119 000
130 120 000
130 121 000
130 122 000
130 123 000
130 124 000
130 125 000
130 126 000
130 127 000
130 128 000
130 129 000
130 130 000
130 131 000
130 132 000
130 133 000
130 134 000
130 135 000
130 136 000
130 137 000
130 138 000
130 139 000
130 140 000
130 141 000
130 142 000
130 143 000
130 144 000
130 145 000
130 146 000
130 147 000
130 148 000
130 149 000
130 150 000
130 151 000
130 152 000
130 153 000
130 154 000
130 155 000
130 156 000
130 157 000
130 158 000
130 159 000
130 160 000
130 161 000
130 162 000
130 163 000
130 164 000
130 165 000
130 166 000
130 167 000
130 168 000
130 169 000
130 170 000
130 171 000
130 172 000
130 173 000
130 174 000
130 175 000
130 176 000
130 177 000
130 178 000
130 179 000
130 180 000
130 181 000
130 182 000
130 183 000
130 184 000
130 185 000
130 186 000
130 187 000
130 188 000
130 189 000
130 190 000
130 191 000
130 192 000
130 193 000
130 194 000
130 195 000
130 196 000
130 197 000
130 198 000
130 199 000
130 200 000
130 201 000
130 202 000
130 203 000
130 204 000
130 205 000
130 206 000
130 207 000
130 208 000
130 209 000
130 210 000
130 211 000
130 212 000
130 213 000
130 214 000
130 215 000
130 216 000
130 217 e25
130 218 e25
130 219 e25
130 220 e26
130 221 e25
130 222 e25
130 223 e26
130 224 e25
130 225 e26
130 226 e26
130 227 000
130 228 000
130 229 000
130 230 000
130 231 000
130 232 000
130 233 000
130 234 000
130 235 000
130 236 000
130 237 000
130 238 000
130 239 000
130 240 000
130 241 000
130 242 000
130 243 000
130 244 000
130 245 000
130 246 000
130 247 000
130 248 000
130 249 000
130 250 000
130 251 000
130 252 000
130 253 000
130 254 000
130 255 000
130 256 000
130 257 000
130 258 000
130 259 000
130 260 000
130 261 000
130 262 000
130 263 000
130 264 000
130 265 000
130 266 000
130 267 000
130 268 000
130 269 000
130 270 000
130 271 000
130 272 000
130 273 000
130 274 000
130 275 000
130 276 000
130 277 000
130 278 000
130 279 000
130 280 000
130 281 000
130 282 000
130 283 000
130 284 000
130 285 000
130 286 000
130 287 000
130 288 000
130 289 000
130 290 000
130 291 000
130 292 000
130 293 000
130 294 000
130 295 000
130 296 000
130 297 e26
130 298 e26
130 299 e26
130 300 e26
130 301 e26
130 302 e26
130 303 e26
130 304 e26
130 305 e26
130 306 e26
130 307 e26
130 308 e26
130 309 e26
130 310 e26
130 311 e26
130 312 e26
130 313 e26
130 314 e26
130 315 e26
130 316 e26
130 317 e26
130 318 e26
130 319 e26
131 0 d64
131 1 d64
131 2 d65
131 3 d65
131 4 d66
131 5 d66
131 6 d64
131 7 d63
131 8 d64
131 9 d64
131 10 d64
131 11 d63
131 12 d63
131 13 d64
131 14 d64
131 15 d64
131 16 d63
131 17 d64
131 18 d64
131 19 d63
131 20 d63
131 21 d63
131 22 d63
131 23 d61
131 24 000
131 25 000
131 26 000
131 27 000
131 28 000
131 29 000
131 30 000
131 31 000
131 32 000
131 33 000
131 34 000
131 35 000
131 36 000
131 37 000
131 38 000
131 39 000
131 40 000
131 41 000
131 42 000
131 43 000
131 44 000
131 45 000
131 46 000
131 47 000
131 48 000
131 49 000
131 50 000
131 51 000
131 52 000
131 53 000
131 54 000
131 55 000
131 56 000
131 57 000
131 58 000
131 59 000
131 60 000
131 61 000
131 62 000
131 63 000
131 64 000
131 65 000
131 66 000
131 67 000
131 68 000
131 69 000
131 70 000
131 71 000
131 72 000
131 73 000
131 74 000
131 75 000
131 76 000
131 77 000
131 78 000
131 79 000
131 80 000
131 81 000
131 82 000
131 83 000
131 84 000
131 85 000
131 86 000
131 87 000
131 88 000
131 89 000
131 90 000
131 91 000
131 92 000
131 93 000
131 94 000
131 95 000
131 96 000
131 97 000
131 98 000
131 99 000
131 100 000
131 101 000
131 102 000
131 103 000
131 104 000
131 105 000
131 106 000
131 107 000
131 108 000
131 109 000
131 110 000
131 111 000
131 112 000
131 113 000
131 114 000
131 115 000
131 116 000
131 117 000
131 118 000
131 119 000
131 120 000
131 121 000
131 122 000
131 123 000
131 124 000
131 125 000
131 126 000
131 127 000
131 128 000
131 129 000
131 130 000
131 131 000
131 132 000
131 133 000
131 134 000
131 135 000
131 136 000
131 137 000
131 138 000
131 139 000
131 140 000
131 141 000
131 142 000
131 143 000
131 144 000
131 145 000
131 146 000
131 147 000
131 148 000
131 149 000
131 150 000
131 151 000
131 152 000
131 153 000
131 154 000
131 155 000
131 156 000
131 157 000
131 158 000
131 159 000
131 160 000
131 161 000
131 162 000
131 163 000
131 164 000
131 165 000
131 166 000
131 167 000
131 168 000
131 169 000
131 170 000
131 171 000
131 172 000
131 173 000
131 174 000
131 175 000
131 176 000
131 177 000
131 178 000
131 179 000
131 180 000
131 181 000
131 182 000
131 183 000
131 184 000
131 185 000
131 186 000
131 187 000
131 188 000
131 189 000
131 190 000
131 191 000
131 192 000
131 193 000
131 194 000
131 195 000
131 196 000
131 197 000
131 198 000
131 199 000
131 200 000
131 201 000
131 202 000
131 203 000
131 204 000
131 205 000
131 206 000
131 207 000
131 208 000
131 209 000
131 210 000
131 211 000
131 212 000
131 213 000
131 214 000
131 215 000
131 216 000
131 217 000
131 218 000
131 219 000
131 220 000
131 221 e22
131 222 e22
131 223 000
131 224 000
131 225 000
131 226 000
131 227 000
131 228 000
131 229 000
131 230 000
131 231 000
131 232 000
131 233 000
131 234 000
131 235 000
131 236 000
131 237 000
131 238 000
131 239 000
131 240 000
131 241 000
131 242 000
131 243 000
131 244 000
131 245 000
131 246 000
131 247 000
131 248 000
131 249 000
131 250 000
131 251 000
131 252 000
131 253 000
131 254 000
131 255 000
131 256 000
131 257 000
131 258 000
131 259 000
131 260 000
131 261 000
131 262 000
131 263 000
131 264 000
131 265 000
131 266 000
131 267 000
131 268 000
131 269 000
131 270 000
131 271 000
131 272 000
131 273 000
131 274 000
131 275 000
131 276 000
131 277 000
131 278 000
131 279 000
131 280 000
131 281 000
131 282 000
131 283 000
131 284 000
131 285 000
131 286 000
131 287 000
131 288 000
131 289 000
131 290 000
131 291 000
131 292 000
131 293 000
131 294 000
131 295 000
131 296 000
131 297 e26
131 298 e26
131 299 e26
131 300 e26
131 301 e26
131 302 e26
131 303 e26
131 304 e26
131 305 e26
131 306 e26
131 307 e26
131 308 e26
131 309 e26
131 310 e26
131 311 e26
131 312 e26
131 313 e26
131 314 e26
131 315 e26
131 316 e26
131 317 e26
131 318 e26
131 319 e26
132 0 d66
132 1 d66
132 2 d66
132 3 d65
132 4 d66
132 5 d66
132 6 d66
132 7 d6d
132 8 d66
132 9 d66
132 10 d66
132 11 d65
132 12 d64
132 13 d64
132 14 d64
132 15 d63
132 16 d64
132 17 d64
132 18 d64
132 19 d63
132 20 d63
132 21 d63
132 22 d63
132 23 d61
132 24 000
132 25 000
132 26 000
132 27 000
132 28 000
132 29 000
132 30 000
132 31 000
132 32 000
132 33 000
132 34 000
132 35 000
132 36 000
132 37 000
132 38 000
132 39 000
132 40 000
132 41 000
132 42 000
132 43 000
132 44 000
132 45 000
132 46 000
132 47 000
132 48 000
132 49 000
132 50 000
132 51 000
132 52 000
132 53 000
132 54 000
132 55 000
132 56 000
132 57 000
132 58 000
132 59 000
132 60 000
132 61 000
132 62 000
132 63 000
132 64 000
132 65 000
132 66 000
132 67 000
132 68 000
132 69 000
132 70 000
132 71 000
132 72 000
132 73 000
132 74 000
132 75 000
132 76 000
132 77 000
132 78 000
132 79 000
132 80 000
132 81 000
132 82 000
132 83 000
132 84 000
132 85 000
132 86 000
132 87 000
132 88 000
132 89 000
132 90 000
132 91 000
132 92 000
132 93 000
132 94 000
132 95 000
132 96 000
132 97 000
132 98 000
132 99 000
132 100 000
132 101 000
132 102 000
132 103 000
132 104 000
132 105 000
132 106 000
132 107 000
132 108 000
132 109 000
132 110 000
132 111 000
132 112 000
132 113 000
132 114 000
132 115 000
132 116 000
132 117 000
132 118 000
132 119 000
132 120 000
132 121 000
132 122 000
132 123 000
132 124 000
132 125 000
132 126 000
132 127 000
132 128 000
132 129 000
132 130 000
132 131 000
132 132 000
132 133 000
132 134 000
132 135 000
132 136 000
132 137 000
132 138 000
132 139 000
132 140 000
132 141 000
132 142 000
132 143 000
132 144 000
132 145 000
132 146 000
132 147 000
132 148 000
132 149 000
132 150 000
132 151 000
132 152 000
132 153 000
132 154 000
132 155 000
132 156 000
132 157 000
132 158 000
132 159 000
132 160 000
132 161 000
132 162 000
132 163 000
132 164 000
132 165 000
132 166 000
132 167 000
132 168 000
132 169 000
132 170 000
132 171 000
132 172 000
132 173 000
132 174 000
132 175 000
132 176 000
132 177 000
132 178 000
132 179 000
132 180 000
132 181 000
132 182 000
132 183 000
132 184 000
132 185 000
132 186 000
132 187 000
132 188 000
132 189 000
132 190 000
132 191 000
132 192 000
132 193 000
132 194 000
132 195 000
132 196 000
132 197 000
132 198 000
132 199 000
132 200 000
132 201 000
132 202 000
132 203 000
132 204 000
132 205 000
132 206 000
132 207 000
132 208 000
132 209 000
132 210 000
132 211 000
132 212 000
132 213 000
132 214 000
132 215 000
132 216 000
132 217 e26
132 218 e2a
132 219 e2a
132 220 e2a
132 221 e26
132 222 e26
132 223 e2a
132 224 e26
132 225 e2a
132 226 e26
132 227 000
132 228 000
132 229 000
132 230 000
132 231 000
132 232 000
132 233 000
132 234 000
132 235 000
132 236 000
132 237 000
132 238 000
132 239 000
132 240 000
132 241 000
132 242 000
132 243 000
132 244 000
132 245 000
132 246 000
132 247 000
132 248 000
132 249 000
132 250 000
132 251 000
132 252 000
132 253 000
132 254 000
132 255 000
132 256 000
132 257 000
132 258 000
132 259 000
132 260 000
132 261 000
132 262 000
132 263 000
132 264 000
132 265 000
132 266 000
132 267 000
132 268 000
132 269 000
132 270 000
132 271 000
132 272 000
132 273 000
132 274 000
132 275 000
132 276 000
132 277 000
132 278 000
132 279 000
132 280 000
132 281 000
132 282 000
132 283 000
132 284 000
132 285 000
132 286 000
132 287 000
132 288 000
132 289 000
132 290 000
132 291 000
132 292 000
132 293 000
132 294 000
132 295 000
132 296 000
132 297 e26
132 298 e26
132 299 e26
132 300 e25
132 301 e25
132 302 e25
132 303 e25
132 304 e25
132 305 e25
132 306 e25
132 307 e25
132 308 e25
132 309 e25
132 310 e25
132 311 e25
132 312 e25
132 313 e25
132 314 e25
132 315 e25
132 316 e25
132 317 e25
132 318 e25
132 319 e25
133 0 d66
133 1 d66
133 2 d66
133 3 d65
133 4 d66
133 5 d66
133 6 d6e
133 7 d6d
133 8 d6e
133 9 d66
133 10 d66
133 11 d65
133 12 d66
133 13 d66
133 14 d66
133 15 d63
133 16 d64
133 17 d64
133 18 d64
133 19 d63
133 20 d63
133 21 d63
133 22 d63
133 23 d61
133 24 000
133 25 000
133 26 000
133 27 000
133 28 000
133 29 000
133 30 000
133 31 000
133 32 000
133 33 000
133 34 000
133 35 000
133 36 000
133 37 000
133 38 000
133 39 000
133 40 000
133 41 000
133 42 000
133 43 000
133 44 000
133 45 000
133 46 000
133 47 000
133 48 000
133 49 000
133 50 000
133 51 000
133 52 000
133 53 000
133 54 000
133 55 000
133 56 000
133 57 000
133 58 000
133 59 000
133 60 000
133 61 000
133 62 000
133 63 000
133 64 000
133 65 000
133 66 000
133 67 000
133 68 000
133 69 000
133 70 000
133 71 000
133 72 000
133 73 000
133 74 000
133 75 000
133 76 000
133 77 000
133 78 000
133 79 000
133 80 000
133 81 000
133 82 000
133 83 000
133 84 000
133 85 000
133 86 000
133 87 000
133 88 000
133 89 000
133 90 000
133 91 000
133 92 000
133 93 000
133 94 000
133 95 000
133 96 000
133 97 000
133 98 000
133 99 000
133 100 000
133 101 000
133 102 000
133 103 000
133 104 000
133 105 000
133 106 000
133 107 000
133 108 000
133 109 000
133 110 000
133 111 000
133 112 000
133 113 000
133 114 000
133 115 000
133 116 000
133 117 000
133 118 000
133 119 000
133 120 000
133 121 000
133 122 000
133 123 000
133 124 000
133 125 000
133 126 000
133 127 000
133 128 000
133 129 000
133 130 000
133 131 000
133 132 000
133 133 000
133 134 000
133 135 000
133 136 000
133 137 000
133 138 000
133 139 000
133 140 000
133 141 000
133 142 000
133 143 000
133 144 000
133 145 000
133 146 000
133 147 000
133 148 000
133 149 000
133 150 000
133 151 000
133 152 000
133 153 000
133 154 000
133 155 000
133 156 000
133 157 000
133 158 000
133 159 000
133 160 000
133 161 000
133 162 000
133 163 000
133 164 000
133 165 000
133 166 000
133 167 000
133 168 000
133 169 000
133 170 000
133 171 000
133 172 000
133 173 000
133 174 000
133 175 000
133 176 000
133 177 000
133 178 000
133 179 000
133 180 000
133 181 000
133 182 000
133 183 000
133 184 000
133 185 000
133 186 000
133 187 000
133 188 000
133 189 000
133 190 000
133 191 000
133 192 000
133 193 000
133 194 000
133 195 000
133 196 000
133 197 000
133 198 000
133 199 000
133 200 000
133 201 000
133 202 000
133 203 000
133 204 000
133 205 000
133 206 000
133 207 000
133 208 000
133 209 000
133 210 000
133 211 000
133 212 000
133 213 000
133 214 000
133 215 000
133 216 000
133 217 e26
133 218 e2a
133 219 e2a
133 220 e2a
133 221 e26
133 222 e2a
133 223 e2a
133 224 e26
133 225 e2a
133 226 e26
133 227 000
133 228 000
133 229 000
133 230 000
133 231 000
133 232 000
133 233 000
133 234 000
133 235 000
133 236 000
133 237 000
133 238 000
133 239 000
133 240 000
133 241 000
133 242 000
133 243 000
133 244 000
133 245 000
133 246 000
133 247 000
133 248 000
133 249 000
133 250 000
133 251 000
133 252 000
133 253 000
133 254 000
133 255 000
133 256 000
133 257 000
133 258 000
133 259 000
133 260 000
133 261 000
133 262 000
133 263 000
133 264 000
133 265 000
133 266 000
133 267 000
133 268 000
133 269 000
133 270 000
133 271 000
133 272 000
133 273 000
133 274 000
133 275 000
133 276 000
133 277 000
133 278 000
133 279 000
133 280 000
133 281 000
133 282 000
133 283 000
133 284 000
133 285 000
133 286 000
133 287 000
133 288 000
133 289 000
133 290 000
133 291 000
133 292 000
133 293 000
133 294 000
133 295 000
133 296 000
133 297 e26
133 298 e26
133 299 e26
133 300 e25
133 301 e25
133 302 e25
133 303 e26
133 304 e26
133 305 e26
133 306 e26
133 307 e26
133 308 e26
133 309 e26
133 310 e26
133 311 e25
133 312 e25
133 313 e25
133 314 e26
133 315 e26
133 316 e26
133 317 e26
133 318 e26
133 319 e26
134 0 d66
134 1 d66
134 2 d66
134 3 d66
134 4 d6e
134 5 d6e
134 6 d6e
134 7 d6d
134 8 d6e
134 9 d6e
134 10 d6e
134 11 d6e
134 12 d66
134 13 d66
134 14 d66
134 15 d66
134 16 d66
134 17 d64
134 18 d63
134 19 d64
134 20 d63
134 21 d63
134 22 d63
134 23 d61
134 24 000
134 25 000
134 26 000
134 27 000
134 28 000
134 29 000
134 30 000
134 31 000
134 32 000
134 33 000
134 34 000
134 35 000
134 36 000
134 37 000
134 38 000
134 39 000
134 40 000
134 41 000
134 42 000
134 43 000
134 44 000
134 45 000
134 46 000
134 47 000
134 48 000
134 49 000
134 50 000
134 51 000
134 52 000
134 53 000
134 54 000
134 55 000
134 56 000
134 57 000
134 58 000
134 59 000
134 60 000
134 61 000
134 62 000
134 63 000
134 64 000
134 65 000
134 66 000
134 67 000
134 68 000
134 69 000
134 70 000
134 71 000
134 72 000
134 73 000
134 74 000
134 75 000
134 76 000
134 77 000
134 78 000
134 79 000
134 80 000
134 81 000
134 82 000
134 83 000
134 84 000
134 85 000
134 86 000
134 87 000
134 88 000
134 89 000
134 90 000
134 91 000
134 92 000
134 93 000
134 94 000
134 95 000
134 96 000
134 97 000
134 98 000
134 99 000
134 100 000
134 101 000
134 102 000
134 103 000
134 104 000
134 105 000
134 106 000
134 107 000
134 108 000
134 109 000
134 110 000
134 111 000
134 112 000
134 113 000
134 114 000
134 115 000
134 116 000
134 117 000
134 118 000
134 119 000
134 120 000
134 121 000
134 122 000
134 123 000
134 124 000
134 125 000
134 126 000
134 127 000
134 128 000
134 129 000
134 130 000
134 131 000
134 132 000
134 133 000
134 134 000
134 135 000
134 136 000
134 137 000
134 138 000
134 139 000
134 140 000
134 141 000
134 142 000
134 143 000
134 144 000
134 145 000
134 146 000
134 147 000
134 148 000
134 149 000
134 150 000
134 151 000
134 152 000
134 153 000
134 154 000
134 155 000
134 156 000
134 157 000
134 158 000
134 159 000
134 160 000
134 161 000
134 162 000
134 163 000
134 164 000
134 165 000
134 166 000
134 167 000
134 168 000
134 169 000
134 170 000
134 171 000
134 172 000
134 173 000
134 174 000
134 175 000
134 176 000
134 177 000
134 178 000
134 179 000
134 180 000
134 181 000
134 182 000
134 183 000
134 184 000
134 185 000
134 186 000
134 187 000
134 188 000
134 189 000
134 190 000
134 191 000
134 192 000
134 193 000
134 194 000
134 195 000
134 196 000
134 197 000
134 198 000
134 199 000
134 200 000
134 201 000
134 202 000
134 203 000
134 204 000
134 205 000
134 206 000
134 207 000
134 208 000
134 209 000
134 210 000
134 211 000
134 212 000
134 213 000
134 214 000
134 215 000
134 216 000
134 217 000
134 218 000
134 219 000
134 220 000
134 221 e22
134 222 e22
134 223 000
134 224 000
134 225 000
134 226 000
134 227 000
134 228 000
134 229 000
134 230 000
134 231 000
134 232 000
134 233 000
134 234 000
134 235 000
134 236 000
134 237 000
134 238 000
134 239 000
134 240 000
134 241 000
134 242 000
134 243 000
134 244 000
134 245 000
134 246 000
134 247 000
134 248 000
134 249 000
134 250 000
134 251 000
134 252 000
134 253 000
134 254 000
134 255 000
134 256 000
134 257 000
134 258 000
134 259 000
134 260 000
134 261 000
134 262 000
134 263 000
134 264 000
134 265 000
134 266 000
134 267 000
134 268 000
134 269 000
134 270 000
134 271 000
134 272 000
134 273 000
134 274 000
134 275 000
134 276 000
134 277 000
134 278 000
134 279 000
134 280 000
134 281 000
134 282 000
134 283 000
134 284 000
134 285 000
134 286 000
134 287 000
134 288 000
134 289 000
134 290 000
134 291 000
134 292 000
134 293 000
134 294 000
134 295 000
134 296 000
134 297 e26
134 298 e26
134 299 e26
134 300 e25
134 301 e25
134 302 e25
134 303 e26
134 304 e26
134 305 e26
134 306 e26
134 307 e26
134 308 e26
134 309 e26
134 310 e26
134 311 e26
134 312 e25
134 313 e25
134 314 e25
134 315 e26
134 316 e26
134 317 e26
134 318 e26
134 319 e26
135 0 d65
135 1 d66
135 2 d6e
135 3 d6e
135 4 d6e
135 5 d6e
135 6 d6e
135 7 d6d
135 8 d6e
135 9 d6e
135 10 d6e
135 11 d6e
135 12 d6e
135 13 d66
135 14 d65
135 15 d66
135 16 d66
135 17 d63
135 18 d64
135 19 d64
135 20 d63
135 21 d63
135 22 d63
135 23 d61
135 24 000
135 25 000
135 26 000
135 27 000
135 28 000
135 29 000
135 30 000
135 31 000
135 32 000
135 33 000
135 34 000
135 35 000
135 36 000
135 37 000
135 38 000
135 39 000
135 40 000
135 41 000
135 42 000
135 43 000
135 44 000
135 45 000
135 46 000
135 47 000
135 48 000
135 49 000
135 50 000
135 51 000
135 52 000
135 53 000
135 54 000
135 55 000
135 56 000
135 57 000
135 58 000
135 59 000
135 60 000
135 61 000
135 62 000
135 63 000
135 64 000
135 65 000
135 66 000
135 67 000
135 68 000
135 69 000
135 70 000
135 71 000
135 72 000
135 73 000
135 74 000
135 75 000
135 76 000
135 77 000
135 78 000
135 79 000
135 80 000
135 81 000
135 82 000
135 83 000
135 84 000
135 85 000
135 86 000
135 87 000
135 88 000
135 89 000
135 90 000
135 91 000
135 92 000
135 93 000
135 94 000
135 95 000
135 96 000
135 97 000
135 98 000
135 99 000
135 100 000
135 101 000
135 102 000
135 103 000
135 104 000
135 105 000
135 106 000
135 107 000
135 108 000
135 109 000
135 110 000
135 111 000
135 112 000
135 113 000
135 114 000
135 115 000
135 116 000
135 117 000
135 118 000
135 119 000
135 120 000
135 121 000
135 122 000
135 123 000
135 124 000
135 125 000
135 126 000
135 127 000
135 128 000
135 129 000
135 130 000
135 131 000
135 132 000
135 133 000
135 134 000
135 135 000
135 136 000
135 137 000
135 138 000
135 139 000
135 140 000
135 141 000
135 142 000
135 143 000
135 144 000
135 145 000
135 146 000
135 147 000
135 148 000
135 149 000
135 150 000
135 151 000
135 152 000
135 153 000
135 154 000
135 155 000
135 156 000
135 157 000
135 158 000
135 159 000
135 160 000
135 161 000
135 162 000
135 163 000
135 164 000
135 165 000
135 166 000
135 167 000
135 168 000
135 169 000
135 170 000
135 171 000
135 172 000
135 173 000
135 174 000
135 175 000
135 176 000
135 177 000
135 178 000
135 179 000
135 180 000
135 181 000
135 182 000
135 183 000
135 184 000
135 185 000
135 186 000
135 187 000
135 188 000
135 189 000
135 190 000
135 191 000
135 192 000
135 193 000
135 194 000
135 195 000
135 196 000
135 197 000
135 198 000
135 199 000
135 200 000
135 201 000
135 202 000
135 203 000
135 204 000
135 205 000
135 206 000
135 207 000
135 208 000
135 209 000
135 210 000
135 211 000
135 212 000
135 213 000
135 214 000
135 215 000
135 216 000
135 217 000
135 218 000
135 219 000
135 220 000
135 221 e27
135 222 e21
135 223 000
135 224 000
135 225 000
135 226 000
135 227 000
135 228 000
135 229 000
135 230 000
135 231 000
135 232 000
135 233 000
135 234 000
135 235 000
135 236 000
135 237 000
135 238 000
135 239 000
135 240 000
135 241 000
135 242 000
135 243 000
135 244 000
135 245 000
135 246 000
135 247 000
135 248 000
135 249 000
135 250 000
135 251 000
135 252 000
135 253 000
135 254 000
135 255 000
135 256 000
135 257 000
135 258 000
135 259 000
135 260 000
135 261 000
135 262 000
135 263 000
135 264 000
135 265 000
135 266 000
135 267 000
135 268 000
135 269 000
135 270 000
135 271 000
135 272 000
135 273 000
135 274 000
135 275 000
135 276 000
135 277 000
135 278 000
135 279 000
135 280 000
135 281 000
135 282 000
135 283 000
135 284 000
135 285 000
135 286 000
135 287 000
135 288 000
135 289 000
135 290 000
135 291 000
135 292 000
135 293 000
135 294 000
135 295 000
135 296 000
135 297 e26
135 298 e26
135 299 e26
135 300 e25
135 301 e25
135 302 e25
135 303 e25
135 304 e26
135 305 e26
135 306 e26
135 307 e26
135 308 e25
135 309 e26
135 310 e26
135 311 e26
135 312 e26
135 313 e25
135 314 e25
135 315 e25
135 316 e26
135 317 e26
135 318 e26
135 319 e26
136 0 d65
136 1 d6e
136 2 d6e
136 3 d6e
136 4 d6e
136 5 d6e
136 6 d6e
136 7 d6d
136 8 d6e
136 9 d6e
136 10 d6e
136 11 d6e
136 12 d6e
136 13 d6e
136 14 d6d
136 15 d66
136 16 d66
136 17 d63
136 18 d64
136 19 d64
136 20 d63
136 21 d63
136 22 d63
136 23 d61
136 24 000
136 25 000
136 26 000
136 27 000
136 28 000
136 29 000
136 30 000
136 31 000
136 32 000
136 33 000
136 34 000
136 35 000
136 36 000
136 37 000
136 38 000
136 39 000
136 40 000
136 41 000
136 42 000
136 43 000
136 44 000
136 45 000
136 46 000
136 47 000
136 48 000
136 49 000
136 50 000
136 51 000
136 52 000
136 53 000
136 54 000
136 55 000
136 56 000
136 57 000
136 58 000
136 59 000
136 60 000
136 61 000
136 62 000
136 63 000
136 64 000
136 65 000
136 66 000
136 67 000
136 68 000
136 69 000
136 70 000
136 71 000
136 72 000
136 73 000
136 74 000
136 75 000
136 76 000
136 77 000
136 78 000
136 79 000
136 80 000
136 81 000
136 82 000
136 83 000
136 84 000
136 85 000
136 86 000
136 87 000
136 88 000
136 89 000
136 90 000
136 91 000
136 92 000
136 93 000
136 94 000
136 95 000
136 96 000
136 97 000
136 98 000
136 99 000
136 100 000
136 101 000
136 102 000
136 103 000
136 104 000
136 105 000
136 106 000
136 107 000
136 108 000
136 109 000
136 110 000
136 111 000
136 112 000
136 113 000
136 114 000
136 115 000
136 116 000
136 117 000
136 118 000
136 119 000
136 120 000
136 121 000
136 122 000
136 123 000
136 124 000
136 125 000
136 126 000
136 127 000
136 128 000
136 129 000
136 130 000
136 131 000
136 132 000
136 133 000
136 134 000
136 135 000
136 136 000
136 137 000
136 138 000
136 139 000
136 140 000
136 141 000
136 142 000
136 143 000
136 144 000
136 145 000
136 146 000
136 147 000
136 148 000
136 149 000
136 150 000
136 151 000
136 152 000
136 153 000
136 154 000
136 155 000
136 156 000
136 157 000
136 158 000
136 159 000
136 160 000
136 161 000
136 162 000
136 163 000
136 164 000
136 165 000
136 166 000
136 167 000
136 168 000
136 169 000
136 170 000
136 171 000
136 172 000
136 173 000
136 174 000
136 175 000
136 176 000
136 177 000
136 178 000
136 179 000
136 180 000
136 181 000
136 182 000
136 183 000
136 184 000
136 185 000
136 186 000
136 187 000
136 188 000
136 189 000
136 190 000
136 191 000
136 192 000
136 193 000
136 194 000
136 195 000
136 196 000
136 197 000
136 198 000
136 199 000
136 200 000
136 201 000
136 202 000
136 203 000
136 204 000
136 205 000
136 206 000
136 207 000
136 208 000
136 209 000
136 210 000
136 211 000
136 212 000
136 213 000
136 214 000
136 215 000
136 216 000
136 217 000
136 218 000
136 219 000
136 220 000
136 221 e27
136 222 e21
136 223 000
136 224 000
136 225 000
136 226 000
136 227 000
136 228 000
136 229 000
136 230 000
136 231 000
136 232 000
136 233 000
136 234 000
136 235 000
136 236 000
136 237 000
136 238 000
136 239 000
136 240 000
136 241 000
136 242 000
136 243 000
136 244 000
136 245 000
136 246 000
136 247 000
136 248 000
136 249 000
136 250 000
136 251 000
136 252 000
136 253 000
136 254 000
136 255 000
136 256 000
136 257 000
136 258 000
136 259 000
136 260 000
136 261 000
136 262 000
136 263 000
136 264 000
136 265 000
136 266 000
136 267 000
136 268 000
136 269 000
136 270 000
136 271 000
136 272 000
136 273 000
136 274 000
136 275 000
136 276 000
136 277 000
136 278 000
136 279 000
136 280 000
136 281 000
136 282 000
136 283 000
136 284 000
136 285 000
136 286 000
136 287 000
136 288 000
136 289 000
136 290 000
136 291 000
136 292 000
136 293 000
136 294 000
136 295 000
136 296 000
136 297 e26
136 298 e26
136 299 e26
136 300 e25
136 301 e25
136 302 e25
136 303 e25
136 304 e26
136 305 e26
136 306 e26
136 307 e26
136 308 e25
136 309 e26
136 310 e26
136 311 e26
136 312 e26
136 313 e25
136 314 e25
136 315 e25
136 316 e26
136 317 e26
136 318 e26
136 319 e26
137 0 d6e
137 1 d6d
137 2 d6e
137 3 d6e
137 4 d6d
137 5 d6e
137 6 d6e
137 7 d6d
137 8 d6e
137 9 d6e
137 10 d6d
137 11 d6e
137 12 d6e
137 13 d6d
137 14 d6e
137 15 d6e
137 16 d6d
137 17 d66
137 18 d64
137 19 d63
137 20 d63
137 21 d63
137 22 d63
137 23 d61
137 24 000
137 25 000
137 26 000
137 27 000
137 28 000
137 29 000
137 30 000
137 31 000
137 32 000
137 33 000
137 34 000
137 35 000
137 36 000
137 37 000
137 38 000
137 39 000
137 40 000
137 41 000
137 42 000
137 43 000
137 44 000
137 45 000
137 46 000
137 47 000
137 48 000
137 49 000
137 50 000
137 51 000
137 52 000
137 53 000
137 54 000
137 55 000
137 56 000
137 57 000
137 58 000
137 59 000
137 60 000
137 61 000
137 62 000
137 63 000
137 64 000
137 65 000
137 66 000
137 67 000
137 68 000
137 69 000
137 70 000
137 71 000
137 72 000
137 73 000
137 74 000
137 75 000
137 76 000
137 77 000
137 78 000
137 79 000
137 80 000
137 81 000
137 82 000
137 83 000
137 84 000
137 85 000
137 86 000
137 87 000
137 88 000
137 89 000
137 90 000
137 91 000
137 92 000
137 93 000
137 94 000
137 95 000
137 96 000
137 97 000
137 98 000
137 99 000
137 100 000
137 101 000
137 102 000
137 103 000
137 104 000
137 105 000
137 106 000
137 107 000
137 108 000
137 109 000
137 110 000
137 111 000
137 112 000
137 113 000
137 114 000
137 115 000
137 116 000
137 117 000
137 118 000
137 119 000
137 120 000
137 121 000
137 122 000
137 123 000
137 124 000
137 125 000
137 126 000
137 127 000
137 128 000
137 129 000
137 130 000
137 131 000
137 132 000
137 133 000
137 134 000
137 135 000
137 136 000
137 137 000
137 138 000
137 139 000
137 140 000
137 141 000
137 142 000
137 143 000
137 144 000
137 145 000
137 146 000
137 147 000
137 148 000
137 149 000
137 150 000
137 151 000
137 152 000
137 153 000
137 154 000
137 155 000
137 156 000
137 157 000
137 158 000
137 159 000
137 160 000
137 161 000
137 162 000
137 163 000
137 164 000
137 165 000
137 166 000
137 167 000
137 168 000
137 169 000
137 170 000
137 171 000
137 172 000
137 173 000
137 174 000
137 175 000
137 176 000
137 177 000
137 178 000
137 179 000
137 180 000
137 181 000
137 182 000
137 183 000
137 184 000
137 185 000
137 186 000
137 187 000
137 188 000
137 189 000
137 190 000
137 191 000
137 192 000
137 193 000
137 194 000
137 195 000
137 196 000
137 197 000
137 198 000
137 199 000
137 200 000
137 201 000
137 202 000
137 203 000
137 204 000
137 205 000
137 206 000
137 207 000
137 208 000
137 209 000
137 210 000
137 211 000
137 212 000
137 213 000
137 214 000
137 215 000
137 216 000
137 217 000
137 218 000
137 219 000
137 220 000
137 221 e27
137 222 e21
137 223 000
137 224 000
137 225 000
137 226 000
137 227 000
137 228 000
137 229 000
137 230 000
137 231 000
137 232 000
137 233 000
137 234 000
137 235 000
137 236 000
137 237 000
137 238 000
137 239 000
137 240 000
137 241 000
137 242 000
137 243 000
137 244 000
137 245 000
137 246 000
137 247 000
137 248 000
137 249 000
137 250 000
137 251 000
137 252 000
137 253 000
137 254 000
137 255 000
137 256 000
137 257 000
137 258 000
137 259 000
137 260 000
137 261 000
137 262 000
137 263 000
137 264 000
137 265 000
137 266 000
137 267 000
137 268 000
137 269 000
137 270 000
137 271 000
137 272 000
137 273 000
137 274 000
137 275 000
137 276 000
137 277 000
137 278 000
137 279 000
137 280 000
137 281 000
137 282 000
137 283 000
137 284 000
137 285 000
137 286 000
137 287 000
137 288 000
137 289 000
137 290 000
137 291 000
137 292 000
137 293 000
137 294 000
137 295 000
137 296 000
137 297 e26
137 298 e26
137 299 e26
137 300 e25
137 301 e25
137 302 e25
137 303 e25
137 304 e26
137 305 e26
137 306 e26
137 307 e26
137 308 e25
137 309 e26
137 310 e26
137 311 e26
137 312 e26
137 313 e25
137 314 e25
137 315 e25
137 316 e26
137 317 e26
137 318 e26
137 319 e26
138 0 d6e
138 1 d6e
138 2 d6e
138 3 d6e
138 4 d6d
138 5 d6e
138 6 d6e
138 7 d6d
138 8 d6e
138 9 d6e
138 10 d6d
138 11 d6e
138 12 d6e
138 13 d6e
138 14 d6e
138 15 d6e
138 16 d6d
138 17 d6e
138 18 d67
138 19 d63
138 20 d63
138 21 d63
138 22 d63
138 23 d61
138 24 000
138 25 000
138 26 000
138 27 000
138 28 000
138 29 000
138 30 000
138 31 000
138 32 000
138 33 000
138 34 000
138 35 000
138 36 000
138 37 000
138 38 000
138 39 000
138 40 000
138 41 000
138 42 000
138 43 000
138 44 000
138 45 000
138 46 000
138 47 000
138 48 000
138 49 000
138 50 000
138 51 000
138 52 000
138 53 000
138 54 000
138 55 000
138 56 000
138 57 000
138 58 000
138 59 000
138 60 000
138 61 000
138 62 000
138 63 000
138 64 000
138 65 000
138 66 000
138 67 000
138 68 000
138 69 000
138 70 000
138 71 000
138 72 000
138 73 000
138 74 000
138 75 000
138 76 000
138 77 000
138 78 000
138 79 000
138 80 000
138 81 000
138 82 000
138 83 000
138 84 000
138 85 000
138 86 000
138 87 000
138 88 000
138 89 000
138 90 000
138 91 000
138 92 000
138 93 000
138 94 000
138 95 000
138 96 000
138 97 000
138 98 000
138 99 000
138 100 000
138 101 000
138 102 000
138 103 000
138 104 000
138 105 000
138 106 000
138 107 000
138 108 000
138 109 000
138 110 000
138 111 000
138 112 000
138 113 000
138 114 000
138 115 000
138 116 000
138 117 000
138 118 000
138 119 000
138 120 000
138 121 000
138 122 000
138 123 000
138 124 000
138 125 000
138 126 000
138 127 000
138 128 000
138 129 000
138 130 000
138 131 000
138 132 000
138 133 000
138 134 000
138 135 000
138 136 000
138 137 000
138 138 000
138 139 000
138 140 000
138 141 000
138 142 000
138 143 000
138 144 000
138 145 000
138 146 000
138 147 000
138 148 000
138 149 000
138 150 000
138 151 000
138 152 000
138 153 000
138 154 000
138 155 000
138 156 000
138 157 000
138 158 000
138 159 000
138 160 000
138 161 000
138 162 000
138 163 000
138 164 000
138 165 000
138 166 000
138 167 000
138 168 000
138 169 000
138 170 000
138 171 000
138 172 000
138 173 000
138 174 000
138 175 000
138 176 000
138 177 000
138 178 000
138 179 000
138 180 000
138 181 000
138 182 000
138 183 000
138 184 000
138 185 000
138 186 000
138 187 000
138 188 000
138 189 000
138 190 000
138 191 000
138 192 000
138 193 000
138 194 000
138 195 000
138 196 000
138 197 000
138 198 000
138 199 000
138 200 000
138 201 000
138 202 000
138 203 000
138 204 000
138 205 000
138 206 000
138 207 000
138 208 000
138 209 000
138 210 000
138 211 000
138 212 000
138 213 000
138 214 000
138 215 000
138 216 000
138 217 000
138 218 000
138 219 000
138 220 000
138 221 e27
138 222 e21
138 223 000
138 224 000
138 225 000
138 226 000
138 227 000
138 228 000
138 229 000
138 230 000
138 231 000
138 232 000
138 233 000
138 234 000
138 235 000
138 236 000
138 237 000
138 238 000
138 239 000
138 240 000
138 241 000
138 242 000
138 243 000
138 244 000
138 245 000
138 246 000
138 247 000
138 248 000
138 249 000
138 250 000
138 251 000
138 252 000
138 253 000
138 254 000
138 255 000
138 256 000
138 257 000
138 258 000
138 259 000
138 260 000
138 261 000
138 262 000
138 263 000
138 264 000
138 265 000
138 266 000
138 267 000
138 268 000
138 269 000
138 270 000
138 271 000
138 272 000
138 273 000
138 274 000
138 275 000
138 276 000
138 277 000
138 278 000
138 279 000
138 280 000
138 281 000
138 282 000
138 283 000
138 284 000
138 285 000
138 286 000
138 287 000
138 288 000
138 289 000
138 290 000
138 291 000
138 292 000
138 293 000
138 294 000
138 295 000
138 296 000
138 297 e26
138 298 e26
138 299 e26
138 300 e25
138 301 e25
138 302 e25
138 303 e25
138 304 e26
138 305 e26
138 306 e26
138 307 e26
138 308 e25
138 309 e26
138 310 e26
138 311 e26
138 312 e26
138 313 e25
138 314 e25
138 315 e25
138 316 e26
138 317 e26
138 318 e26
138 319 e26
139 0 d6e
139 1 d6e
139 2 d6e
139 3 d6e
139 4 d6d
139 5 d6e
139 6 d6e
139 7 d6d
139 8 d6e
139 9 d6e
139 10 d6d
139 11 d6e
139 12 d6e
139 13 d6e
139 14 d6e
139 15 d6e
139 16 d6e
139 17 d6e
139 18 d6d
139 19 d68
139 20 d68
139 21 d63
139 22 d63
139 23 d61
139 24 000
139 25 000
139 26 000
139 27 000
139 28 000
139 29 000
139 30 000
139 31 000
139 32 000
139 33 000
139 34 000
139 35 000
139 36 000
139 37 000
139 38 000
139 39 000
139 40 000
139 41 000
139 42 000
139 43 000
139 44 000
139 45 000
139 46 000
139 47 000
139 48 000
139 49 000
139 50 000
139 51 000
139 52 000
139 53 000
139 54 000
139 55 000
139 56 000
139 57 000
139 58 000
139 59 000
139 60 000
139 61 000
139 62 000
139 63 000
139 64 000
139 65 000
139 66 000
139 67 000
139 68 000
139 69 000
139 70 000
139 71 000
139 72 000
139 73 000
139 74 000
139 75 000
139 76 000
139 77 000
139 78 000
139 79 000
139 80 000
139 81 000
139 82 000
139 83 000
139 84 000
139 85 000
139 86 000
139 87 000
139 88 000
139 89 000
139 90 000
139 91 000
139 92 000
139 93 000
139 94 000
139 95 000
139 96 000
139 97 000
139 98 000
139 99 000
139 100 000
139 101 000
139 102 000
139 103 000
139 104 000
139 105 000
139 106 000
139 107 000
139 108 000
139 109 000
139 110 000
139 111 000
139 112 000
139 113 000
139 114 000
139 115 000
139 116 000
139 117 000
139 118 000
139 119 000
139 120 000
139 121 000
139 122 000
139 123 000
139 124 000
139 125 000
139 126 000
139 127 000
139 128 000
139 129 000
139 130 000
139 131 000
139 132 000
139 133 000
139 134 000
139 135 000
139 136 000
139 137 000
139 138 000
139 139 000
139 140 000
139 141 000
139 142 000
139 143 000
139 144 000
139 145 000
139 146 000
139 147 000
139 148 000
139 149 000
139 150 000
139 151 000
139 152 000
139 153 000
139 154 000
139 155 000
139 156 000
139 157 000
139 158 000
139 159 000
139 160 000
139 161 000
139 162 000
139 163 000
139 164 000
139 165 000
139 166 000
139 167 000
139 168 000
139 169 000
139 170 000
139 171 000
139 172 000
139 173 000
139 174 000
139 175 000
139 176 000
139 177 000
139 178 000
139 179 000
139 180 000
139 181 000
139 182 000
139 183 000
139 184 000
139 185 000
139 186 000
139 187 000
139 188 000
139 189 000
139 190 000
139 191 000
139 192 000
139 193 000
139 194 000
139 195 000
139 196 000
139 197 000
139 198 000
139 199 000
139 200 000
139 201 000
139 202 000
139 203 000
139 204 000
139 205 000
139 206 000
139 207 000
139 208 000
139 209 000
139 210 000
139 211 000
139 212 000
139 213 000
139 214 000
139 215 000
139 216 000
139 217 000
139 218 000
139 219 000
139 220 000
139 221 e27
139 222 e21
139 223 000
139 224 000
139 225 000
139 226 000
139 227 000
139 228 000
139 229 000
139 230 000
139 231 000
139 232 000
139 233 000
139 234 000
139 235 000
139 236 000
139 237 000
139 238 000
139 239 000
139 240 000
139 241 000
139 242 000
139 243 000
139 244 000
139 245 000
139 246 000
139 247 000
139 248 000
139 249 000
139 250 000
139 251 000
139 252 000
139 253 000
139 254 000
139 255 000
139 256 000
139 257 000
139 258 000
139 259 000
139 260 000
139 261 000
139 262 000
139 263 000
139 264 000
139 265 000
139 266 000
139 267 000
139 268 000
139 269 000
139 270 000
139 271 000
139 272 000
139 273 000
139 274 000
139 275 000
139 276 000
139 277 000
139 278 000
139 279 000
139 280 000
139 281 000
139 282 000
139 283 000
139 284 000
139 285 000
139 286 000
139 287 000
139 288 000
139 289 000
139 290 000
139 291 000
139 292 000
139 293 000
139 294 000
139 295 000
139 296 000
139 297 e26
139 298 e26
139 299 e26
139 300 e25
139 301 e25
139 302 e25
139 303 e25
139 304 e26
139 305 e26
139 306 e26
139 307 e26
139 308 e26
139 309 e26
139 310 e26
139 311 e26
139 312 e25
139 313 e25
139 314 e25
139 315 e25
139 316 e26
139 317 e26
139 318 e26
139 319 e26
140 0 d6e
140 1 d6e
140 2 d6d
140 3 d6e
140 4 d6e
140 5 d6e
140 6 d6e
140 7 d6d
140 8 d6e
140 9 d6e
140 10 d6e
140 11 d6e
140 12 d6d
140 13 d6e
140 14 d6e
140 15 d6e
140 16 d6e
140 17 d6d
140 18 d6d
140 19 d68
140 20 d68
140 21 d68
140 22 d68
140 23 d61
140 24 000
140 25 000
140 26 000
140 27 000
140 28 000
140 29 000
140 30 000
140 31 000
140 32 000
140 33 000
140 34 000
140 35 000
140 36 000
140 37 000
140 38 000
140 39 000
140 40 000
140 41 000
140 42 000
140 43 000
140 44 000
140 45 000
140 46 000
140 47 000
140 48 000
140 49 000
140 50 000
140 51 000
140 52 000
140 53 000
140 54 000
140 55 000
140 56 000
140 57 000
140 58 000
140 59 000
140 60 000
140 61 000
140 62 000
140 63 000
140 64 000
140 65 000
140 66 000
140 67 000
140 68 000
140 69 000
140 70 000
140 71 000
140 72 000
140 73 000
140 74 000
140 75 000
140 76 000
140 77 000
140 78 000
140 79 000
140 80 000
140 81 000
140 82 000
140 83 000
140 84 000
140 85 000
140 86 000
140 87 000
140 88 000
140 89 000
140 90 000
140 91 000
140 92 000
140 93 000
140 94 000
140 95 000
140 96 000
140 97 000
140 98 000
140 99 000
140 100 000
140 101 000
140 102 000
140 103 000
140 104 000
140 105 000
140 106 000
140 107 000
140 108 000
140 109 000
140 110 000
140 111 000
140 112 000
140 113 000
140 114 000
140 115 000
140 116 000
140 117 000
140 118 000
140 119 000
140 120 000
140 121 000
140 122 000
140 123 000
140 124 000
140 125 000
140 126 000
140 127 000
140 128 000
140 129 000
140 130 000
140 131 000
140 132 000
140 133 000
140 134 000
140 135 000
140 136 000
140 137 000
140 138 000
140 139 000
140 140 000
140 141 000
140 142 000
140 143 000
140 144 000
140 145 000
140 146 000
140 147 000
140 148 000
140 149 000
140 150 000
140 151 000
140 152 000
140 153 000
140 154 000
140 155 000
140 156 000
140 157 000
140 158 000
140 159 000
140 160 000
140 161 000
140 162 000
140 163 000
140 164 000
140 165 000
140 166 000
140 167 000
140 168 000
140 169 000
140 170 000
140 171 000
140 172 000
140 173 000
140 174 000
140 175 000
140 176 000
140 177 000
140 178 000
140 179 000
140 180 000
140 181 000
140 182 000
140 183 000
140 184 000
140 185 000
140 186 000
140 187 000
140 188 000
140 189 000
140 190 000
140 191 000
140 192 000
140 193 000
140 194 000
140 195 000
140 196 000
140 197 000
140 198 000
140 199 000
140 200 000
140 201 000
140 202 000
140 203 000
140 204 000
140 205 000
140 206 000
140 207 000
140 208 000
140 209 000
140 210 000
140 211 000
140 212 000
140 213 000
140 214 000
140 215 000
140 216 000
140 217 000
140 218 000
140 219 000
140 220 000
140 221 e27
140 222 e21
140 223 000
140 224 000
140 225 000
140 226 000
140 227 000
140 228 000
140 229 000
140 230 000
140 231 000
140 232 000
140 233 000
140 234 000
140 235 000
140 236 000
140 237 000
140 238 000
140 239 000
140 240 000
140 241 000
140 242 000
140 243 000
140 244 000
140 245 000
140 246 000
140 247 000
140 248 000
140 249 000
140 250 000
140 251 000
140 252 000
140 253 000
140 254 000
140 255 000
140 256 000
140 257 000
140 258 000
140 259 000
140 260 000
140 261 000
140 262 000
140 263 000
140 264 000
140 265 000
140 266 000
140 267 000
140 268 000
140 269 000
140 270 000
140 271 000
140 272 000
140 273 000
140 274 000
140 275 000
140 276 000
140 277 000
140 278 000
140 279 000
140 280 000
140 281 000
140 282 000
140 283 000
140 284 000
140 285 000
140 286 000
140 287 000
140 288 000
140 289 000
140 290 000
140 291 000
140 292 000
140 293 000
140 294 000
140 295 000
140 296 000
140 297 e26
140 298 e26
140 299 e26
140 300 e25
140 301 e25
140 302 e25
140 303 e25
140 304 e26
140 305 e26
140 306 e26
140 307 e26
140 308 e26
140 309 e26
140 310 e26
140 311 e26
140 312 e25
140 313 e25
140 314 e25
140 315 e25
140 316 e26
140 317 e26
140 318 e26
140 319 e26
141 0 d67
141 1 d67
141 2 d6e
141 3 d6e
141 4 d6e
141 5 d6d
141 6 d67
141 7 d68
141 8 d67
141 9 d68
141 10 d67
141 11 d6e
141 12 d6e
141 13 d6e
141 14 d6e
141 15 d6e
141 16 d6d
141 17 d6d
141 18 d6d
141 19 d68
141 20 d68
141 21 d68
141 22 d68
141 23 d61
141 24 000
141 25 000
141 26 000
141 27 000
141 28 000
141 29 000
141 30 000
141 31 000
141 32 000
141 33 000
141 34 000
141 35 000
141 36 000
141 37 000
141 38 000
141 39 000
141 40 000
141 41 000
141 42 000
141 43 000
141 44 000
141 45 000
141 46 000
141 47 000
141 48 000
141 49 000
141 50 000
141 51 000
141 52 000
141 53 000
141 54 000
141 55 000
141 56 000
141 57 000
141 58 000
141 59 000
141 60 000
141 61 000
141 62 000
141 63 000
141 64 000
141 65 000
141 66 000
141 67 000
141 68 000
141 69 000
141 70 000
141 71 000
141 72 000
141 73 000
141 74 000
141 75 000
141 76 000
141 77 000
141 78 000
141 79 000
141 80 000
141 81 000
141 82 000
141 83 000
141 84 000
141 85 000
141 86 000
141 87 000
141 88 000
141 89 000
141 90 000
141 91 000
141 92 000
141 93 000
141 94 000
141 95 000
141 96 000
141 97 000
141 98 000
141 99 000
141 100 000
141 101 000
141 102 000
141 103 000
141 104 000
141 105 000
141 106 000
141 107 000
141 108 000
141 109 000
141 110 000
141 111 000
141 112 000
141 113 000
141 114 000
141 115 000
141 116 000
141 117 000
141 118 000
141 119 000
141 120 000
141 121 000
141 122 000
141 123 000
141 124 000
141 125 000
141 126 000
141 127 000
141 128 000
141 129 000
141 130 000
141 131 000
141 132 000
141 133 000
141 134 000
141 135 000
141 136 000
141 137 000
141 138 000
141 139 000
141 140 000
141 141 000
141 142 000
141 143 000
141 144 000
141 145 000
141 146 000
141 147 000
141 148 000
141 149 000
141 150 000
141 151 000
141 152 000
141 153 000
141 154 000
141 155 000
141 156 000
141 157 000
141 158 000
141 159 000
141 160 000
141 161 000
141 162 000
141 163 000
141 164 000
141 165 000
141 166 000
141 167 000
141 168 000
141 169 000
141 170 000
141 171 000
141 172 000
141 173 000
141 174 000
141 175 000
141 176 000
141 177 000
141 178 000
141 179 000
141 180 000
141 181 000
141 182 000
141 183 000
141 184 000
141 185 000
141 186 000
141 187 000
141 188 000
141 189 000
141 190 000
141 191 000
141 192 000
141 193 000
141 194 000
141 195 000
141 196 000
141 197 000
141 198 000
141 199 000
141 200 000
141 201 000
141 202 000
141 203 000
141 204 000
141 205 000
141 206 000
141 207 000
141 208 000
141 209 000
141 210 000
141 211 000
141 212 000
141 213 000
141 214 000
141 215 000
141 216 000
141 217 000
141 218 000
141 219 000
141 220 000
141 221 000
141 222 000
141 223 000
141 224 000
141 225 000
141 226 000
141 227 000
141 228 000
141 229 000
141 230 000
141 231 000
141 232 000
141 233 000
141 234 000
141 235 000
141 236 000
141 237 000
141 238 000
141 239 000
141 240 000
141 241 000
141 242 000
141 243 000
141 244 000
141 245 000
141 246 000
141 247 000
141 248 000
141 249 000
141 250 000
141 251 000
141 252 000
141 253 000
141 254 000
141 255 000
141 256 000
141 257 000
141 258 000
141 259 000
141 260 000
141 261 000
141 262 000
141 263 000
141 264 000
141 265 000
141 266 000
141 267 000
141 268 000
141 269 000
141 270 000
141 271 000
141 272 000
141 273 000
141 274 000
141 275 000
141 276 000
141 277 000
141 278 000
141 279 000
141 280 000
141 281 000
141 282 000
141 283 000
141 284 000
141 285 000
141 286 000
141 287 000
141 288 000
141 289 000
141 290 000
141 291 000
141 292 000
141 293 000
141 294 000
141 295 000
141 296 000
141 297 e26
141 298 e26
141 299 e26
141 300 e25
141 301 e25
141 302 e25
141 303 e25
141 304 e26
141 305 e26
141 306 e26
141 307 e26
141 308 e26
141 309 e26
141 310 e26
141 311 e26
141 312 e26
141 313 e25
141 314 e25
141 315 e25
141 316 e26
141 317 e26
141 318 e26
141 319 e26
142 0 d67
142 1 d68
142 2 d6e
142 3 d6d
142 4 d6c
142 5 d6b
142 6 d67
142 7 d68
142 8 d67
142 9 d68
142 10 d67
142 11 d6d
142 12 d6e
142 13 d6d
142 14 d6e
142 15 d6c
142 16 d6b
142 17 d6d
142 18 d6d
142 19 d68
142 20 d69
142 21 d69
142 22 d68
142 23 d61
142 24 000
142 25 000
142 26 000
142 27 000
142 28 000
142 29 000
142 30 000
142 31 000
142 32 000
142 33 000
142 34 000
142 35 000
142 36 000
142 37 000
142 38 000
142 39 000
142 40 000
142 41 000
142 42 000
142 43 000
142 44 000
142 45 000
142 46 000
142 47 000
142 48 000
142 49 000
142 50 000
142 51 000
142 52 000
142 53 000
142 54 000
142 55 000
142 56 000
142 57 000
142 58 000
142 59 000
142 60 000
142 61 000
142 62 000
142 63 000
142 64 000
142 65 000
142 66 000
142 67 000
142 68 000
142 69 000
142 70 000
142 71 000
142 72 000
142 73 000
142 74 000
142 75 000
142 76 000
142 77 000
142 78 000
142 79 000
142 80 000
142 81 000
142 82 000
142 83 000
142 84 000
142 85 000
142 86 000
142 87 000
142 88 000
142 89 000
142 90 000
142 91 000
142 92 000
142 93 000
142 94 000
142 95 000
142 96 000
142 97 000
142 98 000
142 99 000
142 100 000
142 101 000
142 102 000
142 103 000
142 104 000
142 105 000
142 106 000
142 107 000
142 108 000
142 109 000
142 110 000
142 111 000
142 112 000
142 113 000
142 114 000
142 115 000
142 116 000
142 117 000
142 118 000
142 119 000
142 120 000
142 121 000
142 122 000
142 123 000
142 124 000
142 125 000
142 126 000
142 127 000
142 128 000
142 129 000
142 130 000
142 131 000
142 132 000
142 133 000
142 134 000
142 135 000
142 136 000
142 137 000
142 138 000
142 139 000
142 140 000
142 141 000
142 142 000
142 143 000
142 144 000
142 145 000
142 146 000
142 147 000
142 148 000
142 149 000
142 150 000
142 151 000
142 152 000
142 153 000
142 154 000
142 155 000
142 156 000
142 157 000
142 158 000
142 159 000
142 160 000
142 161 000
142 162 000
142 163 000
142 164 000
142 165 000
142 166 000
142 167 000
142 168 000
142 169 000
142 170 000
142 171 000
142 172 000
142 173 000
142 174 000
142 175 000
142 176 000
142 177 000
142 178 000
142 179 000
142 180 000
142 181 000
142 182 000
142 183 000
142 184 000
142 185 000
142 186 000
142 187 000
142 188 000
142 189 000
142 190 000
142 191 000
142 192 000
142 193 000
142 194 000
142 195 000
142 196 000
142 197 000
142 198 000
142 199 000
142 200 000
142 201 000
142 202 000
142 203 000
142 204 000
142 205 000
142 206 000
142 207 000
142 208 000
142 209 000
142 210 000
142 211 000
142 212 000
142 213 000
142 214 000
142 215 000
142 216 000
142 217 000
142 218 000
142 219 000
142 220 000
142 221 000
142 222 000
142 223 000
142 224 000
142 225 000
142 226 000
142 227 000
142 228 000
142 229 000
142 230 000
142 231 000
142 232 000
142 233 000
142 234 000
142 235 000
142 236 000
142 237 000
142 238 000
142 239 000
142 240 000
142 241 000
142 242 000
142 243 000
142 244 000
142 245 000
142 246 000
142 247 000
142 248 000
142 249 000
142 250 000
142 251 000
142 252 000
142 253 000
142 254 000
142 255 000
142 256 000
142 257 000
142 258 000
142 259 000
142 260 000
142 261 000
142 262 000
142 263 000
142 264 000
142 265 000
142 266 000
142 267 000
142 268 000
142 269 000
142 270 000
142 271 000
142 272 000
142 273 000
142 274 000
142 275 000
142 276 000
142 277 000
142 278 000
142 279 000
142 280 000
142 281 000
142 282 000
142 283 000
142 284 000
142 285 000
142 286 000
142 287 000
142 288 000
142 289 000
142 290 000
142 291 000
142 292 000
142 293 000
142 294 000
142 295 000
142 296 000
142 297 e26
142 298 e26
142 299 e26
142 300 e25
142 301 e25
142 302 e25
142 303 e25
142 304 e26
142 305 e26
142 306 e26
142 307 e26
142 308 e25
142 309 e26
142 310 e26
142 311 e26
142 312 e26
142 313 e25
142 314 e25
142 315 e25
142 316 e26
142 317 e26
142 318 e26
142 319 e26
143 0 d67
143 1 d67
143 2 d67
143 3 d67
143 4 d6c
143 5 d6c
143 6 d67
143 7 d68
143 8 d67
143 9 d67
143 10 d67
143 11 d6e
143 12 d6e
143 13 d6e
143 14 d6e
143 15 d6b
143 16 d6b
143 17 d6d
143 18 d6d
143 19 d68
143 20 d69
143 21 d68
143 22 d68
143 23 d61
143 24 000
143 25 000
143 26 000
143 27 000
143 28 000
143 29 000
143 30 000
143 31 000
143 32 000
143 33 000
143 34 000
143 35 000
143 36 000
143 37 000
143 38 000
143 39 000
143 40 000
143 41 000
143 42 000
143 43 000
143 44 000
143 45 000
143 46 000
143 47 000
143 48 000
143 49 000
143 50 000
143 51 000
143 52 000
143 53 000
143 54 000
143 55 000
143 56 000
143 57 000
143 58 000
143 59 000
143 60 000
143 61 000
143 62 000
143 63 000
143 64 000
143 65 000
143 66 000
143 67 000
143 68 000
143 69 000
143 70 000
143 71 000
143 72 000
143 73 000
143 74 000
143 75 000
143 76 000
143 77 000
143 78 000
143 79 000
143 80 000
143 81 000
143 82 000
143 83 000
143 84 000
143 85 000
143 86 000
143 87 000
143 88 000
143 89 000
143 90 000
143 91 000
143 92 000
143 93 000
143 94 000
143 95 000
143 96 000
143 97 000
143 98 000
143 99 000
143 100 000
143 101 000
143 102 000
143 103 000
143 104 000
143 105 000
143 106 000
143 107 000
143 108 000
143 109 000
143 110 000
143 111 000
143 112 000
143 113 000
143 114 000
143 115 000
143 116 000
143 117 000
143 118 000
143 119 000
143 120 000
143 121 000
143 122 000
143 123 000
143 124 000
143 125 000
143 126 000
143 127 000
143 128 000
143 129 000
143 130 000
143 131 000
143 132 000
143 133 000
143 134 000
143 135 000
143 136 000
143 137 000
143 138 000
143 139 000
143 140 000
143 141 000
143 142 000
143 143 000
143 144 000
143 145 000
143 146 000
143 147 000
143 148 000
143 149 000
143 150 000
143 151 000
143 152 000
143 153 000
143 154 000
143 155 000
143 156 000
143 157 000
143 158 000
143 159 000
143 160 000
143 161 000
143 162 000
143 163 000
143 164 000
143 165 000
143 166 000
143 167 000
143 168 000
143 169 000
143 170 000
143 171 000
143 172 000
143 173 000
143 174 000
143 175 000
143 176 000
143 177 000
143 178 000
143 179 000
143 180 000
143 181 000
143 182 000
143 183 000
143 184 000
143 185 000
143 186 000
143 187 000
143 188 000
143 189 000
143 190 000
143 191 000
143 192 000
143 193 000
143 194 000
143 195 000
143 196 000
143 197 000
143 198 000
143 199 000
143 200 000
143 201 000
143 202 000
143 203 000
143 204 000
143 205 000
143 206 000
143 207 000
143 208 000
143 209 000
143 210 000
143 211 000
143 212 000
143 213 000
143 214 000
143 215 000
143 216 000
143 217 000
143 218 000
143 219 000
143 220 000
143 221 000
143 222 000
143 223 000
143 224 000
143 225 000
143 226 000
143 227 000
143 228 000
143 229 000
143 230 000
143 231 000
143 232 000
143 233 000
143 234 000
143 235 000
143 236 000
143 237 000
143 238 000
143 239 000
143 240 000
143 241 000
143 242 000
143 243 000
143 244 000
143 245 000
143 246 000
143 247 000
143 248 000
143 249 000
143 250 000
143 251 000
143 252 000
143 253 000
143 254 000
143 255 000
143 256 000
143 257 000
143 258 000
143 259 000
143 260 000
143 261 000
143 262 000
143 263 000
143 264 000
143 265 000
143 266 000
143 267 000
143 268 000
143 269 000
143 270 000
143 271 000
143 272 000
143 273 000
143 274 000
143 275 000
143 276 000
143 277 000
143 278 000
143 279 000
143 280 000
143 281 000
143 282 000
143 283 000
143 284 000
143 285 000
143 286 000
143 287 000
143 288 000
143 289 000
143 290 000
143 291 000
143 292 000
143 293 000
143 294 000
143 295 000
143 296 000
143 297 e26
143 298 e26
143 299 e26
143 300 e25
143 301 e25
143 302 e25
143 303 e25
143 304 e26
143 305 e26
143 306 e26
143 307 e26
143 308 e25
143 309 e26
143 310 e26
143 311 e26
143 312 e26
143 313 e25
143 314 e25
143 315 e25
143 316 e26
143 317 e26
143 318 e26
143 319 e26
144 0 d68
144 1 d67
144 2 d68
144 3 d67
144 4 d6c
144 5 d6c
144 6 d67
144 7 d68
144 8 d67
144 9 d67
144 10 d67
144 11 d6e
144 12 d6d
144 13 d6e
144 14 d6d
144 15 d6b
144 16 d6b
144 17 d6d
144 18 d6d
144 19 d69
144 20 d69
144 21 d68
144 22 d68
144 23 d61
144 24 000
144 25 000
144 26 000
144 27 000
144 28 000
144 29 000
144 30 000
144 31 000
144 32 000
144 33 000
144 34 000
144 35 000
144 36 000
144 37 000
144 38 000
144 39 000
144 40 000
144 41 000
144 42 000
144 43 000
144 44 000
144 45 000
144 46 000
144 47 000
144 48 000
144 49 000
144 50 000
144 51 000
144 52 000
144 53 000
144 54 000
144 55 000
144 56 000
144 57 000
144 58 000
144 59 000
144 60 000
144 61 000
144 62 000
144 63 000
144 64 000
144 65 000
144 66 000
144 67 000
144 68 000
144 69 000
144 70 000
144 71 000
144 72 000
144 73 000
144 74 000
144 75 000
144 76 000
144 77 000
144 78 000
144 79 000
144 80 000
144 81 000
144 82 000
144 83 000
144 84 000
144 85 000
144 86 000
144 87 000
144 88 000
144 89 000
144 90 000
144 91 000
144 92 000
144 93 000
144 94 000
144 95 000
144 96 000
144 97 000
144 98 000
144 99 000
144 100 000
144 101 000
144 102 000
144 103 000
144 104 000
144 105 000
144 106 000
144 107 000
144 108 000
144 109 000
144 110 000
144 111 000
144 112 000
144 113 000
144 114 000
144 115 000
144 116 000
144 117 000
144 118 000
144 119 000
144 120 000
144 121 000
144 122 000
144 123 000
144 124 000
144 125 000
144 126 000
144 127 000
144 128 000
144 129 000
144 130 000
144 131 000
144 132 000
144 133 000
144 134 000
144 135 000
144 136 000
144 137 000
144 138 000
144 139 000
144 140 000
144 141 000
144 142 000
144 143 000
144 144 000
144 145 000
144 146 000
144 147 000
144 148 000
144 149 000
144 150 000
144 151 000
144 152 000
144 153 000
144 154 000
144 155 000
144 156 000
144 157 000
144 158 000
144 159 000
144 160 000
144 161 000
144 162 000
144 163 000
144 164 000
144 165 000
144 166 000
144 167 000
144 168 000
144 169 000
144 170 000
144 171 000
144 172 000
144 173 000
144 174 000
144 175 000
144 176 000
144 177 000
144 178 000
144 179 000
144 180 000
144 181 000
144 182 000
144 183 000
144 184 000
144 185 000
144 186 000
144 187 000
144 188 000
144 189 000
144 190 000
144 191 000
144 192 000
144 193 000
144 194 000
144 195 000
144 196 000
144 197 000
144 198 000
144 199 000
144 200 000
144 201 000
144 202 000
144 203 000
144 204 000
144 205 000
144 206 000
144 207 000
144 208 000
144 209 000
144 210 000
144 211 000
144 212 000
144 213 000
144 214 000
144 215 000
144 216 000
144 217 000
144 218 000
144 219 000
144 220 000
144 221 000
144 222 000
144 223 000
144 224 000
144 225 000
144 226 000
144 227 000
144 228 000
144 229 000
144 230 000
144 231 000
144 232 000
144 233 000
144 234 000
144 235 000
144 236 000
144 237 000
144 238 000
144 239 000
144 240 000
144 241 000
144 242 000
144 243 000
144 244 000
144 245 000
144 246 000
144 247 000
144 248 000
144 249 000
144 250 000
144 251 000
144 252 000
144 253 000
144 254 000
144 255 000
144 256 000
144 257 000
144 258 000
144 259 000
144 260 000
144 261 000
144 262 000
144 263 000
144 264 000
144 265 000
144 266 000
144 267 000
144 268 000
144 269 000
144 270 000
144 271 000
144 272 000
144 273 000
144 274 000
144 275 000
144 276 000
144 277 000
144 278 000
144 279 000
144 280 000
144 281 000
144 282 000
144 283 000
144 284 000
144 285 000
144 286 000
144 287 000
144 288 000
144 289 000
144 290 000
144 291 000
144 292 000
144 293 000
144 294 000
144 295 000
144 296 000
144 297 e26
144 298 e26
144 299 e26
144 300 e25
144 301 e25
144 302 e25
144 303 e26
144 304 e26
144 305 e26
144 306 e26
144 307 e26
144 308 e26
144 309 e26
144 310 e26
144 311 e26
144 312 e25
144 313 e25
144 314 e25
144 315 e26
144 316 e26
144 317 e26
144 318 e26
144 319 e26
145 0 d68
145 1 d68
145 2 d67
145 3 d67
145 4 d6a
145 5 d6a
145 6 d67
145 7 d67
145 8 d67
145 9 d67
145 10 d67
145 11 d6e
145 12 d6e
145 13 d6d
145 14 d6d
145 15 d6b
145 16 d6d
145 17 d6d
145 18 d6d
145 19 d69
145 20 d69
145 21 d68
145 22 d68
145 23 d61
145 24 000
145 25 000
145 26 000
145 27 000
145 28 000
145 29 000
145 30 000
145 31 000
145 32 000
145 33 000
145 34 000
145 35 000
145 36 000
145 37 000
145 38 000
145 39 000
145 40 000
145 41 000
145 42 000
145 43 000
145 44 000
145 45 000
145 46 000
145 47 000
145 48 000
145 49 000
145 50 000
145 51 000
145 52 000
145 53 000
145 54 000
145 55 000
145 56 000
145 57 000
145 58 000
145 59 000
145 60 000
145 61 000
145 62 000
145 63 000
145 64 000
145 65 000
145 66 000
145 67 000
145 68 000
145 69 000
145 70 000
145 71 000
145 72 000
145 73 000
145 74 000
145 75 000
145 76 000
145 77 000
145 78 000
145 79 000
145 80 000
145 81 000
145 82 000
145 83 000
145 84 000
145 85 000
145 86 000
145 87 000
145 88 000
145 89 000
145 90 000
145 91 000
145 92 000
145 93 000
145 94 000
145 95 000
145 96 000
145 97 000
145 98 000
145 99 000
145 100 000
145 101 000
145 102 000
145 103 000
145 104 000
145 105 000
145 106 000
145 107 000
145 108 000
145 109 000
145 110 000
145 111 000
145 112 000
145 113 000
145 114 000
145 115 000
145 116 000
145 117 000
145 118 000
145 119 000
145 120 000
145 121 000
145 122 000
145 123 000
145 124 000
145 125 000
145 126 000
145 127 000
145 128 000
145 129 000
145 130 000
145 131 000
145 132 000
145 133 000
145 134 000
145 135 000
145 136 000
145 137 000
145 138 000
145 139 000
145 140 000
145 141 000
145 142 000
145 143 000
145 144 000
145 145 000
145 146 000
145 147 000
145 148 000
145 149 000
145 150 000
145 151 000
145 152 000
145 153 000
145 154 000
145 155 000
145 156 000
145 157 000
145 158 000
145 159 000
145 160 000
145 161 000
145 162 000
145 163 000
145 164 000
145 165 000
145 166 000
145 167 000
145 168 000
145 169 000
145 170 000
145 171 000
145 172 000
145 173 000
145 174 000
145 175 000
145 176 000
145 177 000
145 178 000
145 179 000
145 180 000
145 181 000
145 182 000
145 183 000
145 184 000
145 185 000
145 186 000
145 187 000
145 188 000
145 189 000
145 190 000
145 191 000
145 192 000
145 193 000
145 194 000
145 195 000
145 196 000
145 197 000
145 198 000
145 199 000
145 200 000
145 201 000
145 202 000
145 203 000
145 204 000
145 205 000
145 206 000
145 207 000
145 208 000
145 209 000
145 210 000
145 211 000
145 212 000
145 213 000
145 214 000
145 215 000
145 216 000
145 217 000
145 218 000
145 219 000
145 220 000
145 221 000
145 222 000
145 223 000
145 224 000
145 225 000
145 226 000
145 227 000
145 228 000
145 229 000
145 230 000
145 231 000
145 232 000
145 233 000
145 234 000
145 235 000
145 236 000
145 237 000
145 238 000
145 239 000
145 240 000
145 241 000
145 242 000
145 243 000
145 244 000
145 245 000
145 246 000
145 247 000
145 248 000
145 249 000
145 250 000
145 251 000
145 252 000
145 253 000
145 254 000
145 255 000
145 256 000
145 257 000
145 258 000
145 259 000
145 260 000
145 261 000
145 262 000
145 263 000
145 264 000
145 265 000
145 266 000
145 267 000
145 268 000
145 269 000
145 270 000
145 271 000
145 272 000
145 273 000
145 274 000
145 275 000
145 276 000
145 277 000
145 278 000
145 279 000
145 280 000
145 281 000
145 282 000
145 283 000
145 284 000
145 285 000
145 286 000
145 287 000
145 288 000
145 289 000
145 290 000
145 291 000
145 292 000
145 293 000
145 294 000
145 295 000
145 296 000
145 297 e26
145 298 e26
145 299 e26
145 300 e25
145 301 e25
145 302 e25
145 303 e26
145 304 e26
145 305 e26
145 306 e26
145 307 e26
145 308 e26
145 309 e26
145 310 e26
145 311 e25
145 312 e25
145 313 e25
145 314 e26
145 315 e26
145 316 e26
145 317 e26
145 318 e26
145 319 e26
146 0 d68
146 1 d68
146 2 d6a
146 3 d6a
146 4 d6a
146 5 d6a
146 6 d6a
146 7 d67
146 8 d6a
146 9 d6a
146 10 d67
146 11 d6c
146 12 d6c
146 13 d6d
146 14 d6d
146 15 d6b
146 16 d6d
146 17 d6d
146 18 d6d
146 19 d69
146 20 d69
146 21 d68
146 22 d68
146 23 d61
146 24 000
146 25 000
146 26 000
146 27 000
146 28 000
146 29 000
146 30 000
146 31 000
146 32 000
146 33 000
146 34 000
146 35 000
146 36 000
146 37 000
146 38 000
146 39 000
146 40 000
146 41 000
146 42 000
146 43 000
146 44 000
146 45 000
146 46 000
146 47 000
146 48 000
146 49 000
146 50 000
146 51 000
146 52 000
146 53 000
146 54 000
146 55 000
146 56 000
146 57 000
146 58 000
146 59 000
146 60 000
146 61 000
146 62 000
146 63 000
146 64 000
146 65 000
146 66 000
146 67 000
146 68 000
146 69 000
146 70 000
146 71 000
146 72 000
146 73 000
146 74 000
146 75 000
146 76 000
146 77 000
146 78 000
146 79 000
146 80 000
146 81 000
146 82 000
146 83 000
146 84 000
146 85 000
146 86 000
146 87 000
146 88 000
146 89 000
146 90 000
146 91 000
146 92 000
146 93 000
146 94 000
146 95 000
146 96 000
146 97 000
146 98 000
146 99 000
146 100 000
146 101 000
146 102 000
146 103 000
146 104 000
146 105 000
146 106 000
146 107 000
146 108 000
146 109 000
146 110 000
146 111 000
146 112 000
146 113 000
146 114 000
146 115 000
146 116 000
146 117 000
146 118 000
146 119 000
146 120 000
146 121 000
146 122 000
146 123 000
146 124 000
146 125 000
146 126 000
146 127 000
146 128 000
146 129 000
146 130 000
146 131 000
146 132 000
146 133 000
146 134 000
146 135 000
146 136 000
146 137 000
146 138 000
146 139 000
146 140 000
146 141 000
146 142 000
146 143 000
146 144 000
146 145 000
146 146 000
146 147 000
146 148 000
146 149 000
146 150 000
146 151 000
146 152 000
146 153 000
146 154 000
146 155 000
146 156 000
146 157 000
146 158 000
146 159 000
146 160 000
146 161 000
146 162 000
146 163 000
146 164 000
146 165 000
146 166 000
146 167 000
146 168 000
146 169 000
146 170 000
146 171 000
146 172 000
146 173 000
146 174 000
146 175 000
146 176 000
146 177 000
146 178 000
146 179 000
146 180 000
146 181 000
146 182 000
146 183 000
146 184 000
146 185 000
146 186 000
146 187 000
146 188 000
146 189 000
146 190 000
146 191 000
146 192 000
146 193 000
146 194 000
146 195 000
146 196 000
146 197 000
146 198 000
146 199 000
146 200 000
146 201 000
146 202 000
146 203 000
146 204 000
146 205 000
146 206 000
146 207 000
146 208 000
146 209 000
146 210 000
146 211 000
146 212 000
146 213 000
146 214 000
146 215 000
146 216 000
146 217 000
146 218 000
146 219 000
146 220 000
146 221 000
146 222 000
146 223 000
146 224 000
146 225 000
146 226 000
146 227 000
146 228 000
146 229 000
146 230 000
146 231 000
146 232 000
146 233 000
146 234 000
146 235 000
146 236 000
146 237 000
146 238 000
146 239 000
146 240 000
146 241 000
146 242 000
146 243 000
146 244 000
146 245 000
146 246 000
146 247 000
146 248 000
146 249 000
146 250 000
146 251 000
146 252 000
146 253 000
146 254 000
146 255 000
146 256 000
146 257 000
146 258 000
146 259 000
146 260 000
146 261 000
146 262 000
146 263 000
146 264 000
146 265 000
146 266 000
146 267 000
146 268 000
146 269 000
146 270 000
146 271 000
146 272 000
146 273 000
146 274 000
146 275 000
146 276 000
146 277 000
146 278 000
146 279 000
146 280 000
146 281 000
146 282 000
146 283 000
146 284 000
146 285 000
146 286 000
146 287 000
146 288 000
146 289 000
146 290 000
146 291 000
146 292 000
146 293 000
146 294 000
146 295 000
146 296 000
146 297 e26
146 298 e26
146 299 e26
146 300 e25
146 301 e25
146 302 e25
146 303 e25
146 304 e25
146 305 e25
146 306 e25
146 307 e25
146 308 e25
146 309 e25
146 310 e25
146 311 e25
146 312 e25
146 313 e25
146 314 e25
146 315 e25
146 316 e25
146 317 e25
146 318 e25
146 319 e25
147 0 d69
147 1 d68
147 2 d6a
147 3 d67
147 4 d6a
147 5 d6a
147 6 d6a
147 7 d67
147 8 d6a
147 9 d67
147 10 d67
147 11 d6c
147 12 d6e
147 13 d6b
147 14 d6d
147 15 d6b
147 16 d6d
147 17 d6d
147 18 d6d
147 19 d68
147 20 d69
147 21 d68
147 22 d68
147 23 d61
147 24 000
147 25 000
147 26 000
147 27 000
147 28 000
147 29 000
147 30 000
147 31 000
147 32 000
147 33 000
147 34 000
147 35 000
147 36 000
147 37 000
147 38 000
147 39 000
147 40 000
147 41 000
147 42 000
147 43 000
147 44 000
147 45 000
147 46 000
147 47 000
147 48 000
147 49 000
147 50 000
147 51 000
147 52 000
147 53 000
147 54 000
147 55 000
147 56 000
147 57 000
147 58 000
147 59 000
147 60 000
147 61 000
147 62 000
147 63 000
147 64 000
147 65 000
147 66 000
147 67 000
147 68 000
147 69 000
147 70 000
147 71 000
147 72 000
147 73 000
147 74 000
147 75 000
147 76 000
147 77 000
147 78 000
147 79 000
147 80 000
147 81 000
147 82 000
147 83 000
147 84 000
147 85 000
147 86 000
147 87 000
147 88 000
147 89 000
147 90 000
147 91 000
147 92 000
147 93 000
147 94 000
147 95 000
147 96 000
147 97 000
147 98 000
147 99 000
147 100 000
147 101 000
147 102 000
147 103 000
147 104 000
147 105 000
147 106 000
147 107 000
147 108 000
147 109 000
147 110 000
147 111 000
147 112 000
147 113 000
147 114 000
147 115 000
147 116 000
147 117 000
147 118 000
147 119 000
147 120 000
147 121 000
147 122 000
147 123 000
147 124 000
147 125 000
147 126 000
147 127 000
147 128 000
147 129 000
147 130 000
147 131 000
147 132 000
147 133 000
147 134 000
147 135 000
147 136 000
147 137 000
147 138 000
147 139 000
147 140 000
147 141 000
147 142 000
147 143 000
147 144 000
147 145 000
147 146 000
147 147 000
147 148 000
147 149 000
147 150 000
147 151 000
147 152 000
147 153 000
147 154 000
147 155 000
147 156 000
147 157 000
147 158 000
147 159 000
147 160 000
147 161 000
147 162 000
147 163 000
147 164 000
147 165 000
147 166 000
147 167 000
147 168 000
147 169 000
147 170 000
147 171 000
147 172 000
147 173 000
147 174 000
147 175 000
147 176 000
147 177 000
147 178 000
147 179 000
147 180 000
147 181 000
147 182 000
147 183 000
147 184 000
147 185 000
147 186 000
147 187 000
147 188 000
147 189 000
147 190 000
147 191 000
147 192 000
147 193 000
147 194 000
147 195 000
147 196 000
147 197 000
147 198 000
147 199 000
147 200 000
147 201 000
147 202 000
147 203 000
147 204 000
147 205 000
147 206 000
147 207 000
147 208 000
147 209 000
147 210 000
147 211 000
147 212 000
147 213 000
147 214 000
147 215 000
147 216 000
147 217 000
147 218 000
147 219 000
147 220 000
147 221 000
147 222 000
147 223 000
147 224 000
147 225 000
147 226 000
147 227 000
147 228 000
147 229 000
147 230 000
147 231 000
147 232 000
147 233 000
147 234 000
147 235 000
147 236 000
147 237 000
147 238 000
147 239 000
147 240 000
147 241 000
147 242 000
147 243 000
147 244 000
147 245 000
147 246 000
147 247 000
147 248 000
147 249 000
147 250 000
147 251 000
147 252 000
147 253 000
147 254 000
147 255 000
147 256 000
147 257 000
147 258 000
147 259 000
147 260 000
147 261 000
147 262 000
147 263 000
147 264 000
147 265 000
147 266 000
147 267 000
147 268 000
147 269 000
147 270 000
147 271 000
147 272 000
147 273 000
147 274 000
147 275 000
147 276 000
147 277 000
147 278 000
147 279 000
147 280 000
147 281 000
147 282 000
147 283 000
147 284 000
147 285 000
147 286 000
147 287 000
147 288 000
147 289 000
147 290 000
147 291 000
147 292 000
147 293 000
147 294 000
147 295 000
147 296 000
147 297 e26
147 298 e26
147 299 e26
147 300 e25
147 301 e25
147 302 e25
147 303 e25
147 304 e25
147 305 e25
147 306 e25
147 307 e25
147 308 e25
147 309 e25
147 310 e25
147 311 e25
147 312 e25
147 313 e25
147 314 e25
147 315 e25
147 316 e25
147 317 e25
147 318 e25
147 319 e25
148 0 d69
148 1 d68
148 2 d6a
148 3 d67
148 4 d6a
148 5 d6a
148 6 d67
148 7 d67
148 8 d6a
148 9 d67
148 10 d67
148 11 d6c
148 12 d6e
148 13 d6d
148 14 d6d
148 15 d6b
148 16 d6d
148 17 d6d
148 18 d6d
148 19 d68
148 20 d69
148 21 d68
148 22 d68
148 23 d61
148 24 000
148 25 000
148 26 000
148 27 000
148 28 000
148 29 000
148 30 000
148 31 000
148 32 000
148 33 000
148 34 000
148 35 000
148 36 000
148 37 000
148 38 000
148 39 000
148 40 000
148 41 000
148 42 000
148 43 000
148 44 000
148 45 000
148 46 000
148 47 000
148 48 000
148 49 000
148 50 000
148 51 000
148 52 000
148 53 000
148 54 000
148 55 000
148 56 000
148 57 000
148 58 000
148 59 000
148 60 000
148 61 000
148 62 000
148 63 000
148 64 000
148 65 000
148 66 000
148 67 000
148 68 000
148 69 000
148 70 000
148 71 000
148 72 000
148 73 000
148 74 000
148 75 000
148 76 000
148 77 000
148 78 000
148 79 000
148 80 000
148 81 000
148 82 000
148 83 000
148 84 000
148 85 000
148 86 000
148 87 000
148 88 000
148 89 000
148 90 000
148 91 000
148 92 000
148 93 000
148 94 000
148 95 000
148 96 000
148 97 000
148 98 000
148 99 000
148 100 000
148 101 000
148 102 000
148 103 000
148 104 000
148 105 000
148 106 000
148 107 000
148 108 000
148 109 000
148 110 000
148 111 000
148 112 000
148 113 000
148 114 000
148 115 000
148 116 000
148 117 000
148 118 000
148 119 000
148 120 000
148 121 000
148 122 000
148 123 000
148 124 000
148 125 000
148 126 000
148 127 000
148 128 000
148 129 000
148 130 000
148 131 000
148 132 000
148 133 000
148 134 000
148 135 000
148 136 000
148 137 000
148 138 000
148 139 000
148 140 000
148 141 000
148 142 000
148 143 000
148 144 000
148 145 000
148 146 000
148 147 000
148 148 000
148 149 000
148 150 000
148 151 000
148 152 000
148 153 000
148 154 000
148 155 000
148 156 000
148 157 000
148 158 000
148 159 000
148 160 000
148 161 000
148 162 000
148 163 000
148 164 000
148 165 000
148 166 000
148 167 000
148 168 000
148 169 000
148 170 000
148 171 000
148 172 000
148 173 000
148 174 000
148 175 000
148 176 000
148 177 000
148 178 000
148 179 000
148 180 000
148 181 000
148 182 000
148 183 000
148 184 000
148 185 000
148 186 000
148 187 000
148 188 000
148 189 000
148 190 000
148 191 000
148 192 000
148 193 000
148 194 000
148 195 000
148 196 000
148 197 000
148 198 000
148 199 000
148 200 000
148 201 000
148 202 000
148 203 000
148 204 000
148 205 000
148 206 000
148 207 000
148 208 000
148 209 000
148 210 000
148 211 000
148 212 000
148 213 000
148 214 000
148 215 000
148 216 000
148 217 000
148 218 000
148 219 000
148 220 000
148 221 000
148 222 000
148 223 000
148 224 000
148 225 000
148 226 000
148 227 000
148 228 000
148 229 000
148 230 000
148 231 000
148 232 000
148 233 000
148 234 000
148 235 000
148 236 000
148 237 000
148 238 000
148 239 000
148 240 000
148 241 000
148 242 000
148 243 000
148 244 000
148 245 000
148 246 000
148 247 000
148 248 000
148 249 000
148 250 000
148 251 000
148 252 000
148 253 000
148 254 000
148 255 000
148 256 000
148 257 000
148 258 000
148 259 000
148 260 000
148 261 000
148 262 000
148 263 000
148 264 000
148 265 000
148 266 000
148 267 000
148 268 000
148 269 000
148 270 000
148 271 000
148 272 000
148 273 000
148 274 000
148 275 000
148 276 000
148 277 000
148 278 000
148 279 000
148 280 000
148 281 000
148 282 000
148 283 000
148 284 000
148 285 000
148 286 000
148 287 000
148 288 000
148 289 000
148 290 000
148 291 000
148 292 000
148 293 000
148 294 000
148 295 000
148 296 000
148 297 e26
148 298 e26
148 299 e26
148 300 e25
148 301 e25
148 302 e25
148 303 e25
148 304 e25
148 305 e25
148 306 e25
148 307 e25
148 308 e25
148 309 e25
148 310 e25
148 311 e25
148 312 e25
148 313 e25
148 314 e25
148 315 e25
148 316 e25
148 317 e25
148 318 e25
148 319 e25
149 0 d69
149 1 d68
149 2 d69
149 3 d68
149 4 d69
149 5 d69
149 6 d67
149 7 d67
149 8 d6a
149 9 d68
149 10 d68
149 11 d6b
149 12 d6d
149 13 d6b
149 14 d6d
149 15 d6b
149 16 d6d
149 17 d6b
149 18 d6d
149 19 d68
149 20 d69
149 21 d68
149 22 d68
149 23 d61
149 24 000
149 25 000
149 26 000
149 27 000
149 28 000
149 29 000
149 30 000
149 31 000
149 32 000
149 33 000
149 34 000
149 35 000
149 36 000
149 37 000
149 38 000
149 39 000
149 40 000
149 41 000
149 42 000
149 43 000
149 44 000
149 45 000
149 46 000
149 47 000
149 48 000
149 49 000
149 50 000
149 51 000
149 52 000
149 53 000
149 54 000
149 55 000
149 56 000
149 57 000
149 58 000
149 59 000
149 60 000
149 61 000
149 62 000
149 63 000
149 64 000
149 65 000
149 66 000
149 67 000
149 68 000
149 69 000
149 70 000
149 71 000
149 72 000
149 73 000
149 74 000
149 75 000
149 76 000
149 77 000
149 78 000
149 79 000
149 80 000
149 81 000
149 82 000
149 83 000
149 84 000
149 85 000
149 86 000
149 87 000
149 88 000
149 89 000
149 90 000
149 91 000
149 92 000
149 93 000
149 94 000
149 95 000
149 96 000
149 97 000
149 98 000
149 99 000
149 100 000
149 101 000
149 102 000
149 103 000
149 104 000
149 105 000
149 106 000
149 107 000
149 108 000
149 109 000
149 110 000
149 111 000
149 112 000
149 113 000
149 114 000
149 115 000
149 116 000
149 117 000
149 118 000
149 119 000
149 120 000
149 121 000
149 122 000
149 123 000
149 124 000
149 125 000
149 126 000
149 127 000
149 128 000
149 129 000
149 130 000
149 131 000
149 132 000
149 133 000
149 134 000
149 135 000
149 136 000
149 137 000
149 138 000
149 139 000
149 140 000
149 141 000
149 142 000
149 143 000
149 144 000
149 145 000
149 146 000
149 147 000
149 148 000
149 149 000
149 150 000
149 151 000
149 152 000
149 153 000
149 154 000
149 155 000
149 156 000
149 157 000
149 158 000
149 159 000
149 160 000
149 161 000
149 162 000
149 163 000
149 164 000
149 165 000
149 166 000
149 167 000
149 168 000
149 169 000
149 170 000
149 171 000
149 172 000
149 173 000
149 174 000
149 175 000
149 176 000
149 177 000
149 178 000
149 179 000
149 180 000
149 181 000
149 182 000
149 183 000
149 184 000
149 185 000
149 186 000
149 187 000
149 188 000
149 189 000
149 190 000
149 191 000
149 192 000
149 193 000
149 194 000
149 195 000
149 196 000
149 197 000
149 198 000
149 199 000
149 200 000
149 201 000
149 202 000
149 203 000
149 204 000
149 205 000
149 206 000
149 207 000
149 208 000
149 209 000
149 210 000
149 211 000
149 212 000
149 213 000
149 214 000
149 215 000
149 216 000
149 217 000
149 218 000
149 219 000
149 220 000
149 221 000
149 222 000
149 223 000
149 224 000
149 225 000
149 226 000
149 227 000
149 228 000
149 229 000
149 230 000
149 231 000
149 232 000
149 233 000
149 234 000
149 235 000
149 236 000
149 237 000
149 238 000
149 239 000
149 240 000
149 241 000
149 242 000
149 243 000
149 244 000
149 245 000
149 246 000
149 247 000
149 248 000
149 249 000
149 250 000
149 251 000
149 252 000
149 253 000
149 254 000
149 255 000
149 256 000
149 257 000
149 258 000
149 259 000
149 260 000
149 261 000
149 262 000
149 263 000
149 264 000
149 265 000
149 266 000
149 267 000
149 268 000
149 269 000
149 270 000
149 271 000
149 272 000
149 273 000
149 274 000
149 275 000
149 276 000
149 277 000
149 278 000
149 279 000
149 280 000
149 281 000
149 282 000
149 283 000
149 284 000
149 285 000
149 286 000
149 287 000
149 288 000
149 289 000
149 290 000
149 291 000
149 292 000
149 293 000
149 294 000
149 295 000
149 296 000
149 297 e26
149 298 e26
149 299 e26
149 300 e25
149 301 e25
149 302 e25
149 303 e25
149 304 e25
149 305 e25
149 306 e25
149 307 e25
149 308 e25
149 309 e25
149 310 e25
149 311 e25
149 312 e25
149 313 e25
149 314 e26
149 315 e26
149 316 e26
149 317 e26
149 318 e26
149 319 e26
150 0 d69
150 1 d68
150 2 d69
150 3 d68
150 4 d69
150 5 d69
150 6 d68
150 7 d68
150 8 d69
150 9 d68
150 10 d68
150 11 d6b
150 12 d6d
150 13 d6b
150 14 d6d
150 15 d6b
150 16 d6d
150 17 d6b
150 18 d6d
150 19 d68
150 20 d69
150 21 d68
150 22 d68
150 23 d61
150 24 000
150 25 000
150 26 000
150 27 000
150 28 000
150 29 000
150 30 000
150 31 000
150 32 000
150 33 000
150 34 000
150 35 000
150 36 000
150 37 000
150 38 000
150 39 000
150 40 000
150 41 000
150 42 000
150 43 000
150 44 000
150 45 000
150 46 000
150 47 000
150 48 000
150 49 000
150 50 000
150 51 000
150 52 000
150 53 000
150 54 000
150 55 000
150 56 000
150 57 000
150 58 000
150 59 000
150 60 000
150 61 000
150 62 000
150 63 000
150 64 000
150 65 000
150 66 000
150 67 000
150 68 000
150 69 000
150 70 000
150 71 000
150 72 000
150 73 000
150 74 000
150 75 000
150 76 000
150 77 000
150 78 000
150 79 000
150 80 000
150 81 000
150 82 000
150 83 000
150 84 000
150 85 000
150 86 000
150 87 000
150 88 000
150 89 000
150 90 000
150 91 000
150 92 000
150 93 000
150 94 000
150 95 000
150 96 000
150 97 000
150 98 000
150 99 000
150 100 000
150 101 000
150 102 000
150 103 000
150 104 000
150 105 000
150 106 000
150 107 000
150 108 000
150 109 000
150 110 000
150 111 000
150 112 000
150 113 000
150 114 000
150 115 000
150 116 000
150 117 000
150 118 000
150 119 000
150 120 000
150 121 000
150 122 000
150 123 000
150 124 000
150 125 000
150 126 000
150 127 000
150 128 000
150 129 000
150 130 000
150 131 000
150 132 000
150 133 000
150 134 000
150 135 000
150 136 000
150 137 000
150 138 000
150 139 000
150 140 000
150 141 000
150 142 000
150 143 000
150 144 000
150 145 000
150 146 000
150 147 000
150 148 000
150 149 000
150 150 000
150 151 000
150 152 000
150 153 000
150 154 000
150 155 000
150 156 000
150 157 000
150 158 000
150 159 000
150 160 000
150 161 000
150 162 000
150 163 000
150 164 000
150 165 000
150 166 000
150 167 000
150 168 000
150 169 000
150 170 000
150 171 000
150 172 000
150 173 000
150 174 000
150 175 000
150 176 000
150 177 000
150 178 000
150 179 000
150 180 000
150 181 000
150 182 000
150 183 000
150 184 000
150 185 000
150 186 000
150 187 000
150 188 000
150 189 000
150 190 000
150 191 000
150 192 000
150 193 000
150 194 000
150 195 000
150 196 000
150 197 000
150 198 000
150 199 000
150 200 000
150 201 000
150 202 000
150 203 000
150 204 000
150 205 000
150 206 000
150 207 000
150 208 000
150 209 000
150 210 000
150 211 000
150 212 000
150 213 000
150 214 000
150 215 000
150 216 000
150 217 000
150 218 000
150 219 000
150 220 000
150 221 000
150 222 000
150 223 000
150 224 000
150 225 000
150 226 000
150 227 000
150 228 000
150 229 000
150 230 000
150 231 000
150 232 000
150 233 000
150 234 000
150 235 000
150 236 000
150 237 000
150 238 000
150 239 000
150 240 000
150 241 000
150 242 000
150 243 000
150 244 000
150 245 000
150 246 000
150 247 000
150 248 000
150 249 000
150 250 000
150 251 000
150 252 000
150 253 000
150 254 000
150 255 000
150 256 000
150 257 000
150 258 000
150 259 000
150 260 000
150 261 000
150 262 000
150 263 000
150 264 000
150 265 000
150 266 000
150 267 000
150 268 000
150 269 000
150 270 000
150 271 000
150 272 000
150 273 000
150 274 000
150 275 000
150 276 000
150 277 000
150 278 000
150 279 000
150 280 000
150 281 000
150 282 000
150 283 000
150 284 000
150 285 000
150 286 000
150 287 000
150 288 000
150 289 000
150 290 000
150 291 000
150 292 000
150 293 000
150 294 000
150 295 000
150 296 000
150 297 e26
150 298 e26
150 299 e26
150 300 e25
150 301 e25
150 302 e25
150 303 e25
150 304 e25
150 305 e25
150 306 e25
150 307 e25
150 308 e25
150 309 e25
150 310 e25
150 311 e25
150 312 e25
150 313 e25
150 314 e25
150 315 e26
150 316 e26
150 317 e26
150 318 e26
150 319 e26
151 0 d69
151 1 d68
151 2 d69
151 3 d69
151 4 d69
151 5 d69
151 6 d68
151 7 d68
151 8 d69
151 9 d68
151 10 d68
151 11 d69
151 12 d69
151 13 d69
151 14 d68
151 15 d69
151 16 d68
151 17 d68
151 18 d69
151 19 d68
151 20 d69
151 21 d68
151 22 d68
151 23 d61
151 24 000
151 25 000
151 26 000
151 27 000
151 28 000
151 29 000
151 30 000
151 31 000
151 32 000
151 33 000
151 34 000
151 35 000
151 36 000
151 37 000
151 38 000
151 39 000
151 40 000
151 41 000
151 42 000
151 43 000
151 44 000
151 45 000
151 46 000
151 47 000
151 48 000
151 49 000
151 50 000
151 51 000
151 52 000
151 53 000
151 54 000
151 55 000
151 56 000
151 57 000
151 58 000
151 59 000
151 60 000
151 61 000
151 62 000
151 63 000
151 64 000
151 65 000
151 66 000
151 67 000
151 68 000
151 69 000
151 70 000
151 71 000
151 72 000
151 73 000
151 74 000
151 75 000
151 76 000
151 77 000
151 78 000
151 79 000
151 80 000
151 81 000
151 82 000
151 83 000
151 84 000
151 85 000
151 86 000
151 87 000
151 88 000
151 89 000
151 90 000
151 91 000
151 92 000
151 93 000
151 94 000
151 95 000
151 96 000
151 97 000
151 98 000
151 99 000
151 100 000
151 101 000
151 102 000
151 103 000
151 104 000
151 105 000
151 106 000
151 107 000
151 108 000
151 109 000
151 110 000
151 111 000
151 112 000
151 113 000
151 114 000
151 115 000
151 116 000
151 117 000
151 118 000
151 119 000
151 120 000
151 121 000
151 122 000
151 123 000
151 124 000
151 125 000
151 126 000
151 127 000
151 128 000
151 129 000
151 130 000
151 131 000
151 132 000
151 133 000
151 134 000
151 135 000
151 136 000
151 137 000
151 138 000
151 139 000
151 140 000
151 141 000
151 142 000
151 143 000
151 144 000
151 145 000
151 146 000
151 147 000
151 148 000
151 149 000
151 150 000
151 151 000
151 152 000
151 153 000
151 154 000
151 155 000
151 156 000
151 157 000
151 158 000
151 159 000
151 160 000
151 161 000
151 162 000
151 163 000
151 164 000
151 165 000
151 166 000
151 167 000
151 168 000
151 169 000
151 170 000
151 171 000
151 172 000
151 173 000
151 174 000
151 175 000
151 176 000
151 177 000
151 178 000
151 179 000
151 180 000
151 181 000
151 182 000
151 183 000
151 184 000
151 185 000
151 186 000
151 187 000
151 188 000
151 189 000
151 190 000
151 191 000
151 192 000
151 193 000
151 194 000
151 195 000
151 196 000
151 197 000
151 198 000
151 199 000
151 200 000
151 201 000
151 202 000
151 203 000
151 204 000
151 205 000
151 206 000
151 207 000
151 208 000
151 209 000
151 210 000
151 211 000
151 212 000
151 213 000
151 214 000
151 215 000
151 216 000
151 217 000
151 218 000
151 219 000
151 220 000
151 221 000
151 222 000
151 223 000
151 224 000
151 225 000
151 226 000
151 227 000
151 228 000
151 229 000
151 230 000
151 231 000
151 232 000
151 233 000
151 234 000
151 235 000
151 236 000
151 237 000
151 238 000
151 239 000
151 240 000
151 241 000
151 242 000
151 243 000
151 244 000
151 245 000
151 246 000
151 247 000
151 248 000
151 249 000
151 250 000
151 251 000
151 252 000
151 253 000
151 254 000
151 255 000
151 256 000
151 257 000
151 258 000
151 259 000
151 260 000
151 261 000
151 262 000
151 263 000
151 264 000
151 265 000
151 266 000
151 267 000
151 268 000
151 269 000
151 270 000
151 271 000
151 272 000
151 273 000
151 274 000
151 275 000
151 276 000
151 277 000
151 278 000
151 279 000
151 280 000
151 281 000
151 282 000
151 283 000
151 284 000
151 285 000
151 286 000
151 287 000
151 288 000
151 289 000
151 290 000
151 291 000
151 292 000
151 293 000
151 294 000
151 295 000
151 296 000
151 297 e26
151 298 e26
151 299 e26
151 300 e25
151 301 e25
151 302 e25
151 303 e25
151 304 e25
151 305 e25
151 306 e25
151 307 e25
151 308 e25
151 309 e25
151 310 e25
151 311 e25
151 312 e25
151 313 e25
151 314 e25
151 315 e25
151 316 e26
151 317 e26
151 318 e26
151 319 e26
152 0 d68
152 1 d68
152 2 d69
152 3 d69
152 4 d69
152 5 d69
152 6 d68
152 7 d68
152 8 d69
152 9 d68
152 10 d68
152 11 d68
152 12 d68
152 13 d68
152 14 d68
152 15 d69
152 16 d69
152 17 d68
152 18 d69
152 19 d68
152 20 d69
152 21 d69
152 22 d68
152 23 d61
152 24 000
152 25 000
152 26 000
152 27 000
152 28 000
152 29 000
152 30 000
152 31 000
152 32 000
152 33 000
152 34 000
152 35 000
152 36 000
152 37 000
152 38 000
152 39 000
152 40 000
152 41 000
152 42 000
152 43 000
152 44 000
152 45 000
152 46 000
152 47 000
152 48 000
152 49 000
152 50 000
152 51 000
152 52 000
152 53 000
152 54 000
152 55 000
152 56 000
152 57 000
152 58 000
152 59 000
152 60 000
152 61 000
152 62 000
152 63 000
152 64 000
152 65 000
152 66 000
152 67 000
152 68 000
152 69 000
152 70 000
152 71 000
152 72 000
152 73 000
152 74 000
152 75 000
152 76 000
152 77 000
152 78 000
152 79 000
152 80 000
152 81 000
152 82 000
152 83 000
152 84 000
152 85 000
152 86 000
152 87 000
152 88 000
152 89 000
152 90 000
152 91 000
152 92 000
152 93 000
152 94 000
152 95 000
152 96 000
152 97 000
152 98 000
152 99 000
152 100 000
152 101 000
152 102 000
152 103 000
152 104 000
152 105 000
152 106 000
152 107 000
152 108 000
152 109 000
152 110 000
152 111 000
152 112 000
152 113 000
152 114 000
152 115 000
152 116 000
152 117 000
152 118 000
152 119 000
152 120 000
152 121 000
152 122 000
152 123 000
152 124 000
152 125 000
152 126 000
152 127 000
152 128 000
152 129 000
152 130 000
152 131 000
152 132 000
152 133 000
152 134 000
152 135 000
152 136 000
152 137 000
152 138 000
152 139 000
152 140 000
152 141 000
152 142 000
152 143 000
152 144 000
152 145 000
152 146 000
152 147 000
152 148 000
152 149 000
152 150 000
152 151 000
152 152 000
152 153 000
152 154 000
152 155 000
152 156 000
152 157 000
152 158 000
152 159 000
152 160 000
152 161 000
152 162 000
152 163 000
152 164 000
152 165 000
152 166 000
152 167 000
152 168 000
152 169 000
152 170 000
152 171 000
152 172 000
152 173 000
152 174 000
152 175 000
152 176 000
152 177 000
152 178 000
152 179 000
152 180 000
152 181 000
152 182 000
152 183 000
152 184 000
152 185 000
152 186 000
152 187 000
152 188 000
152 189 000
152 190 000
152 191 000
152 192 000
152 193 000
152 194 000
152 195 000
152 196 000
152 197 000
152 198 000
152 199 000
152 200 000
152 201 000
152 202 000
152 203 000
152 204 000
152 205 000
152 206 000
152 207 000
152 208 000
152 209 000
152 210 000
152 211 000
152 212 000
152 213 000
152 214 000
152 215 000
152 216 000
152 217 000
152 218 000
152 219 000
152 220 000
152 221 000
152 222 000
152 223 000
152 224 000
152 225 000
152 226 000
152 227 000
152 228 000
152 229 000
152 230 000
152 231 000
152 232 000
152 233 000
152 234 000
152 235 000
152 236 000
152 237 000
152 238 000
152 239 000
152 240 000
152 241 000
152 242 000
152 243 000
152 244 000
152 245 000
152 246 000
152 247 000
152 248 000
152 249 000
152 250 000
152 251 000
152 252 000
152 253 000
152 254 000
152 255 000
152 256 000
152 257 000
152 258 000
152 259 000
152 260 000
152 261 000
152 262 000
152 263 000
152 264 000
152 265 000
152 266 000
152 267 000
152 268 000
152 269 000
152 270 000
152 271 000
152 272 000
152 273 000
152 274 000
152 275 000
152 276 000
152 277 000
152 278 000
152 279 000
152 280 000
152 281 000
152 282 000
152 283 000
152 284 000
152 285 000
152 286 000
152 287 000
152 288 000
152 289 000
152 290 000
152 291 000
152 292 000
152 293 000
152 294 000
152 295 000
152 296 000
152 297 e26
152 298 e26
152 299 e26
152 300 e25
152 301 e25
152 302 e25
152 303 e25
152 304 e25
152 305 e25
152 306 e25
152 307 e25
152 308 e25
152 309 e25
152 310 e25
152 311 e25
152 312 e25
152 313 e25
152 314 e25
152 315 e25
152 316 e26
152 317 e26
152 318 e26
152 319 e26
153 0 d68
153 1 d68
153 2 d68
153 3 d68
153 4 d68
153 5 d68
153 6 d68
153 7 d68
153 8 d68
153 9 d68
153 10 d68
153 11 d68
153 12 d68
153 13 d68
153 14 d68
153 15 d68
153 16 d68
153 17 d68
153 18 d68
153 19 d68
153 20 d68
153 21 d68
153 22 d68
153 23 d61
153 24 000
153 25 000
153 26 000
153 27 000
153 28 000
153 29 000
153 30 000
153 31 000
153 32 000
153 33 000
153 34 000
153 35 000
153 36 000
153 37 000
153 38 000
153 39 000
153 40 000
153 41 000
153 42 000
153 43 000
153 44 000
153 45 000
153 46 000
153 47 000
153 48 000
153 49 000
153 50 000
153 51 000
153 52 000
153 53 000
153 54 000
153 55 000
153 56 000
153 57 000
153 58 000
153 59 000
153 60 000
153 61 000
153 62 000
153 63 000
153 64 000
153 65 000
153 66 000
153 67 000
153 68 000
153 69 000
153 70 000
153 71 000
153 72 000
153 73 000
153 74 000
153 75 000
153 76 000
153 77 000
153 78 000
153 79 000
153 80 000
153 81 000
153 82 000
153 83 000
153 84 000
153 85 000
153 86 000
153 87 000
153 88 000
153 89 000
153 90 000
153 91 000
153 92 000
153 93 000
153 94 000
153 95 000
153 96 000
153 97 000
153 98 000
153 99 000
153 100 000
153 101 000
153 102 000
153 103 000
153 104 000
153 105 000
153 106 000
153 107 000
153 108 000
153 109 000
153 110 000
153 111 000
153 112 000
153 113 000
153 114 000
153 115 000
153 116 000
153 117 000
153 118 000
153 119 000
153 120 000
153 121 000
153 122 000
153 123 000
153 124 000
153 125 000
153 126 000
153 127 000
153 128 000
153 129 000
153 130 000
153 131 000
153 132 000
153 133 000
153 134 000
153 135 000
153 136 000
153 137 000
153 138 000
153 139 000
153 140 000
153 141 000
153 142 000
153 143 000
153 144 000
153 145 000
153 146 000
153 147 000
153 148 000
153 149 000
153 150 000
153 151 000
153 152 000
153 153 000
153 154 000
153 155 000
153 156 000
153 157 000
153 158 000
153 159 000
153 160 000
153 161 000
153 162 000
153 163 000
153 164 000
153 165 000
153 166 000
153 167 000
153 168 000
153 169 000
153 170 000
153 171 000
153 172 000
153 173 000
153 174 000
153 175 000
153 176 000
153 177 000
153 178 000
153 179 000
153 180 000
153 181 000
153 182 000
153 183 000
153 184 000
153 185 000
153 186 000
153 187 000
153 188 000
153 189 000
153 190 000
153 191 000
153 192 000
153 193 000
153 194 000
153 195 000
153 196 000
153 197 000
153 198 000
153 199 000
153 200 000
153 201 000
153 202 000
153 203 000
153 204 000
153 205 000
153 206 000
153 207 000
153 208 000
153 209 000
153 210 000
153 211 000
153 212 000
153 213 000
153 214 000
153 215 000
153 216 000
153 217 000
153 218 000
153 219 000
153 220 000
153 221 000
153 222 000
153 223 000
153 224 000
153 225 000
153 226 000
153 227 000
153 228 000
153 229 000
153 230 000
153 231 000
153 232 000
153 233 000
153 234 000
153 235 000
153 236 000
153 237 000
153 238 000
153 239 000
153 240 000
153 241 000
153 242 000
153 243 000
153 244 000
153 245 000
153 246 000
153 247 000
153 248 000
153 249 000
153 250 000
153 251 000
153 252 000
153 253 000
153 254 000
153 255 000
153 256 000
153 257 000
153 258 000
153 259 000
153 260 000
153 261 000
153 262 000
153 263 000
153 264 000
153 265 000
153 266 000
153 267 000
153 268 000
153 269 000
153 270 000
153 271 000
153 272 000
153 273 000
153 274 000
153 275 000
153 276 000
153 277 000
153 278 000
153 279 000
153 280 000
153 281 000
153 282 000
153 283 000
153 284 000
153 285 000
153 286 000
153 287 000
153 288 000
153 289 000
153 290 000
153 291 000
153 292 000
153 293 000
153 294 000
153 295 000
153 296 000
153 297 e26
153 298 e26
153 299 e26
153 300 e25
153 301 e25
153 302 e25
153 303 e25
153 304 e26
153 305 e26
153 306 e26
153 307 e26
153 308 e26
153 309 e26
153 310 e25
153 311 e25
153 312 e25
153 313 e25
153 314 e25
153 315 e25
153 316 e26
153 317 e26
153 318 e26
153 319 e26
154 0 d68
154 1 d68
154 2 d68
154 3 d68
154 4 d68
154 5 d68
154 6 d68
154 7 d68
154 8 d68
154 9 d68
154 10 d68
154 11 d68
154 12 d68
154 13 d68
154 14 d68
154 15 d68
154 16 d68
154 17 d68
154 18 d68
154 19 d68
154 20 d68
154 21 d68
154 22 d68
154 23 d61
154 24 000
154 25 000
154 26 000
154 27 000
154 28 000
154 29 000
154 30 000
154 31 000
154 32 000
154 33 000
154 34 000
154 35 000
154 36 000
154 37 000
154 38 000
154 39 000
154 40 000
154 41 000
154 42 000
154 43 000
154 44 000
154 45 000
154 46 000
154 47 000
154 48 000
154 49 000
154 50 000
154 51 000
154 52 000
154 53 000
154 54 000
154 55 000
154 56 000
154 57 000
154 58 000
154 59 000
154 60 000
154 61 000
154 62 000
154 63 000
154 64 000
154 65 000
154 66 000
154 67 000
154 68 000
154 69 000
154 70 000
154 71 000
154 72 000
154 73 000
154 74 000
154 75 000
154 76 000
154 77 000
154 78 000
154 79 000
154 80 000
154 81 000
154 82 000
154 83 000
154 84 000
154 85 000
154 86 000
154 87 000
154 88 000
154 89 000
154 90 000
154 91 000
154 92 000
154 93 000
154 94 000
154 95 000
154 96 000
154 97 000
154 98 000
154 99 000
154 100 000
154 101 000
154 102 000
154 103 000
154 104 000
154 105 000
154 106 000
154 107 000
154 108 000
154 109 000
154 110 000
154 111 000
154 112 000
154 113 000
154 114 000
154 115 000
154 116 000
154 117 000
154 118 000
154 119 000
154 120 000
154 121 000
154 122 000
154 123 000
154 124 000
154 125 000
154 126 000
154 127 000
154 128 000
154 129 000
154 130 000
154 131 000
154 132 000
154 133 000
154 134 000
154 135 000
154 136 000
154 137 000
154 138 000
154 139 000
154 140 000
154 141 000
154 142 000
154 143 000
154 144 000
154 145 000
154 146 000
154 147 000
154 148 000
154 149 000
154 150 000
154 151 000
154 152 000
154 153 000
154 154 000
154 155 000
154 156 000
154 157 000
154 158 000
154 159 000
154 160 000
154 161 000
154 162 000
154 163 000
154 164 000
154 165 000
154 166 000
154 167 000
154 168 000
154 169 000
154 170 000
154 171 000
154 172 000
154 173 000
154 174 000
154 175 000
154 176 000
154 177 000
154 178 000
154 179 000
154 180 000
154 181 000
154 182 000
154 183 000
154 184 000
154 185 000
154 186 000
154 187 000
154 188 000
154 189 000
154 190 000
154 191 000
154 192 000
154 193 000
154 194 000
154 195 000
154 196 000
154 197 000
154 198 000
154 199 000
154 200 000
154 201 000
154 202 000
154 203 000
154 204 000
154 205 000
154 206 000
154 207 000
154 208 000
154 209 000
154 210 000
154 211 000
154 212 000
154 213 000
154 214 000
154 215 000
154 216 000
154 217 000
154 218 000
154 219 000
154 220 000
154 221 000
154 222 000
154 223 000
154 224 000
154 225 000
154 226 000
154 227 000
154 228 000
154 229 000
154 230 000
154 231 000
154 232 000
154 233 000
154 234 000
154 235 000
154 236 000
154 237 000
154 238 000
154 239 000
154 240 000
154 241 000
154 242 000
154 243 000
154 244 000
154 245 000
154 246 000
154 247 000
154 248 000
154 249 000
154 250 000
154 251 000
154 252 000
154 253 000
154 254 000
154 255 000
154 256 000
154 257 000
154 258 000
154 259 000
154 260 000
154 261 000
154 262 000
154 263 000
154 264 000
154 265 000
154 266 000
154 267 000
154 268 000
154 269 000
154 270 000
154 271 000
154 272 000
154 273 000
154 274 000
154 275 000
154 276 000
154 277 000
154 278 000
154 279 000
154 280 000
154 281 000
154 282 000
154 283 000
154 284 000
154 285 000
154 286 000
154 287 000
154 288 000
154 289 000
154 290 000
154 291 000
154 292 000
154 293 000
154 294 000
154 295 000
154 296 000
154 297 e26
154 298 e26
154 299 e26
154 300 e25
154 301 e25
154 302 e25
154 303 e25
154 304 e26
154 305 e26
154 306 e26
154 307 e26
154 308 e26
154 309 e26
154 310 e25
154 311 e25
154 312 e25
154 313 e25
154 314 e25
154 315 e25
154 316 e26
154 317 e26
154 318 e26
154 319 e26
155 0 d61
155 1 d61
155 2 d61
155 3 d61
155 4 d61
155 5 d61
155 6 d61
155 7 d61
155 8 d61
155 9 d61
155 10 d61
155 11 d61
155 12 d61
155 13 d61
155 14 d61
155 15 d61
155 16 d61
155 17 d61
155 18 d61
155 19 d61
155 20 d61
155 21 d61
155 22 d61
155 23 d61
155 24 000
155 25 000
155 26 000
155 27 000
155 28 000
155 29 000
155 30 000
155 31 000
155 32 000
155 33 000
155 34 000
155 35 000
155 36 000
155 37 000
155 38 000
155 39 000
155 40 000
155 41 000
155 42 000
155 43 000
155 44 000
155 45 000
155 46 000
155 47 000
155 48 000
155 49 000
155 50 000
155 51 000
155 52 000
155 53 000
155 54 000
155 55 000
155 56 000
155 57 000
155 58 000
155 59 000
155 60 000
155 61 000
155 62 000
155 63 000
155 64 000
155 65 000
155 66 000
155 67 000
155 68 000
155 69 000
155 70 000
155 71 000
155 72 000
155 73 000
155 74 000
155 75 000
155 76 000
155 77 000
155 78 000
155 79 000
155 80 000
155 81 000
155 82 000
155 83 000
155 84 000
155 85 000
155 86 000
155 87 000
155 88 000
155 89 000
155 90 000
155 91 000
155 92 000
155 93 000
155 94 000
155 95 000
155 96 000
155 97 000
155 98 000
155 99 000
155 100 000
155 101 000
155 102 000
155 103 000
155 104 000
155 105 000
155 106 000
155 107 000
155 108 000
155 109 000
155 110 000
155 111 000
155 112 000
155 113 000
155 114 000
155 115 000
155 116 000
155 117 000
155 118 000
155 119 000
155 120 000
155 121 000
155 122 000
155 123 000
155 124 000
155 125 000
155 126 000
155 127 000
155 128 000
155 129 000
155 130 000
155 131 000
155 132 000
155 133 000
155 134 000
155 135 000
155 136 000
155 137 000
155 138 000
155 139 000
155 140 000
155 141 000
155 142 000
155 143 000
155 144 000
155 145 000
155 146 000
155 147 000
155 148 000
155 149 000
155 150 000
155 151 000
155 152 000
155 153 000
155 154 000
155 155 000
155 156 000
155 157 000
155 158 000
155 159 000
155 160 000
155 161 000
155 162 000
155 163 000
155 164 000
155 165 000
155 166 000
155 167 000
155 168 000
155 169 000
155 170 000
155 171 000
155 172 000
155 173 000
155 174 000
155 175 000
155 176 000
155 177 000
155 178 000
155 179 000
155 180 000
155 181 000
155 182 000
155 183 000
155 184 000
155 185 000
155 186 000
155 187 000
155 188 000
155 189 000
155 190 000
155 191 000
155 192 000
155 193 000
155 194 000
155 195 000
155 196 000
155 197 000
155 198 000
155 199 000
155 200 000
155 201 000
155 202 000
155 203 000
155 204 000
155 205 000
155 206 000
155 207 000
155 208 000
155 209 000
155 210 000
155 211 000
155 212 000
155 213 000
155 214 000
155 215 000
155 216 000
155 217 000
155 218 000
155 219 000
155 220 000
155 221 000
155 222 000
155 223 000
155 224 000
155 225 000
155 226 000
155 227 000
155 228 000
155 229 000
155 230 000
155 231 000
155 232 000
155 233 000
155 234 000
155 235 000
155 236 000
155 237 000
155 238 000
155 239 000
155 240 000
155 241 000
155 242 000
155 243 000
155 244 000
155 245 000
155 246 000
155 247 000
155 248 000
155 249 000
155 250 000
155 251 000
155 252 000
155 253 000
155 254 000
155 255 000
155 256 000
155 257 000
155 258 000
155 259 000
155 260 000
155 261 000
155 262 000
155 263 000
155 264 000
155 265 000
155 266 000
155 267 000
155 268 000
155 269 000
155 270 000
155 271 000
155 272 000
155 273 000
155 274 000
155 275 000
155 276 000
155 277 000
155 278 000
155 279 000
155 280 000
155 281 000
155 282 000
155 283 000
155 284 000
155 285 000
155 286 000
155 287 000
155 288 000
155 289 000
155 290 000
155 291 000
155 292 000
155 293 000
155 294 000
155 295 000
155 296 000
155 297 e26
155 298 e26
155 299 e26
155 300 e25
155 301 e25
155 302 e25
155 303 e25
155 304 e26
155 305 e26
155 306 e26
155 307 e26
155 308 e26
155 309 e26
155 310 e25
155 311 e25
155 312 e25
155 313 e25
155 314 e25
155 315 e25
155 316 e26
155 317 e26
155 318 e26
155 319 e26
156 0 000
156 1 000
156 2 000
156 3 000
156 4 000
156 5 000
156 6 000
156 7 000
156 8 000
156 9 000
156 10 000
156 11 000
156 12 000
156 13 000
156 14 000
156 15 000
156 16 000
156 17 000
156 18 000
156 19 000
156 20 000
156 21 d61
156 22 d61
156 23 d61
156 24 000
156 25 000
156 26 000
156 27 000
156 28 000
156 29 000
156 30 000
156 31 000
156 32 000
156 33 000
156 34 000
156 35 000
156 36 000
156 37 000
156 38 000
156 39 000
156 40 000
156 41 000
156 42 000
156 43 000
156 44 000
156 45 000
156 46 000
156 47 000
156 48 000
156 49 000
156 50 000
156 51 000
156 52 000
156 53 000
156 54 000
156 55 000
156 56 000
156 57 000
156 58 000
156 59 000
156 60 000
156 61 000
156 62 000
156 63 000
156 64 000
156 65 000
156 66 000
156 67 000
156 68 000
156 69 000
156 70 000
156 71 000
156 72 000
156 73 000
156 74 000
156 75 000
156 76 000
156 77 000
156 78 000
156 79 000
156 80 000
156 81 000
156 82 000
156 83 000
156 84 000
156 85 000
156 86 000
156 87 000
156 88 000
156 89 000
156 90 000
156 91 000
156 92 000
156 93 000
156 94 000
156 95 000
156 96 000
156 97 000
156 98 000
156 99 000
156 100 000
156 101 000
156 102 000
156 103 000
156 104 000
156 105 000
156 106 000
156 107 000
156 108 000
156 109 000
156 110 000
156 111 000
156 112 000
156 113 000
156 114 000
156 115 000
156 116 000
156 117 000
156 118 000
156 119 000
156 120 000
156 121 000
156 122 000
156 123 000
156 124 000
156 125 000
156 126 000
156 127 000
156 128 000
156 129 000
156 130 000
156 131 000
156 132 000
156 133 000
156 134 000
156 135 000
156 136 000
156 137 000
156 138 000
156 139 000
156 140 000
156 141 000
156 142 000
156 143 000
156 144 000
156 145 000
156 146 000
156 147 000
156 148 000
156 149 000
156 150 000
156 151 000
156 152 000
156 153 000
156 154 000
156 155 000
156 156 000
156 157 000
156 158 000
156 159 000
156 160 000
156 161 000
156 162 000
156 163 000
156 164 000
156 165 000
156 166 000
156 167 000
156 168 000
156 169 000
156 170 000
156 171 000
156 172 000
156 173 000
156 174 000
156 175 000
156 176 000
156 177 000
156 178 000
156 179 000
156 180 000
156 181 000
156 182 000
156 183 000
156 184 000
156 185 000
156 186 000
156 187 000
156 188 000
156 189 000
156 190 000
156 191 000
156 192 000
156 193 000
156 194 000
156 195 000
156 196 000
156 197 000
156 198 000
156 199 000
156 200 000
156 201 000
156 202 000
156 203 000
156 204 000
156 205 000
156 206 000
156 207 000
156 208 000
156 209 000
156 210 000
156 211 000
156 212 000
156 213 000
156 214 000
156 215 000
156 216 000
156 217 000
156 218 000
156 219 000
156 220 000
156 221 000
156 222 000
156 223 000
156 224 000
156 225 000
156 226 000
156 227 000
156 228 000
156 229 000
156 230 000
156 231 000
156 232 000
156 233 000
156 234 000
156 235 000
156 236 000
156 237 000
156 238 000
156 239 000
156 240 000
156 241 000
156 242 000
156 243 000
156 244 000
156 245 000
156 246 000
156 247 000
156 248 000
156 249 000
156 250 000
156 251 000
156 252 000
156 253 000
156 254 000
156 255 000
156 256 000
156 257 000
156 258 000
156 259 000
156 260 000
156 261 000
156 262 000
156 263 000
156 264 000
156 265 000
156 266 000
156 267 000
156 268 000
156 269 000
156 270 000
156 271 000
156 272 000
156 273 000
156 274 000
156 275 000
156 276 000
156 277 000
156 278 000
156 279 000
156 280 000
156 281 000
156 282 000
156 283 000
156 284 000
156 285 000
156 286 000
156 287 000
156 288 000
156 289 000
156 290 000
156 291 000
156 292 000
156 293 000
156 294 000
156 295 000
156 296 000
156 297 e26
156 298 e26
156 299 e26
156 300 e25
156 301 e25
156 302 e25
156 303 e25
156 304 e26
156 305 e26
156 306 e26
156 307 e26
156 308 e26
156 309 e26
156 310 e25
156 311 e25
156 312 e25
156 313 e25
156 314 e25
156 315 e25
156 316 e26
156 317 e26
156 318 e26
156 319 e26
157 0 000
157 1 000
157 2 000
157 3 000
157 4 000
157 5 000
157 6 000
157 7 000
157 8 000
157 9 000
157 10 000
157 11 000
157 12 000
157 13 000
157 14 000
157 15 000
157 16 000
157 17 000
157 18 000
157 19 000
157 20 000
157 21 d61
157 22 d61
157 23 d61
157 24 000
157 25 000
157 26 000
157 27 000
157 28 000
157 29 000
157 30 000
157 31 000
157 32 000
157 33 000
157 34 000
157 35 000
157 36 000
157 37 000
157 38 000
157 39 000
157 40 000
157 41 000
157 42 000
157 43 000
157 44 000
157 45 000
157 46 000
157 47 000
157 48 000
157 49 000
157 50 000
157 51 000
157 52 000
157 53 000
157 54 000
157 55 000
157 56 000
157 57 000
157 58 000
157 59 000
157 60 000
157 61 000
157 62 000
157 63 000
157 64 000
157 65 000
157 66 000
157 67 000
157 68 000
157 69 000
157 70 000
157 71 000
157 72 000
157 73 000
157 74 000
157 75 000
157 76 000
157 77 000
157 78 000
157 79 000
157 80 000
157 81 000
157 82 000
157 83 000
157 84 000
157 85 000
157 86 000
157 87 000
157 88 000
157 89 000
157 90 000
157 91 000
157 92 000
157 93 000
157 94 000
157 95 000
157 96 000
157 97 000
157 98 000
157 99 000
157 100 000
157 101 000
157 102 000
157 103 000
157 104 000
157 105 000
157 106 000
157 107 000
157 108 000
157 109 000
157 110 000
157 111 000
157 112 000
157 113 000
157 114 000
157 115 000
157 116 000
157 117 000
157 118 000
157 119 000
157 120 000
157 121 000
157 122 000
157 123 000
157 124 000
157 125 000
157 126 000
157 127 000
157 128 000
157 129 000
157 130 000
157 131 000
157 132 000
157 133 000
157 134 000
157 135 000
157 136 000
157 137 000
157 138 000
157 139 000
157 140 000
157 141 000
157 142 000
157 143 000
157 144 000
157 145 000
157 146 000
157 147 000
157 148 000
157 149 000
157 150 000
157 151 000
157 152 000
157 153 000
157 154 000
157 155 000
157 156 000
157 157 000
157 158 000
157 159 000
157 160 000
157 161 000
157 162 000
157 163 000
157 164 000
157 165 000
157 166 000
157 167 000
157 168 000
157 169 000
157 170 000
157 171 000
157 172 000
157 173 000
157 174 000
157 175 000
157 176 000
157 177 000
157 178 000
157 179 000
157 180 000
157 181 000
157 182 000
157 183 000
157 184 000
157 185 000
157 186 000
157 187 000
157 188 000
157 189 000
157 190 000
157 191 000
157 192 000
157 193 000
157 194 000
157 195 000
157 196 000
157 197 000
157 198 000
157 199 000
157 200 000
157 201 000
157 202 000
157 203 000
157 204 000
157 205 000
157 206 000
157 207 000
157 208 000
157 209 000
157 210 000
157 211 000
157 212 000
157 213 000
157 214 000
157 215 000
157 216 000
157 217 000
157 218 000
157 219 000
157 220 000
157 221 000
157 222 000
157 223 000
157 224 000
157 225 000
157 226 000
157 227 000
157 228 000
157 229 000
157 230 000
157 231 000
157 232 000
157 233 000
157 234 000
157 235 000
157 236 000
157 237 000
157 238 000
157 239 000
157 240 000
157 241 000
157 242 000
157 243 000
157 244 000
157 245 000
157 246 000
157 247 000
157 248 000
157 249 000
157 250 000
157 251 000
157 252 000
157 253 000
157 254 000
157 255 000
157 256 000
157 257 000
157 258 000
157 259 000
157 260 000
157 261 000
157 262 000
157 263 000
157 264 000
157 265 000
157 266 000
157 267 000
157 268 000
157 269 000
157 270 000
157 271 000
157 272 000
157 273 000
157 274 000
157 275 000
157 276 000
157 277 000
157 278 000
157 279 000
157 280 000
157 281 000
157 282 000
157 283 000
157 284 000
157 285 000
157 286 000
157 287 000
157 288 000
157 289 000
157 290 000
157 291 000
157 292 000
157 293 000
157 294 000
157 295 000
157 296 000
157 297 e26
157 298 e26
157 299 e26
157 300 e25
157 301 e25
157 302 e25
157 303 e25
157 304 e25
157 305 e25
157 306 e25
157 307 e25
157 308 e25
157 309 e25
157 310 e25
157 311 e25
157 312 e25
157 313 e25
157 314 e25
157 315 e25
157 316 e26
157 317 e26
157 318 e26
157 319 e26
158 0 d62
158 1 d62
158 2 d62
158 3 d62
158 4 d62
158 5 d62
158 6 d62
158 7 d62
158 8 d62
158 9 d62
158 10 d62
158 11 d62
158 12 d62
158 13 d62
158 14 d62
158 15 d62
158 16 d62
158 17 d62
158 18 d62
158 19 d62
158 20 d62
158 21 d61
158 22 d61
158 23 d61
158 24 000
158 25 000
158 26 000
158 27 000
158 28 000
158 29 000
158 30 000
158 31 000
158 32 000
158 33 000
158 34 000
158 35 000
158 36 000
158 37 000
158 38 000
158 39 000
158 40 000
158 41 000
158 42 000
158 43 000
158 44 000
158 45 000
158 46 000
158 47 000
158 48 000
158 49 000
158 50 000
158 51 000
158 52 000
158 53 000
158 54 000
158 55 000
158 56 000
158 57 000
158 58 000
158 59 000
158 60 000
158 61 000
158 62 000
158 63 000
158 64 000
158 65 000
158 66 000
158 67 000
158 68 000
158 69 000
158 70 000
158 71 000
158 72 000
158 73 000
158 74 000
158 75 000
158 76 000
158 77 000
158 78 000
158 79 000
158 80 000
158 81 000
158 82 000
158 83 000
158 84 000
158 85 000
158 86 000
158 87 000
158 88 000
158 89 000
158 90 000
158 91 000
158 92 000
158 93 000
158 94 000
158 95 000
158 96 000
158 97 000
158 98 000
158 99 000
158 100 000
158 101 000
158 102 000
158 103 000
158 104 000
158 105 000
158 106 000
158 107 000
158 108 000
158 109 000
158 110 000
158 111 000
158 112 000
158 113 000
158 114 000
158 115 000
158 116 000
158 117 000
158 118 000
158 119 000
158 120 000
158 121 000
158 122 000
158 123 000
158 124 000
158 125 000
158 126 000
158 127 000
158 128 000
158 129 000
158 130 000
158 131 000
158 132 000
158 133 000
158 134 000
158 135 000
158 136 000
158 137 000
158 138 000
158 139 000
158 140 000
158 141 000
158 142 000
158 143 000
158 144 000
158 145 000
158 146 000
158 147 000
158 148 000
158 149 000
158 150 000
158 151 000
158 152 000
158 153 000
158 154 000
158 155 000
158 156 000
158 157 000
158 158 000
158 159 000
158 160 000
158 161 000
158 162 000
158 163 000
158 164 000
158 165 000
158 166 000
158 167 000
158 168 000
158 169 000
158 170 000
158 171 000
158 172 000
158 173 000
158 174 000
158 175 000
158 176 000
158 177 000
158 178 000
158 179 000
158 180 000
158 181 000
158 182 000
158 183 000
158 184 000
158 185 000
158 186 000
158 187 000
158 188 000
158 189 000
158 190 000
158 191 000
158 192 000
158 193 000
158 194 000
158 195 000
158 196 000
158 197 000
158 198 000
158 199 000
158 200 000
158 201 000
158 202 000
158 203 000
158 204 000
158 205 000
158 206 000
158 207 000
158 208 000
158 209 000
158 210 000
158 211 000
158 212 000
158 213 000
158 214 000
158 215 000
158 216 000
158 217 000
158 218 000
158 219 000
158 220 000
158 221 000
158 222 000
158 223 000
158 224 000
158 225 000
158 226 000
158 227 000
158 228 000
158 229 000
158 230 000
158 231 000
158 232 000
158 233 000
158 234 000
158 235 000
158 236 000
158 237 000
158 238 000
158 239 000
158 240 000
158 241 000
158 242 000
158 243 000
158 244 000
158 245 000
158 246 000
158 247 000
158 248 000
158 249 000
158 250 000
158 251 000
158 252 000
158 253 000
158 254 000
158 255 000
158 256 000
158 257 000
158 258 000
158 259 000
158 260 000
158 261 000
158 262 000
158 263 000
158 264 000
158 265 000
158 266 000
158 267 000
158 268 000
158 269 000
158 270 000
158 271 000
158 272 000
158 273 000
158 274 000
158 275 000
158 276 000
158 277 000
158 278 000
158 279 000
158 280 000
158 281 000
158 282 000
158 283 000
158 284 000
158 285 000
158 286 000
158 287 000
158 288 000
158 289 000
158 290 000
158 291 000
158 292 000
158 293 000
158 294 000
158 295 000
158 296 000
158 297 e26
158 298 e26
158 299 e26
158 300 e25
158 301 e25
158 302 e25
158 303 e25
158 304 e25
158 305 e25
158 306 e25
158 307 e25
158 308 e25
158 309 e25
158 310 e25
158 311 e25
158 312 e25
158 313 e25
158 314 e25
158 315 e25
158 316 e26
158 317 e26
158 318 e26
158 319 e26
159 0 d62
159 1 d62
159 2 d62
159 3 d62
159 4 d62
159 5 d62
159 6 d62
159 7 d62
159 8 d62
159 9 d62
159 10 d62
159 11 d62
159 12 d62
159 13 d62
159 14 d62
159 15 d62
159 16 d62
159 17 d62
159 18 d62
159 19 d62
159 20 d62
159 21 d61
159 22 d61
159 23 d61
159 24 000
159 25 000
159 26 000
159 27 000
159 28 000
159 29 000
159 30 000
159 31 000
159 32 000
159 33 000
159 34 000
159 35 000
159 36 000
159 37 000
159 38 000
159 39 000
159 40 000
159 41 000
159 42 000
159 43 000
159 44 000
159 45 000
159 46 000
159 47 000
159 48 000
159 49 000
159 50 000
159 51 000
159 52 000
159 53 000
159 54 000
159 55 000
159 56 000
159 57 000
159 58 000
159 59 000
159 60 000
159 61 000
159 62 000
159 63 000
159 64 000
159 65 000
159 66 000
159 67 000
159 68 000
159 69 000
159 70 000
159 71 000
159 72 000
159 73 000
159 74 000
159 75 000
159 76 000
159 77 000
159 78 000
159 79 000
159 80 000
159 81 000
159 82 000
159 83 000
159 84 000
159 85 000
159 86 000
159 87 000
159 88 000
159 89 000
159 90 000
159 91 000
159 92 000
159 93 000
159 94 000
159 95 000
159 96 000
159 97 000
159 98 000
159 99 000
159 100 000
159 101 000
159 102 000
159 103 000
159 104 000
159 105 000
159 106 000
159 107 000
159 108 000
159 109 000
159 110 000
159 111 000
159 112 000
159 113 000
159 114 000
159 115 000
159 116 000
159 117 000
159 118 000
159 119 000
159 120 000
159 121 000
159 122 000
159 123 000
159 124 000
159 125 000
159 126 000
159 127 000
159 128 000
159 129 000
159 130 000
159 131 000
159 132 000
159 133 000
159 134 000
159 135 000
159 136 000
159 137 000
159 138 000
159 139 000
159 140 000
159 141 000
159 142 000
159 143 000
159 144 000
159 145 000
159 146 000
159 147 000
159 148 000
159 149 000
159 150 000
159 151 000
159 152 000
159 153 000
159 154 000
159 155 000
159 156 000
159 157 000
159 158 000
159 159 000
159 160 000
159 161 000
159 162 000
159 163 000
159 164 000
159 165 000
159 166 000
159 167 000
159 168 000
159 169 000
159 170 000
159 171 000
159 172 000
159 173 000
159 174 000
159 175 000
159 176 000
159 177 000
159 178 000
159 179 000
159 180 000
159 181 000
159 182 000
159 183 000
159 184 000
159 185 000
159 186 000
159 187 000
159 188 000
159 189 000
159 190 000
159 191 000
159 192 000
159 193 000
159 194 000
159 195 000
159 196 000
159 197 000
159 198 000
159 199 000
159 200 000
159 201 000
159 202 000
159 203 000
159 204 000
159 205 000
159 206 000
159 207 000
159 208 000
159 209 000
159 210 000
159 211 000
159 212 000
159 213 000
159 214 000
159 215 000
159 216 000
159 217 000
159 218 000
159 219 000
159 220 000
159 221 000
159 222 000
159 223 000
159 224 000
159 225 000
159 226 000
159 227 000
159 228 000
159 229 000
159 230 000
159 231 000
159 232 000
159 233 000
159 234 000
159 235 000
159 236 000
159 237 000
159 238 000
159 239 000
159 240 000
159 241 000
159 242 000
159 243 000
159 244 000
159 245 000
159 246 000
159 247 000
159 248 000
159 249 000
159 250 000
159 251 000
159 252 000
159 253 000
159 254 000
159 255 000
159 256 000
159 257 000
159 258 000
159 259 000
159 260 000
159 261 000
159 262 000
159 263 000
159 264 000
159 265 000
159 266 000
159 267 000
159 268 000
159 269 000
159 270 000
159 271 000
159 272 000
159 273 000
159 274 000
159 275 000
159 276 000
159 277 000
159 278 000
159 279 000
159 280 000
159 281 000
159 282 000
159 283 000
159 284 000
159 285 000
159 286 000
159 287 000
159 288 000
159 289 000
159 290 000
159 291 000
159 292 000
159 293 000
159 294 000
159 295 000
159 296 000
159 297 e26
159 298 e26
159 299 e26
159 300 e25
159 301 e25
159 302 e25
159 303 e25
159 304 e25
159 305 e25
159 306 e25
159 307 e25
159 308 e25
159 309 e25
159 310 e25
159 311 e25
159 312 e25
159 313 e25
159 314 e25
159 315 e26
159 316 e26
159 317 e26
159 318 e26
159 319 e26
160 0 d62
160 1 d62
160 2 d62
160 3 d62
160 4 d62
160 5 d62
160 6 d62
160 7 d62
160 8 d62
160 9 d62
160 10 d62
160 11 d62
160 12 d62
160 13 d62
160 14 d62
160 15 d62
160 16 d62
160 17 d62
160 18 d62
160 19 d62
160 20 d62
160 21 d61
160 22 d61
160 23 d61
160 24 000
160 25 000
160 26 000
160 27 000
160 28 000
160 29 000
160 30 000
160 31 000
160 32 000
160 33 000
160 34 000
160 35 000
160 36 000
160 37 000
160 38 000
160 39 000
160 40 000
160 41 000
160 42 000
160 43 000
160 44 000
160 45 000
160 46 000
160 47 000
160 48 000
160 49 000
160 50 000
160 51 000
160 52 000
160 53 000
160 54 000
160 55 000
160 56 000
160 57 000
160 58 000
160 59 000
160 60 000
160 61 000
160 62 000
160 63 000
160 64 000
160 65 000
160 66 000
160 67 000
160 68 000
160 69 000
160 70 000
160 71 000
160 72 000
160 73 000
160 74 000
160 75 000
160 76 000
160 77 000
160 78 000
160 79 000
160 80 000
160 81 000
160 82 000
160 83 000
160 84 000
160 85 000
160 86 000
160 87 000
160 88 000
160 89 000
160 90 000
160 91 000
160 92 000
160 93 000
160 94 000
160 95 000
160 96 000
160 97 000
160 98 000
160 99 000
160 100 000
160 101 000
160 102 000
160 103 000
160 104 000
160 105 000
160 106 000
160 107 000
160 108 000
160 109 000
160 110 000
160 111 000
160 112 000
160 113 000
160 114 000
160 115 000
160 116 000
160 117 000
160 118 000
160 119 000
160 120 000
160 121 000
160 122 000
160 123 000
160 124 000
160 125 000
160 126 000
160 127 000
160 128 000
160 129 000
160 130 000
160 131 000
160 132 000
160 133 000
160 134 000
160 135 000
160 136 000
160 137 000
160 138 000
160 139 000
160 140 000
160 141 000
160 142 000
160 143 000
160 144 000
160 145 000
160 146 000
160 147 000
160 148 000
160 149 000
160 150 000
160 151 000
160 152 000
160 153 000
160 154 000
160 155 000
160 156 000
160 157 000
160 158 000
160 159 000
160 160 000
160 161 000
160 162 000
160 163 000
160 164 000
160 165 000
160 166 000
160 167 000
160 168 000
160 169 000
160 170 000
160 171 000
160 172 000
160 173 000
160 174 000
160 175 000
160 176 000
160 177 000
160 178 000
160 179 000
160 180 000
160 181 000
160 182 000
160 183 000
160 184 000
160 185 000
160 186 000
160 187 000
160 188 000
160 189 000
160 190 000
160 191 000
160 192 000
160 193 000
160 194 000
160 195 000
160 196 000
160 197 000
160 198 000
160 199 000
160 200 000
160 201 000
160 202 000
160 203 000
160 204 000
160 205 000
160 206 000
160 207 000
160 208 000
160 209 000
160 210 000
160 211 000
160 212 000
160 213 000
160 214 000
160 215 000
160 216 000
160 217 000
160 218 000
160 219 000
160 220 000
160 221 000
160 222 000
160 223 000
160 224 000
160 225 000
160 226 000
160 227 000
160 228 000
160 229 000
160 230 000
160 231 000
160 232 000
160 233 000
160 234 000
160 235 000
160 236 000
160 237 000
160 238 000
160 239 000
160 240 000
160 241 000
160 242 000
160 243 000
160 244 000
160 245 000
160 246 000
160 247 000
160 248 000
160 249 000
160 250 000
160 251 000
160 252 000
160 253 000
160 254 000
160 255 000
160 256 000
160 257 000
160 258 000
160 259 000
160 260 000
160 261 000
160 262 000
160 263 000
160 264 000
160 265 000
160 266 000
160 267 000
160 268 000
160 269 000
160 270 000
160 271 000
160 272 000
160 273 000
160 274 000
160 275 000
160 276 000
160 277 000
160 278 000
160 279 000
160 280 000
160 281 000
160 282 000
160 283 000
160 284 000
160 285 000
160 286 000
160 287 000
160 288 000
160 289 000
160 290 000
160 291 000
160 292 000
160 293 000
160 294 000
160 295 000
160 296 000
160 297 e26
160 298 e26
160 299 e26
160 300 e25
160 301 e25
160 302 e25
160 303 e25
160 304 e25
160 305 e25
160 306 e25
160 307 e25
160 308 e25
160 309 e25
160 310 e25
160 311 e25
160 312 e25
160 313 e25
160 314 e26
160 315 e26
160 316 e26
160 317 e26
160 318 e26
160 319 e26
161 0 000
161 1 000
161 2 000
161 3 000
161 4 000
161 5 000
161 6 000
161 7 000
161 8 000
161 9 000
161 10 000
161 11 000
161 12 000
161 13 000
161 14 000
161 15 000
161 16 000
161 17 000
161 18 000
161 19 000
161 20 000
161 21 000
161 22 000
161 23 000
161 24 000
161 25 000
161 26 000
161 27 000
161 28 000
161 29 000
161 30 000
161 31 000
161 32 000
161 33 000
161 34 000
161 35 000
161 36 000
161 37 000
161 38 000
161 39 000
161 40 000
161 41 000
161 42 000
161 43 000
161 44 000
161 45 000
161 46 000
161 47 000
161 48 000
161 49 000
161 50 000
161 51 000
161 52 000
161 53 000
161 54 000
161 55 000
161 56 000
161 57 000
161 58 000
161 59 000
161 60 000
161 61 000
161 62 000
161 63 000
161 64 000
161 65 000
161 66 000
161 67 000
161 68 000
161 69 000
161 70 000
161 71 000
161 72 000
161 73 000
161 74 000
161 75 000
161 76 000
161 77 000
161 78 000
161 79 000
161 80 000
161 81 000
161 82 000
161 83 000
161 84 000
161 85 000
161 86 000
161 87 000
161 88 000
161 89 000
161 90 000
161 91 000
161 92 000
161 93 000
161 94 000
161 95 000
161 96 000
161 97 000
161 98 000
161 99 000
161 100 000
161 101 000
161 102 000
161 103 000
161 104 000
161 105 000
161 106 000
161 107 000
161 108 000
161 109 000
161 110 000
161 111 000
161 112 000
161 113 000
161 114 000
161 115 000
161 116 000
161 117 000
161 118 000
161 119 000
161 120 000
161 121 000
161 122 000
161 123 000
161 124 000
161 125 000
161 126 000
161 127 000
161 128 000
161 129 000
161 130 000
161 131 000
161 132 000
161 133 000
161 134 000
161 135 000
161 136 000
161 137 000
161 138 000
161 139 000
161 140 000
161 141 000
161 142 000
161 143 000
161 144 000
161 145 000
161 146 000
161 147 000
161 148 000
161 149 000
161 150 000
161 151 000
161 152 000
161 153 000
161 154 000
161 155 000
161 156 000
161 157 000
161 158 000
161 159 000
161 160 000
161 161 000
161 162 000
161 163 000
161 164 000
161 165 000
161 166 000
161 167 000
161 168 000
161 169 000
161 170 000
161 171 000
161 172 000
161 173 000
161 174 000
161 175 000
161 176 000
161 177 000
161 178 000
161 179 000
161 180 000
161 181 000
161 182 000
161 183 000
161 184 000
161 185 000
161 186 000
161 187 000
161 188 000
161 189 000
161 190 000
161 191 000
161 192 000
161 193 000
161 194 000
161 195 000
161 196 000
161 197 000
161 198 000
161 199 000
161 200 000
161 201 000
161 202 000
161 203 000
161 204 000
161 205 000
161 206 000
161 207 000
161 208 000
161 209 000
161 210 000
161 211 000
161 212 000
161 213 000
161 214 000
161 215 000
161 216 000
161 217 000
161 218 000
161 219 000
161 220 000
161 221 000
161 222 000
161 223 000
161 224 000
161 225 000
161 226 000
161 227 000
161 228 000
161 229 000
161 230 000
161 231 000
161 232 000
161 233 000
161 234 000
161 235 000
161 236 000
161 237 000
161 238 000
161 239 000
161 240 000
161 241 000
161 242 000
161 243 000
161 244 000
161 245 000
161 246 000
161 247 000
161 248 000
161 249 000
161 250 000
161 251 000
161 252 000
161 253 000
161 254 000
161 255 000
161 256 000
161 257 000
161 258 000
161 259 000
161 260 000
161 261 000
161 262 000
161 263 000
161 264 000
161 265 000
161 266 000
161 267 000
161 268 000
161 269 000
161 270 000
161 271 000
161 272 000
161 273 000
161 274 000
161 275 000
161 276 000
161 277 000
161 278 000
161 279 000
161 280 000
161 281 000
161 282 000
161 283 000
161 284 000
161 285 000
161 286 000
161 287 000
161 288 000
161 289 000
161 290 000
161 291 000
161 292 000
161 293 000
161 294 000
161 295 000
161 296 000
161 297 e26
161 298 e26
161 299 e26
161 300 e25
161 301 e25
161 302 e25
161 303 e25
161 304 e25
161 305 e25
161 306 e25
161 307 e25
161 308 e25
161 309 e25
161 310 e25
161 311 e25
161 312 e25
161 313 e25
161 314 e25
161 315 e25
161 316 e25
161 317 e25
161 318 e25
161 319 e25
162 0 000
162 1 000
162 2 000
162 3 000
162 4 000
162 5 000
162 6 000
162 7 000
162 8 000
162 9 000
162 10 000
162 11 000
162 12 000
162 13 000
162 14 000
162 15 000
162 16 000
162 17 000
162 18 000
162 19 000
162 20 000
162 21 000
162 22 000
162 23 000
162 24 000
162 25 000
162 26 000
162 27 000
162 28 000
162 29 000
162 30 000
162 31 000
162 32 000
162 33 000
162 34 000
162 35 000
162 36 000
162 37 000
162 38 000
162 39 000
162 40 000
162 41 000
162 42 000
162 43 000
162 44 000
162 45 000
162 46 000
162 47 000
162 48 000
162 49 000
162 50 000
162 51 000
162 52 000
162 53 000
162 54 000
162 55 000
162 56 000
162 57 000
162 58 000
162 59 000
162 60 000
162 61 000
162 62 000
162 63 000
162 64 000
162 65 000
162 66 000
162 67 000
162 68 000
162 69 000
162 70 000
162 71 000
162 72 000
162 73 000
162 74 000
162 75 000
162 76 000
162 77 000
162 78 000
162 79 000
162 80 000
162 81 000
162 82 000
162 83 000
162 84 000
162 85 000
162 86 000
162 87 000
162 88 000
162 89 000
162 90 000
162 91 000
162 92 000
162 93 000
162 94 000
162 95 000
162 96 000
162 97 000
162 98 000
162 99 000
162 100 000
162 101 000
162 102 000
162 103 000
162 104 000
162 105 000
162 106 000
162 107 000
162 108 000
162 109 000
162 110 000
162 111 000
162 112 000
162 113 000
162 114 000
162 115 000
162 116 000
162 117 000
162 118 000
162 119 000
162 120 000
162 121 000
162 122 000
162 123 000
162 124 000
162 125 000
162 126 000
162 127 000
162 128 000
162 129 000
162 130 000
162 131 000
162 132 000
162 133 000
162 134 000
162 135 000
162 136 000
162 137 000
162 138 000
162 139 000
162 140 000
162 141 000
162 142 000
162 143 000
162 144 000
162 145 000
162 146 000
162 147 000
162 148 000
162 149 000
162 150 000
162 151 000
162 152 000
162 153 000
162 154 000
162 155 000
162 156 000
162 157 000
162 158 000
162 159 000
162 160 000
162 161 000
162 162 000
162 163 000
162 164 000
162 165 000
162 166 000
162 167 000
162 168 000
162 169 000
162 170 000
162 171 c1e
162 172 c1e
162 173 c1e
162 174 c1e
162 175 c1e
162 176 000
162 177 000
162 178 000
162 179 000
162 180 000
162 181 000
162 182 000
162 183 000
162 184 000
162 185 000
162 186 000
162 187 000
162 188 000
162 189 000
162 190 000
162 191 000
162 192 000
162 193 000
162 194 000
162 195 000
162 196 000
162 197 000
162 198 000
162 199 000
162 200 000
162 201 000
162 202 000
162 203 000
162 204 000
162 205 000
162 206 000
162 207 000
162 208 000
162 209 000
162 210 000
162 211 000
162 212 000
162 213 000
162 214 000
162 215 000
162 216 000
162 217 000
162 218 000
162 219 000
162 220 000
162 221 000
162 222 000
162 223 000
162 224 000
162 225 000
162 226 000
162 227 000
162 228 000
162 229 000
162 230 000
162 231 000
162 232 000
162 233 000
162 234 000
162 235 000
162 236 000
162 237 000
162 238 000
162 239 000
162 240 000
162 241 000
162 242 000
162 243 000
162 244 000
162 245 000
162 246 000
162 247 000
162 248 000
162 249 000
162 250 000
162 251 000
162 252 000
162 253 000
162 254 000
162 255 000
162 256 000
162 257 000
162 258 000
162 259 000
162 260 000
162 261 000
162 262 000
162 263 000
162 264 000
162 265 000
162 266 000
162 267 000
162 268 000
162 269 000
162 270 000
162 271 000
162 272 000
162 273 000
162 274 000
162 275 000
162 276 000
162 277 000
162 278 000
162 279 000
162 280 000
162 281 000
162 282 000
162 283 000
162 284 000
162 285 000
162 286 000
162 287 000
162 288 000
162 289 000
162 290 000
162 291 000
162 292 000
162 293 000
162 294 000
162 295 000
162 296 000
162 297 e26
162 298 e26
162 299 e26
162 300 e26
162 301 e26
162 302 e26
162 303 e26
162 304 e26
162 305 e26
162 306 e26
162 307 e26
162 308 e26
162 309 e26
162 310 e26
162 311 e26
162 312 e26
162 313 e26
162 314 e26
162 315 e26
162 316 e26
162 317 e26
162 318 e26
162 319 e26
163 0 000
163 1 000
163 2 000
163 3 000
163 4 000
163 5 000
163 6 000
163 7 000
163 8 000
163 9 000
163 10 000
163 11 000
163 12 000
163 13 000
163 14 000
163 15 000
163 16 000
163 17 000
163 18 000
163 19 000
163 20 000
163 21 000
163 22 000
163 23 000
163 24 000
163 25 000
163 26 000
163 27 000
163 28 000
163 29 000
163 30 000
163 31 000
163 32 000
163 33 000
163 34 000
163 35 000
163 36 000
163 37 000
163 38 000
163 39 000
163 40 000
163 41 000
163 42 000
163 43 000
163 44 000
163 45 000
163 46 000
163 47 000
163 48 000
163 49 000
163 50 000
163 51 000
163 52 000
163 53 000
163 54 000
163 55 000
163 56 000
163 57 000
163 58 000
163 59 000
163 60 000
163 61 000
163 62 000
163 63 000
163 64 000
163 65 000
163 66 000
163 67 000
163 68 000
163 69 000
163 70 000
163 71 000
163 72 000
163 73 000
163 74 000
163 75 000
163 76 000
163 77 000
163 78 000
163 79 000
163 80 000
163 81 000
163 82 000
163 83 000
163 84 000
163 85 000
163 86 000
163 87 000
163 88 000
163 89 000
163 90 000
163 91 000
163 92 000
163 93 000
163 94 000
163 95 000
163 96 000
163 97 000
163 98 000
163 99 000
163 100 000
163 101 000
163 102 000
163 103 000
163 104 000
163 105 000
163 106 000
163 107 000
163 108 000
163 109 000
163 110 000
163 111 000
163 112 000
163 113 000
163 114 000
163 115 000
163 116 000
163 117 000
163 118 000
163 119 000
163 120 000
163 121 000
163 122 000
163 123 000
163 124 000
163 125 000
163 126 000
163 127 000
163 128 000
163 129 000
163 130 000
163 131 000
163 132 000
163 133 000
163 134 000
163 135 000
163 136 000
163 137 000
163 138 000
163 139 000
163 140 000
163 141 000
163 142 000
163 143 000
163 144 000
163 145 000
163 146 000
163 147 000
163 148 000
163 149 000
163 150 000
163 151 000
163 152 000
163 153 000
163 154 000
163 155 000
163 156 000
163 157 000
163 158 000
163 159 000
163 160 000
163 161 000
163 162 000
163 163 000
163 164 000
163 165 000
163 166 000
163 167 000
163 168 000
163 169 c1e
163 170 c1e
163 171 c1e
163 172 c1e
163 173 c1e
163 174 c1e
163 175 c1e
163 176 c16
163 177 c16
163 178 000
163 179 000
163 180 000
163 181 000
163 182 000
163 183 000
163 184 000
163 185 000
163 186 000
163 187 000
163 188 000
163 189 000
163 190 000
163 191 000
163 192 000
163 193 000
163 194 000
163 195 000
163 196 000
163 197 000
163 198 000
163 199 000
163 200 000
163 201 000
163 202 000
163 203 000
163 204 000
163 205 000
163 206 000
163 207 000
163 208 000
163 209 000
163 210 000
163 211 000
163 212 000
163 213 000
163 214 000
163 215 000
163 216 000
163 217 000
163 218 000
163 219 000
163 220 000
163 221 000
163 222 000
163 223 000
163 224 000
163 225 000
163 226 000
163 227 000
163 228 000
163 229 000
163 230 000
163 231 000
163 232 000
163 233 000
163 234 000
163 235 000
163 236 000
163 237 000
163 238 000
163 239 000
163 240 000
163 241 000
163 242 000
163 243 000
163 244 000
163 245 000
163 246 000
163 247 000
163 248 000
163 249 000
163 250 000
163 251 000
163 252 000
163 253 000
163 254 000
163 255 000
163 256 000
163 257 000
163 258 000
163 259 000
163 260 000
163 261 000
163 262 000
163 263 000
163 264 000
163 265 000
163 266 000
163 267 000
163 268 000
163 269 000
163 270 000
163 271 000
163 272 000
163 273 000
163 274 000
163 275 000
163 276 000
163 277 000
163 278 000
163 279 000
163 280 000
163 281 000
163 282 000
163 283 000
163 284 000
163 285 000
163 286 000
163 287 000
163 288 000
163 289 000
163 290 000
163 291 000
163 292 000
163 293 000
163 294 000
163 295 000
163 296 000
163 297 e26
163 298 e26
163 299 e26
163 300 e26
163 301 e26
163 302 e26
163 303 e26
163 304 e26
163 305 e26
163 306 e26
163 307 e26
163 308 e26
163 309 e26
163 310 e26
163 311 e26
163 312 e26
163 313 e26
163 314 e26
163 315 e26
163 316 e26
163 317 e26
163 318 e26
163 319 e26
164 0 000
164 1 000
164 2 000
164 3 000
164 4 000
164 5 000
164 6 000
164 7 000
164 8 000
164 9 000
164 10 000
164 11 000
164 12 000
164 13 000
164 14 000
164 15 000
164 16 000
164 17 000
164 18 000
164 19 000
164 20 000
164 21 000
164 22 000
164 23 000
164 24 000
164 25 000
164 26 000
164 27 000
164 28 000
164 29 000
164 30 000
164 31 000
164 32 000
164 33 000
164 34 000
164 35 000
164 36 000
164 37 000
164 38 000
164 39 000
164 40 000
164 41 000
164 42 000
164 43 000
164 44 000
164 45 000
164 46 000
164 47 000
164 48 000
164 49 000
164 50 000
164 51 000
164 52 000
164 53 000
164 54 000
164 55 000
164 56 000
164 57 000
164 58 000
164 59 000
164 60 000
164 61 000
164 62 000
164 63 000
164 64 000
164 65 000
164 66 000
164 67 000
164 68 000
164 69 000
164 70 000
164 71 000
164 72 000
164 73 000
164 74 000
164 75 000
164 76 000
164 77 000
164 78 000
164 79 000
164 80 000
164 81 000
164 82 000
164 83 000
164 84 000
164 85 000
164 86 000
164 87 000
164 88 000
164 89 000
164 90 000
164 91 000
164 92 000
164 93 000
164 94 000
164 95 000
164 96 000
164 97 000
164 98 000
164 99 000
164 100 000
164 101 000
164 102 000
164 103 000
164 104 000
164 105 000
164 106 000
164 107 000
164 108 000
164 109 000
164 110 000
164 111 000
164 112 000
164 113 000
164 114 000
164 115 000
164 116 000
164 117 000
164 118 000
164 119 000
164 120 000
164 121 000
164 122 000
164 123 000
164 124 000
164 125 000
164 126 000
164 127 000
164 128 000
164 129 000
164 130 000
164 131 000
164 132 000
164 133 000
164 134 000
164 135 000
164 136 000
164 137 000
164 138 000
164 139 000
164 140 000
164 141 000
164 142 000
164 143 000
164 144 000
164 145 000
164 146 000
164 147 000
164 148 000
164 149 000
164 150 000
164 151 000
164 152 000
164 153 000
164 154 000
164 155 000
164 156 000
164 157 000
164 158 000
164 159 000
164 160 000
164 161 000
164 162 000
164 163 000
164 164 000
164 165 000
164 166 000
164 167 000
164 168 c1e
164 169 c1e
164 170 c1e
164 171 c14
164 172 c14
164 173 c14
164 174 c14
164 175 c14
164 176 c16
164 177 c16
164 178 c16
164 179 000
164 180 000
164 181 000
164 182 000
164 183 000
164 184 000
164 185 000
164 186 000
164 187 000
164 188 000
164 189 000
164 190 000
164 191 000
164 192 000
164 193 000
164 194 000
164 195 000
164 196 000
164 197 000
164 198 000
164 199 000
164 200 000
164 201 000
164 202 000
164 203 000
164 204 000
164 205 000
164 206 000
164 207 000
164 208 000
164 209 000
164 210 000
164 211 000
164 212 000
164 213 000
164 214 000
164 215 000
164 216 000
164 217 000
164 218 000
164 219 000
164 220 000
164 221 000
164 222 000
164 223 000
164 224 000
164 225 000
164 226 000
164 227 000
164 228 000
164 229 000
164 230 000
164 231 000
164 232 000
164 233 000
164 234 000
164 235 000
164 236 000
164 237 000
164 238 000
164 239 000
164 240 000
164 241 000
164 242 000
164 243 000
164 244 000
164 245 000
164 246 000
164 247 000
164 248 000
164 249 000
164 250 000
164 251 000
164 252 000
164 253 000
164 254 000
164 255 000
164 256 000
164 257 000
164 258 000
164 259 000
164 260 000
164 261 000
164 262 000
164 263 000
164 264 000
164 265 000
164 266 000
164 267 000
164 268 000
164 269 000
164 270 000
164 271 000
164 272 000
164 273 000
164 274 000
164 275 000
164 276 000
164 277 000
164 278 000
164 279 000
164 280 000
164 281 000
164 282 000
164 283 000
164 284 000
164 285 000
164 286 000
164 287 000
164 288 000
164 289 000
164 290 000
164 291 000
164 292 000
164 293 000
164 294 000
164 295 000
164 296 000
164 297 000
164 298 000
164 299 000
164 300 000
164 301 000
164 302 000
164 303 000
164 304 000
164 305 000
164 306 000
164 307 000
164 308 000
164 309 000
164 310 000
164 311 000
164 312 000
164 313 000
164 314 000
164 315 000
164 316 000
164 317 000
164 318 000
164 319 000
165 0 000
165 1 000
165 2 000
165 3 000
165 4 000
165 5 000
165 6 000
165 7 000
165 8 000
165 9 000
165 10 000
165 11 000
165 12 000
165 13 000
165 14 000
165 15 000
165 16 000
165 17 000
165 18 000
165 19 000
165 20 000
165 21 000
165 22 000
165 23 000
165 24 000
165 25 000
165 26 000
165 27 000
165 28 000
165 29 000
165 30 000
165 31 000
165 32 000
165 33 000
165 34 000
165 35 000
165 36 000
165 37 000
165 38 000
165 39 000
165 40 000
165 41 000
165 42 000
165 43 000
165 44 000
165 45 000
165 46 000
165 47 000
165 48 000
165 49 000
165 50 000
165 51 000
165 52 000
165 53 000
165 54 000
165 55 000
165 56 000
165 57 000
165 58 000
165 59 000
165 60 000
165 61 000
165 62 000
165 63 000
165 64 000
165 65 000
165 66 000
165 67 000
165 68 000
165 69 000
165 70 000
165 71 000
165 72 000
165 73 000
165 74 000
165 75 000
165 76 000
165 77 000
165 78 000
165 79 000
165 80 000
165 81 000
165 82 000
165 83 000
165 84 000
165 85 000
165 86 000
165 87 000
165 88 000
165 89 000
165 90 000
165 91 000
165 92 000
165 93 000
165 94 000
165 95 000
165 96 000
165 97 000
165 98 000
165 99 000
165 100 000
165 101 000
165 102 000
165 103 000
165 104 000
165 105 000
165 106 000
165 107 000
165 108 000
165 109 000
165 110 000
165 111 000
165 112 000
165 113 000
165 114 000
165 115 000
165 116 000
165 117 000
165 118 000
165 119 000
165 120 000
165 121 000
165 122 000
165 123 000
165 124 000
165 125 000
165 126 000
165 127 000
165 128 000
165 129 000
165 130 000
165 131 000
165 132 000
165 133 000
165 134 000
165 135 000
165 136 000
165 137 000
165 138 000
165 139 000
165 140 000
165 141 000
165 142 000
165 143 000
165 144 000
165 145 000
165 146 000
165 147 000
165 148 000
165 149 000
165 150 000
165 151 000
165 152 000
165 153 000
165 154 000
165 155 000
165 156 000
165 157 000
165 158 000
165 159 000
165 160 000
165 161 000
165 162 000
165 163 000
165 164 000
165 165 000
165 166 000
165 167 000
165 168 c1e
165 169 c14
165 170 c14
165 171 c12
165 172 c12
165 173 c12
165 174 c12
165 175 c12
165 176 c14
165 177 c14
165 178 c16
165 179 000
165 180 000
165 181 000
165 182 000
165 183 000
165 184 000
165 185 000
165 186 000
165 187 000
165 188 000
165 189 000
165 190 000
165 191 000
165 192 000
165 193 000
165 194 000
165 195 000
165 196 000
165 197 000
165 198 000
165 199 000
165 200 000
165 201 000
165 202 000
165 203 000
165 204 000
165 205 000
165 206 000
165 207 000
165 208 000
165 209 000
165 210 000
165 211 000
165 212 000
165 213 000
165 214 000
165 215 000
165 216 000
165 217 000
165 218 000
165 219 000
165 220 000
165 221 000
165 222 000
165 223 000
165 224 000
165 225 000
165 226 000
165 227 000
165 228 000
165 229 000
165 230 000
165 231 000
165 232 000
165 233 000
165 234 000
165 235 000
165 236 000
165 237 000
165 238 000
165 239 000
165 240 000
165 241 000
165 242 000
165 243 000
165 244 000
165 245 000
165 246 000
165 247 000
165 248 000
165 249 000
165 250 000
165 251 000
165 252 000
165 253 000
165 254 000
165 255 000
165 256 000
165 257 000
165 258 000
165 259 000
165 260 000
165 261 000
165 262 000
165 263 000
165 264 000
165 265 000
165 266 000
165 267 000
165 268 000
165 269 000
165 270 000
165 271 000
165 272 000
165 273 000
165 274 000
165 275 000
165 276 000
165 277 000
165 278 000
165 279 000
165 280 000
165 281 000
165 282 000
165 283 000
165 284 000
165 285 000
165 286 000
165 287 000
165 288 000
165 289 000
165 290 000
165 291 000
165 292 000
165 293 000
165 294 000
165 295 000
165 296 000
165 297 000
165 298 000
165 299 000
165 300 000
165 301 000
165 302 000
165 303 000
165 304 000
165 305 000
165 306 000
165 307 000
165 308 000
165 309 000
165 310 000
165 311 000
165 312 000
165 313 000
165 314 000
165 315 000
165 316 000
165 317 000
165 318 000
165 319 000
166 0 000
166 1 000
166 2 000
166 3 000
166 4 000
166 5 000
166 6 000
166 7 000
166 8 000
166 9 000
166 10 000
166 11 000
166 12 000
166 13 000
166 14 000
166 15 000
166 16 000
166 17 000
166 18 000
166 19 000
166 20 000
166 21 000
166 22 000
166 23 000
166 24 000
166 25 000
166 26 000
166 27 000
166 28 000
166 29 000
166 30 000
166 31 000
166 32 000
166 33 000
166 34 000
166 35 000
166 36 000
166 37 000
166 38 000
166 39 000
166 40 000
166 41 000
166 42 000
166 43 000
166 44 000
166 45 000
166 46 000
166 47 000
166 48 000
166 49 000
166 50 000
166 51 000
166 52 000
166 53 000
166 54 000
166 55 000
166 56 000
166 57 000
166 58 000
166 59 000
166 60 000
166 61 000
166 62 000
166 63 000
166 64 000
166 65 000
166 66 000
166 67 000
166 68 000
166 69 000
166 70 000
166 71 000
166 72 000
166 73 000
166 74 000
166 75 000
166 76 000
166 77 000
166 78 000
166 79 000
166 80 000
166 81 000
166 82 000
166 83 000
166 84 000
166 85 000
166 86 000
166 87 000
166 88 000
166 89 000
166 90 000
166 91 000
166 92 000
166 93 000
166 94 000
166 95 000
166 96 000
166 97 000
166 98 000
166 99 000
166 100 000
166 101 000
166 102 000
166 103 000
166 104 000
166 105 000
166 106 000
166 107 000
166 108 000
166 109 000
166 110 000
166 111 000
166 112 000
166 113 000
166 114 000
166 115 000
166 116 000
166 117 000
166 118 000
166 119 000
166 120 000
166 121 000
166 122 000
166 123 000
166 124 000
166 125 000
166 126 000
166 127 000
166 128 000
166 129 000
166 130 000
166 131 000
166 132 000
166 133 000
166 134 000
166 135 000
166 136 000
166 137 000
166 138 000
166 139 000
166 140 000
166 141 000
166 142 000
166 143 000
166 144 000
166 145 000
166 146 000
166 147 000
166 148 000
166 149 000
166 150 000
166 151 000
166 152 000
166 153 000
166 154 000
166 155 000
166 156 000
166 157 000
166 158 000
166 159 000
166 160 000
166 161 000
166 162 000
166 163 000
166 164 000
166 165 000
166 166 000
166 167 000
166 168 c14
166 169 c12
166 170 c12
166 171 c12
166 172 c12
166 173 c12
166 174 c12
166 175 c15
166 176 c15
166 177 c12
166 178 c14
166 179 000
166 180 000
166 181 000
166 182 000
166 183 000
166 184 000
166 185 000
166 186 000
166 187 000
166 188 000
166 189 000
166 190 000
166 191 000
166 192 000
166 193 000
166 194 000
166 195 000
166 196 000
166 197 000
166 198 000
166 199 000
166 200 000
166 201 000
166 202 000
166 203 000
166 204 000
166 205 000
166 206 000
166 207 000
166 208 000
166 209 000
166 210 000
166 211 000
166 212 000
166 213 000
166 214 000
166 215 000
166 216 000
166 217 000
166 218 000
166 219 000
166 220 000
166 221 000
166 222 000
166 223 000
166 224 000
166 225 000
166 226 000
166 227 000
166 228 000
166 229 000
166 230 000
166 231 000
166 232 000
166 233 000
166 234 000
166 235 000
166 236 000
166 237 000
166 238 000
166 239 000
166 240 000
166 241 000
166 242 000
166 243 000
166 244 000
166 245 000
166 246 000
166 247 000
166 248 000
166 249 000
166 250 000
166 251 000
166 252 000
166 253 000
166 254 000
166 255 000
166 256 000
166 257 000
166 258 000
166 259 000
166 260 000
166 261 000
166 262 000
166 263 000
166 264 000
166 265 000
166 266 000
166 267 000
166 268 000
166 269 000
166 270 000
166 271 000
166 272 000
166 273 000
166 274 000
166 275 000
166 276 000
166 277 000
166 278 000
166 279 000
166 280 000
166 281 000
166 282 000
166 283 000
166 284 000
166 285 000
166 286 000
166 287 000
166 288 000
166 289 000
166 290 000
166 291 000
166 292 000
166 293 000
166 294 000
166 295 000
166 296 000
166 297 000
166 298 000
166 299 000
166 300 000
166 301 000
166 302 000
166 303 000
166 304 000
166 305 000
166 306 000
166 307 000
166 308 000
166 309 000
166 310 000
166 311 000
166 312 000
166 313 000
166 314 000
166 315 000
166 316 000
166 317 000
166 318 000
166 319 000
167 0 000
167 1 000
167 2 000
167 3 000
167 4 000
167 5 000
167 6 000
167 7 000
167 8 000
167 9 000
167 10 000
167 11 000
167 12 000
167 13 000
167 14 000
167 15 000
167 16 000
167 17 000
167 18 000
167 19 000
167 20 000
167 21 000
167 22 000
167 23 000
167 24 000
167 25 000
167 26 000
167 27 000
167 28 000
167 29 000
167 30 000
167 31 000
167 32 000
167 33 000
167 34 000
167 35 000
167 36 000
167 37 000
167 38 000
167 39 000
167 40 000
167 41 000
167 42 000
167 43 000
167 44 000
167 45 000
167 46 000
167 47 000
167 48 000
167 49 000
167 50 000
167 51 000
167 52 000
167 53 000
167 54 000
167 55 000
167 56 000
167 57 000
167 58 000
167 59 000
167 60 000
167 61 000
167 62 000
167 63 000
167 64 000
167 65 000
167 66 000
167 67 000
167 68 000
167 69 000
167 70 000
167 71 000
167 72 000
167 73 000
167 74 000
167 75 000
167 76 000
167 77 000
167 78 000
167 79 000
167 80 000
167 81 000
167 82 000
167 83 000
167 84 000
167 85 000
167 86 000
167 87 000
167 88 000
167 89 000
167 90 000
167 91 000
167 92 000
167 93 000
167 94 000
167 95 000
167 96 000
167 97 000
167 98 000
167 99 000
167 100 000
167 101 000
167 102 000
167 103 000
167 104 000
167 105 000
167 106 000
167 107 000
167 108 000
167 109 000
167 110 000
167 111 000
167 112 000
167 113 000
167 114 000
167 115 000
167 116 000
167 117 000
167 118 000
167 119 000
167 120 000
167 121 000
167 122 000
167 123 000
167 124 000
167 125 000
167 126 000
167 127 000
167 128 000
167 129 000
167 130 000
167 131 000
167 132 000
167 133 000
167 134 000
167 135 000
167 136 000
167 137 000
167 138 000
167 139 000
167 140 000
167 141 000
167 142 000
167 143 000
167 144 000
167 145 000
167 146 000
167 147 000
167 148 000
167 149 000
167 150 000
167 151 000
167 152 000
167 153 000
167 154 000
167 155 000
167 156 000
167 157 000
167 158 000
167 159 000
167 160 000
167 161 c14
167 162 c14
167 163 c14
167 164 c14
167 165 c14
167 166 000
167 167 000
167 168 c12
167 169 c12
167 170 c12
167 171 c15
167 172 c15
167 173 c15
167 174 c15
167 175 c15
167 176 c12
167 177 c15
167 178 c15
167 179 c1e
167 180 000
167 181 000
167 182 000
167 183 000
167 184 000
167 185 000
167 186 000
167 187 000
167 188 000
167 189 000
167 190 000
167 191 000
167 192 000
167 193 000
167 194 000
167 195 000
167 196 000
167 197 000
167 198 000
167 199 000
167 200 000
167 201 000
167 202 000
167 203 000
167 204 000
167 205 000
167 206 000
167 207 000
167 208 000
167 209 000
167 210 000
167 211 000
167 212 000
167 213 000
167 214 000
167 215 000
167 216 000
167 217 000
167 218 000
167 219 000
167 220 000
167 221 000
167 222 000
167 223 000
167 224 000
167 225 000
167 226 000
167 227 000
167 228 000
167 229 000
167 230 000
167 231 000
167 232 000
167 233 000
167 234 000
167 235 000
167 236 000
167 237 000
167 238 000
167 239 000
167 240 000
167 241 000
167 242 000
167 243 000
167 244 000
167 245 000
167 246 000
167 247 000
167 248 000
167 249 000
167 250 000
167 251 000
167 252 000
167 253 000
167 254 000
167 255 000
167 256 000
167 257 000
167 258 000
167 259 000
167 260 000
167 261 000
167 262 000
167 263 000
167 264 000
167 265 000
167 266 000
167 267 000
167 268 000
167 269 000
167 270 000
167 271 000
167 272 000
167 273 000
167 274 000
167 275 000
167 276 000
167 277 000
167 278 000
167 279 000
167 280 000
167 281 000
167 282 000
167 283 000
167 284 000
167 285 000
167 286 000
167 287 000
167 288 000
167 289 000
167 290 000
167 291 000
167 292 000
167 293 000
167 294 000
167 295 000
167 296 000
167 297 e24
167 298 e24
167 299 e24
167 300 e24
167 301 e24
167 302 e24
167 303 e24
167 304 e24
167 305 e24
167 306 e24
167 307 e24
167 308 e24
167 309 e24
167 310 e24
167 311 e24
167 312 e24
167 313 e24
167 314 e24
167 315 e24
167 316 e24
167 317 e24
167 318 e24
167 319 e24
168 0 000
168 1 000
168 2 000
168 3 000
168 4 000
168 5 000
168 6 000
168 7 000
168 8 000
168 9 000
168 10 000
168 11 000
168 12 000
168 13 000
168 14 000
168 15 000
168 16 000
168 17 000
168 18 000
168 19 000
168 20 000
168 21 000
168 22 000
168 23 000
168 24 000
168 25 000
168 26 000
168 27 000
168 28 000
168 29 000
168 30 000
168 31 000
168 32 000
168 33 000
168 34 000
168 35 000
168 36 000
168 37 000
168 38 000
168 39 000
168 40 000
168 41 000
168 42 000
168 43 000
168 44 000
168 45 000
168 46 000
168 47 000
168 48 000
168 49 000
168 50 000
168 51 000
168 52 000
168 53 000
168 54 000
168 55 000
168 56 000
168 57 000
168 58 000
168 59 000
168 60 000
168 61 000
168 62 000
168 63 000
168 64 000
168 65 000
168 66 000
168 67 000
168 68 000
168 69 000
168 70 000
168 71 000
168 72 000
168 73 000
168 74 000
168 75 000
168 76 000
168 77 000
168 78 000
168 79 000
168 80 000
168 81 000
168 82 000
168 83 000
168 84 000
168 85 000
168 86 000
168 87 000
168 88 000
168 89 000
168 90 000
168 91 000
168 92 000
168 93 000
168 94 000
168 95 000
168 96 000
168 97 000
168 98 000
168 99 000
168 100 000
168 101 000
168 102 000
168 103 000
168 104 000
168 105 000
168 106 000
168 107 000
168 108 000
168 109 000
168 110 000
168 111 000
168 112 000
168 113 000
168 114 000
168 115 000
168 116 000
168 117 000
168 118 000
168 119 000
168 120 000
168 121 000
168 122 000
168 123 000
168 124 000
168 125 000
168 126 000
168 127 000
168 128 000
168 129 000
168 130 000
168 131 000
168 132 000
168 133 000
168 134 000
168 135 000
168 136 000
168 137 000
168 138 000
168 139 000
168 140 000
168 141 000
168 142 000
168 143 000
168 144 000
168 145 000
168 146 000
168 147 000
168 148 000
168 149 000
168 150 000
168 151 000
168 152 000
168 153 000
168 154 000
168 155 000
168 156 000
168 157 000
168 158 000
168 159 000
168 160 c14
168 161 c11
168 162 c11
168 163 c11
168 164 c11
168 165 c11
168 166 c14
168 167 c14
168 168 c12
168 169 c15
168 170 c15
168 171 c1b
168 172 c1b
168 173 c1b
168 174 c1b
168 175 c15
168 176 c15
168 177 c15
168 178 c15
168 179 c1e
168 180 000
168 181 000
168 182 000
168 183 000
168 184 000
168 185 000
168 186 000
168 187 000
168 188 000
168 189 000
168 190 000
168 191 000
168 192 000
168 193 000
168 194 000
168 195 000
168 196 000
168 197 000
168 198 000
168 199 000
168 200 000
168 201 000
168 202 000
168 203 000
168 204 000
168 205 000
168 206 000
168 207 000
168 208 000
168 209 000
168 210 000
168 211 000
168 212 000
168 213 000
168 214 000
168 215 000
168 216 000
168 217 000
168 218 000
168 219 000
168 220 000
168 221 000
168 222 000
168 223 000
168 224 000
168 225 000
168 226 000
168 227 000
168 228 000
168 229 000
168 230 000
168 231 000
168 232 000
168 233 000
168 234 000
168 235 000
168 236 000
168 237 000
168 238 000
168 239 000
168 240 000
168 241 000
168 242 000
168 243 000
168 244 000
168 245 000
168 246 000
168 247 000
168 248 000
168 249 000
168 250 000
168 251 000
168 252 000
168 253 000
168 254 000
168 255 000
168 256 000
168 257 000
168 258 000
168 259 000
168 260 000
168 261 000
168 262 000
168 263 000
168 264 000
168 265 000
168 266 000
168 267 000
168 268 000
168 269 000
168 270 000
168 271 000
168 272 000
168 273 000
168 274 000
168 275 000
168 276 000
168 277 000
168 278 000
168 279 000
168 280 000
168 281 000
168 282 000
168 283 000
168 284 000
168 285 000
168 286 000
168 287 000
168 288 000
168 289 000
168 290 000
168 291 000
168 292 000
168 293 000
168 294 000
168 295 000
168 296 000
168 297 e24
168 298 e26
168 299 e26
168 300 e26
168 301 e26
168 302 e26
168 303 e26
168 304 e26
168 305 e26
168 306 e26
168 307 e26
168 308 e26
168 309 e26
168 310 e26
168 311 e26
168 312 e26
168 313 e26
168 314 e26
168 315 e26
168 316 e26
168 317 e26
168 318 e26
168 319 e26
169 0 000
169 1 000
169 2 000
169 3 000
169 4 000
169 5 000
169 6 000
169 7 000
169 8 000
169 9 000
169 10 000
169 11 000
169 12 000
169 13 000
169 14 000
169 15 000
169 16 000
169 17 000
169 18 000
169 19 000
169 20 000
169 21 000
169 22 000
169 23 000
169 24 000
169 25 000
169 26 000
169 27 000
169 28 000
169 29 000
169 30 000
169 31 000
169 32 000
169 33 000
169 34 000
169 35 000
169 36 000
169 37 000
169 38 000
169 39 000
169 40 000
169 41 000
169 42 000
169 43 000
169 44 000
169 45 000
169 46 000
169 47 000
169 48 000
169 49 000
169 50 000
169 51 000
169 52 000
169 53 000
169 54 000
169 55 000
169 56 000
169 57 000
169 58 000
169 59 000
169 60 000
169 61 000
169 62 000
169 63 000
169 64 000
169 65 000
169 66 000
169 67 000
169 68 000
169 69 000
169 70 000
169 71 000
169 72 000
169 73 000
169 74 000
169 75 000
169 76 000
169 77 000
169 78 000
169 79 000
169 80 000
169 81 000
169 82 000
169 83 000
169 84 000
169 85 000
169 86 000
169 87 000
169 88 000
169 89 000
169 90 000
169 91 000
169 92 000
169 93 000
169 94 000
169 95 000
169 96 000
169 97 000
169 98 000
169 99 000
169 100 000
169 101 000
169 102 000
169 103 000
169 104 000
169 105 000
169 106 000
169 107 000
169 108 000
169 109 000
169 110 000
169 111 000
169 112 000
169 113 000
169 114 000
169 115 000
169 116 000
169 117 000
169 118 000
169 119 000
169 120 000
169 121 000
169 122 000
169 123 000
169 124 000
169 125 000
169 126 000
169 127 000
169 128 000
169 129 000
169 130 000
169 131 000
169 132 000
169 133 000
169 134 000
169 135 000
169 136 000
169 137 000
169 138 000
169 139 000
169 140 000
169 141 000
169 142 000
169 143 000
169 144 000
169 145 000
169 146 000
169 147 000
169 148 000
169 149 000
169 150 000
169 151 000
169 152 000
169 153 000
169 154 000
169 155 000
169 156 000
169 157 000
169 158 000
169 159 c14
169 160 c11
169 161 c11
169 162 c11
169 163 c11
169 164 c11
169 165 c11
169 166 c11
169 167 c11
169 168 c12
169 169 c15
169 170 c1b
169 171 c1b
169 172 c1b
169 173 c1b
169 174 c1b
169 175 c1a
169 176 c15
169 177 c15
169 178 c15
169 179 c14
169 180 000
169 181 000
169 182 000
169 183 000
169 184 000
169 185 000
169 186 000
169 187 000
169 188 000
169 189 000
169 190 000
169 191 000
169 192 000
169 193 000
169 194 000
169 195 000
169 196 000
169 197 000
169 198 000
169 199 000
169 200 000
169 201 000
169 202 000
169 203 000
169 204 000
169 205 000
169 206 000
169 207 000
169 208 000
169 209 000
169 210 000
169 211 000
169 212 000
169 213 000
169 214 000
169 215 000
169 216 000
169 217 000
169 218 000
169 219 000
169 220 000
169 221 000
169 222 000
169 223 000
169 224 000
169 225 000
169 226 000
169 227 000
169 228 000
169 229 000
169 230 000
169 231 000
169 232 000
169 233 000
169 234 000
169 235 000
169 236 000
169 237 000
169 238 000
169 239 000
169 240 000
169 241 000
169 242 000
169 243 000
169 244 000
169 245 000
169 246 000
169 247 000
169 248 000
169 249 000
169 250 000
169 251 000
169 252 000
169 253 000
169 254 000
169 255 000
169 256 000
169 257 000
169 258 000
169 259 000
169 260 000
169 261 000
169 262 000
169 263 000
169 264 000
169 265 000
169 266 000
169 267 000
169 268 000
169 269 000
169 270 000
169 271 000
169 272 000
169 273 000
169 274 000
169 275 000
169 276 000
169 277 000
169 278 000
169 279 000
169 280 000
169 281 000
169 282 000
169 283 000
169 284 000
169 285 000
169 286 000
169 287 000
169 288 000
169 289 000
169 290 000
169 291 000
169 292 000
169 293 000
169 294 000
169 295 000
169 296 000
169 297 e24
169 298 e26
169 299 e26
169 300 e26
169 301 e26
169 302 e26
169 303 e26
169 304 e2a
169 305 e2a
169 306 e2a
169 307 e2a
169 308 e26
169 309 e26
169 310 e26
169 311 e2a
169 312 e2a
169 313 e2a
169 314 e2a
169 315 e2a
169 316 e26
169 317 e26
169 318 e26
169 319 e26
170 0 000
170 1 000
170 2 000
170 3 000
170 4 000
170 5 000
170 6 000
170 7 000
170 8 000
170 9 000
170 10 000
170 11 000
170 12 000
170 13 000
170 14 000
170 15 000
170 16 000
170 17 000
170 18 000
170 19 000
170 20 000
170 21 000
170 22 000
170 23 000
170 24 000
170 25 000
170 26 000
170 27 000
170 28 000
170 29 000
170 30 000
170 31 000
170 32 000
170 33 000
170 34 000
170 35 000
170 36 000
170 37 000
170 38 000
170 39 000
170 40 000
170 41 000
170 42 000
170 43 000
170 44 000
170 45 000
170 46 000
170 47 000
170 48 000
170 49 000
170 50 000
170 51 000
170 52 000
170 53 000
170 54 000
170 55 000
170 56 000
170 57 000
170 58 000
170 59 000
170 60 000
170 61 000
170 62 000
170 63 000
170 64 000
170 65 000
170 66 000
170 67 000
170 68 000
170 69 000
170 70 000
170 71 000
170 72 000
170 73 000
170 74 000
170 75 000
170 76 000
170 77 000
170 78 000
170 79 000
170 80 000
170 81 000
170 82 000
170 83 000
170 84 000
170 85 000
170 86 000
170 87 000
170 88 000
170 89 000
170 90 000
170 91 000
170 92 000
170 93 000
170 94 000
170 95 000
170 96 000
170 97 000
170 98 000
170 99 000
170 100 000
170 101 000
170 102 000
170 103 000
170 104 000
170 105 000
170 106 000
170 107 000
170 108 000
170 109 000
170 110 000
170 111 000
170 112 000
170 113 000
170 114 000
170 115 000
170 116 000
170 117 000
170 118 000
170 119 000
170 120 000
170 121 000
170 122 000
170 123 000
170 124 000
170 125 000
170 126 000
170 127 000
170 128 000
170 129 000
170 130 000
170 131 000
170 132 000
170 133 000
170 134 000
170 135 000
170 136 000
170 137 000
170 138 000
170 139 000
170 140 000
170 141 000
170 142 000
170 143 000
170 144 000
170 145 000
170 146 000
170 147 000
170 148 000
170 149 000
170 150 000
170 151 000
170 152 000
170 153 000
170 154 000
170 155 000
170 156 000
170 157 000
170 158 c14
170 159 c11
170 160 c11
170 161 c11
170 162 c11
170 163 c11
170 164 c11
170 165 c1e
170 166 c1e
170 167 c1e
170 168 c1e
170 169 c1e
170 170 c1b
170 171 c16
170 172 c16
170 173 c16
170 174 c16
170 175 c1b
170 176 c1b
170 177 c1b
170 178 c15
170 179 c14
170 180 000
170 181 000
170 182 000
170 183 000
170 184 000
170 185 000
170 186 000
170 187 000
170 188 000
170 189 000
170 190 000
170 191 000
170 192 000
170 193 000
170 194 000
170 195 000
170 196 000
170 197 000
170 198 000
170 199 000
170 200 000
170 201 000
170 202 000
170 203 000
170 204 000
170 205 000
170 206 000
170 207 000
170 208 000
170 209 000
170 210 000
170 211 000
170 212 000
170 213 000
170 214 000
170 215 000
170 216 000
170 217 000
170 218 000
170 219 000
170 220 000
170 221 000
170 222 000
170 223 000
170 224 000
170 225 000
170 226 000
170 227 000
170 228 000
170 229 000
170 230 000
170 231 000
170 232 000
170 233 000
170 234 000
170 235 000
170 236 000
170 237 000
170 238 000
170 239 000
170 240 000
170 241 000
170 242 000
170 243 000
170 244 000
170 245 000
170 246 000
170 247 000
170 248 000
170 249 000
170 250 000
170 251 000
170 252 000
170 253 000
170 254 000
170 255 000
170 256 000
170 257 000
170 258 000
170 259 000
170 260 000
170 261 000
170 262 000
170 263 000
170 264 000
170 265 000
170 266 000
170 267 000
170 268 000
170 269 000
170 270 000
170 271 000
170 272 000
170 273 000
170 274 000
170 275 000
170 276 000
170 277 000
170 278 000
170 279 000
170 280 000
170 281 000
170 282 000
170 283 000
170 284 000
170 285 000
170 286 000
170 287 000
170 288 000
170 289 000
170 290 000
170 291 000
170 292 000
170 293 000
170 294 000
170 295 000
170 296 000
170 297 e24
170 298 e26
170 299 e26
170 300 e26
170 301 e26
170 302 e26
170 303 e26
170 304 e2a
170 305 e2a
170 306 e2a
170 307 e2a
170 308 e26
170 309 e26
170 310 e26
170 311 e2a
170 312 e2a
170 313 e2a
170 314 e2a
170 315 e2a
170 316 e26
170 317 e26
170 318 e26
170 319 e26
171 0 000
171 1 000
171 2 000
171 3 000
171 4 000
171 5 000
171 6 000
171 7 000
171 8 000
171 9 000
171 10 000
171 11 000
171 12 000
171 13 000
171 14 000
171 15 000
171 16 000
171 17 000
171 18 000
171 19 000
171 20 000
171 21 000
171 22 000
171 23 000
171 24 000
171 25 000
171 26 000
171 27 000
171 28 000
171 29 000
171 30 000
171 31 000
171 32 000
171 33 000
171 34 000
171 35 000
171 36 000
171 37 000
171 38 000
171 39 000
171 40 000
171 41 000
171 42 000
171 43 000
171 44 000
171 45 000
171 46 000
171 47 000
171 48 000
171 49 000
171 50 000
171 51 000
171 52 000
171 53 000
171 54 000
171 55 000
171 56 000
171 57 000
171 58 000
171 59 000
171 60 000
171 61 000
171 62 000
171 63 000
171 64 000
171 65 000
171 66 000
171 67 000
171 68 000
171 69 000
171 70 000
171 71 000
171 72 000
171 73 000
171 74 000
171 75 000
171 76 000
171 77 000
171 78 000
171 79 000
171 80 000
171 81 000
171 82 000
171 83 000
171 84 000
171 85 000
171 86 000
171 87 000
171 88 000
171 89 000
171 90 000
171 91 000
171 92 000
171 93 000
171 94 000
171 95 000
171 96 000
171 97 000
171 98 000
171 99 000
171 100 000
171 101 000
171 102 000
171 103 000
171 104 000
171 105 000
171 106 000
171 107 000
171 108 000
171 109 000
171 110 000
171 111 000
171 112 000
171 113 000
171 114 000
171 115 000
171 116 000
171 117 000
171 118 000
171 119 000
171 120 000
171 121 000
171 122 000
171 123 000
171 124 000
171 125 000
171 126 000
171 127 000
171 128 000
171 129 000
171 130 000
171 131 000
171 132 000
171 133 000
171 134 000
171 135 000
171 136 000
171 137 000
171 138 000
171 139 000
171 140 000
171 141 000
171 142 000
171 143 000
171 144 000
171 145 000
171 146 000
171 147 000
171 148 000
171 149 000
171 150 000
171 151 000
171 152 000
171 153 000
171 154 000
171 155 000
171 156 c16
171 157 c16
171 158 c16
171 159 c1e
171 160 c1e
171 161 c1e
171 162 c1e
171 163 c1e
171 164 c1e
171 165 c17
171 166 c17
171 167 c14
171 168 c17
171 169 c1e
171 170 c1e
171 171 c1e
171 172 c1e
171 173 c1e
171 174 c1e
171 175 c16
171 176 c16
171 177 c1b
171 178 c1b
171 179 c14
171 180 000
171 181 000
171 182 000
171 183 000
171 184 000
171 185 000
171 186 000
171 187 000
171 188 000
171 189 000
171 190 000
171 191 000
171 192 000
171 193 000
171 194 000
171 195 000
171 196 000
171 197 000
171 198 000
171 199 000
171 200 000
171 201 000
171 202 000
171 203 000
171 204 000
171 205 000
171 206 000
171 207 000
171 208 000
171 209 000
171 210 000
171 211 000
171 212 000
171 213 000
171 214 000
171 215 000
171 216 000
171 217 000
171 218 000
171 219 000
171 220 000
171 221 000
171 222 000
171 223 000
171 224 000
171 225 000
171 226 000
171 227 000
171 228 000
171 229 000
171 230 000
171 231 000
171 232 000
171 233 000
171 234 000
171 235 000
171 236 000
171 237 000
171 238 000
171 239 000
171 240 000
171 241 000
171 242 000
171 243 000
171 244 000
171 245 000
171 246 000
171 247 000
171 248 000
171 249 000
171 250 000
171 251 000
171 252 000
171 253 000
171 254 000
171 255 000
171 256 000
171 257 000
171 258 000
171 259 000
171 260 000
171 261 000
171 262 000
171 263 000
171 264 000
171 265 000
171 266 000
171 267 000
171 268 000
171 269 000
171 270 000
171 271 000
171 272 000
171 273 000
171 274 000
171 275 000
171 276 000
171 277 000
171 278 000
171 279 000
171 280 000
171 281 000
171 282 000
171 283 000
171 284 000
171 285 000
171 286 000
171 287 000
171 288 000
171 289 000
171 290 000
171 291 000
171 292 000
171 293 000
171 294 000
171 295 000
171 296 000
171 297 e24
171 298 e26
171 299 e26
171 300 e26
171 301 e26
171 302 e26
171 303 e26
171 304 e2a
171 305 e2a
171 306 e2a
171 307 e2a
171 308 e26
171 309 e26
171 310 e26
171 311 e2a
171 312 e2a
171 313 e2a
171 314 e26
171 315 e26
171 316 e26
171 317 e26
171 318 e26
171 319 e26
172 0 000
172 1 000
172 2 000
172 3 000
172 4 000
172 5 000
172 6 000
172 7 000
172 8 000
172 9 000
172 10 000
172 11 000
172 12 000
172 13 000
172 14 000
172 15 000
172 16 000
172 17 000
172 18 000
172 19 000
172 20 000
172 21 000
172 22 000
172 23 000
172 24 000
172 25 000
172 26 000
172 27 000
172 28 000
172 29 000
172 30 000
172 31 000
172 32 000
172 33 000
172 34 000
172 35 000
172 36 000
172 37 000
172 38 000
172 39 000
172 40 000
172 41 000
172 42 000
172 43 000
172 44 000
172 45 000
172 46 000
172 47 000
172 48 000
172 49 000
172 50 000
172 51 000
172 52 000
172 53 000
172 54 000
172 55 000
172 56 000
172 57 000
172 58 000
172 59 000
172 60 000
172 61 000
172 62 000
172 63 000
172 64 000
172 65 000
172 66 000
172 67 000
172 68 000
172 69 000
172 70 000
172 71 000
172 72 000
172 73 000
172 74 000
172 75 000
172 76 000
172 77 000
172 78 000
172 79 000
172 80 000
172 81 000
172 82 000
172 83 000
172 84 000
172 85 000
172 86 000
172 87 000
172 88 000
172 89 000
172 90 000
172 91 000
172 92 000
172 93 000
172 94 000
172 95 000
172 96 000
172 97 000
172 98 000
172 99 000
172 100 000
172 101 000
172 102 000
172 103 000
172 104 000
172 105 000
172 106 000
172 107 000
172 108 000
172 109 000
172 110 000
172 111 000
172 112 000
172 113 000
172 114 000
172 115 000
172 116 000
172 117 000
172 118 000
172 119 000
172 120 000
172 121 000
172 122 000
172 123 000
172 124 000
172 125 000
172 126 000
172 127 000
172 128 000
172 129 000
172 130 000
172 131 000
172 132 000
172 133 000
172 134 000
172 135 000
172 136 000
172 137 000
172 138 000
172 139 000
172 140 000
172 141 000
172 142 000
172 143 000
172 144 000
172 145 000
172 146 000
172 147 000
172 148 000
172 149 000
172 150 000
172 151 000
172 152 000
172 153 000
172 154 c16
172 155 c16
172 156 c1e
172 157 c1e
172 158 c14
172 159 c1e
172 160 c1e
172 161 c14
172 162 c14
172 163 c14
172 164 c14
172 165 c16
172 166 c16
172 167 c1e
172 168 c16
172 169 c14
172 170 c1e
172 171 c1e
172 172 c1e
172 173 c1e
172 174 c1e
172 175 c1e
172 176 c1e
172 177 c16
172 178 c1b
172 179 c14
172 180 000
172 181 000
172 182 000
172 183 000
172 184 000
172 185 000
172 186 000
172 187 000
172 188 000
172 189 000
172 190 000
172 191 000
172 192 000
172 193 000
172 194 000
172 195 000
172 196 000
172 197 000
172 198 000
172 199 000
172 200 000
172 201 000
172 202 000
172 203 000
172 204 000
172 205 000
172 206 000
172 207 000
172 208 000
172 209 000
172 210 000
172 211 000
172 212 000
172 213 000
172 214 000
172 215 000
172 216 000
172 217 000
172 218 000
172 219 000
172 220 000
172 221 000
172 222 000
172 223 000
172 224 000
172 225 000
172 226 000
172 227 000
172 228 000
172 229 000
172 230 000
172 231 000
172 232 000
172 233 000
172 234 000
172 235 000
172 236 000
172 237 000
172 238 000
172 239 000
172 240 000
172 241 000
172 242 000
172 243 000
172 244 000
172 245 000
172 246 000
172 247 000
172 248 000
172 249 000
172 250 000
172 251 000
172 252 000
172 253 000
172 254 000
172 255 000
172 256 000
172 257 000
172 258 000
172 259 000
172 260 000
172 261 000
172 262 000
172 263 000
172 264 000
172 265 000
172 266 000
172 267 000
172 268 000
172 269 000
172 270 000
172 271 000
172 272 000
172 273 000
172 274 000
172 275 000
172 276 000
172 277 000
172 278 000
172 279 000
172 280 000
172 281 000
172 282 000
172 283 000
172 284 000
172 285 000
172 286 000
172 287 000
172 288 000
172 289 000
172 290 000
172 291 000
172 292 000
172 293 000
172 294 000
172 295 000
172 296 000
172 297 e24
172 298 e26
172 299 e26
172 300 e26
172 301 e26
172 302 e26
172 303 e26
172 304 e2a
172 305 e2a
172 306 e2a
172 307 e2a
172 308 e2a
172 309 e2a
172 310 e2a
172 311 e26
172 312 e26
172 313 e26
172 314 e26
172 315 e26
172 316 e26
172 317 e26
172 318 e26
172 319 e26
173 0 000
173 1 000
173 2 000
173 3 000
173 4 000
173 5 000
173 6 000
173 7 000
173 8 000
173 9 000
173 10 000
173 11 000
173 12 000
173 13 000
173 14 000
173 15 000
173 16 000
173 17 000
173 18 000
173 19 000
173 20 000
173 21 000
173 22 000
173 23 000
173 24 000
173 25 000
173 26 000
173 27 000
173 28 000
173 29 000
173 30 000
173 31 000
173 32 000
173 33 000
173 34 000
173 35 000
173 36 000
173 37 000
173 38 000
173 39 000
173 40 000
173 41 000
173 42 000
173 43 000
173 44 000
173 45 000
173 46 000
173 47 000
173 48 000
173 49 000
173 50 000
173 51 000
173 52 000
173 53 000
173 54 000
173 55 000
173 56 000
173 57 000
173 58 000
173 59 000
173 60 000
173 61 000
173 62 000
173 63 000
173 64 000
173 65 000
173 66 000
173 67 000
173 68 000
173 69 000
173 70 000
173 71 000
173 72 000
173 73 000
173 74 000
173 75 000
173 76 000
173 77 000
173 78 000
173 79 000
173 80 000
173 81 000
173 82 000
173 83 000
173 84 000
173 85 000
173 86 000
173 87 000
173 88 000
173 89 000
173 90 000
173 91 000
173 92 000
173 93 000
173 94 000
173 95 000
173 96 000
173 97 000
173 98 000
173 99 000
173 100 000
173 101 000
173 102 000
173 103 000
173 104 000
173 105 000
173 106 000
173 107 000
173 108 000
173 109 000
173 110 000
173 111 000
173 112 000
173 113 000
173 114 000
173 115 000
173 116 000
173 117 000
173 118 000
173 119 000
173 120 000
173 121 000
173 122 000
173 123 000
173 124 000
173 125 000
173 126 000
173 127 000
173 128 000
173 129 000
173 130 000
173 131 000
173 132 000
173 133 000
173 134 000
173 135 000
173 136 000
173 137 000
173 138 000
173 139 000
173 140 000
173 141 000
173 142 000
173 143 000
173 144 000
173 145 000
173 146 000
173 147 000
173 148 000
173 149 000
173 150 000
173 151 000
173 152 000
173 153 000
173 154 c16
173 155 c1e
173 156 c14
173 157 c14
173 158 c1e
173 159 c14
173 160 c14
173 161 c1e
173 162 c1e
173 163 c16
173 164 c16
173 165 c17
173 166 c14
173 167 c14
173 168 c14
173 169 c1e
173 170 c14
173 171 c14
173 172 c1e
173 173 c1e
173 174 c1e
173 175 c1e
173 176 c1e
173 177 c16
173 178 c16
173 179 c14
173 180 000
173 181 000
173 182 000
173 183 000
173 184 000
173 185 000
173 186 000
173 187 000
173 188 000
173 189 000
173 190 000
173 191 000
173 192 000
173 193 000
173 194 000
173 195 000
173 196 000
173 197 000
173 198 000
173 199 000
173 200 000
173 201 000
173 202 000
173 203 000
173 204 000
173 205 000
173 206 000
173 207 000
173 208 000
173 209 000
173 210 000
173 211 000
173 212 000
173 213 000
173 214 000
173 215 000
173 216 000
173 217 000
173 218 000
173 219 000
173 220 000
173 221 000
173 222 000
173 223 000
173 224 000
173 225 000
173 226 000
173 227 000
173 228 000
173 229 000
173 230 000
173 231 000
173 232 000
173 233 000
173 234 000
173 235 000
173 236 000
173 237 000
173 238 000
173 239 000
173 240 000
173 241 000
173 242 000
173 243 000
173 244 000
173 245 000
173 246 000
173 247 000
173 248 000
173 249 000
173 250 000
173 251 000
173 252 000
173 253 000
173 254 000
173 255 000
173 256 000
173 257 000
173 258 000
173 259 000
173 260 000
173 261 000
173 262 000
173 263 000
173 264 000
173 265 000
173 266 000
173 267 000
173 268 000
173 269 000
173 270 000
173 271 000
173 272 000
173 273 000
173 274 000
173 275 000
173 276 000
173 277 000
173 278 000
173 279 000
173 280 000
173 281 000
173 282 000
173 283 000
173 284 000
173 285 000
173 286 000
173 287 000
173 288 000
173 289 000
173 290 000
173 291 000
173 292 000
173 293 000
173 294 000
173 295 000
173 296 000
173 297 e24
173 298 e26
173 299 e26
173 300 e26
173 301 e26
173 302 e26
173 303 e26
173 304 e2a
173 305 e2a
173 306 e2a
173 307 e2a
173 308 e2a
173 309 e2a
173 310 e2a
173 311 e26
173 312 e26
173 313 e26
173 314 e26
173 315 e26
173 316 e26
173 317 e26
173 318 e26
173 319 e26
174 0 000
174 1 000
174 2 000
174 3 000
174 4 000
174 5 000
174 6 000
174 7 000
174 8 000
174 9 000
174 10 000
174 11 000
174 12 000
174 13 000
174 14 000
174 15 000
174 16 000
174 17 000
174 18 000
174 19 000
174 20 000
174 21 000
174 22 000
174 23 000
174 24 000
174 25 000
174 26 000
174 27 000
174 28 000
174 29 000
174 30 000
174 31 000
174 32 000
174 33 000
174 34 000
174 35 000
174 36 000
174 37 000
174 38 000
174 39 000
174 40 000
174 41 000
174 42 000
174 43 000
174 44 000
174 45 000
174 46 000
174 47 000
174 48 000
174 49 000
174 50 000
174 51 000
174 52 000
174 53 000
174 54 000
174 55 000
174 56 000
174 57 000
174 58 000
174 59 000
174 60 000
174 61 000
174 62 000
174 63 000
174 64 000
174 65 000
174 66 000
174 67 000
174 68 000
174 69 000
174 70 000
174 71 000
174 72 000
174 73 000
174 74 000
174 75 000
174 76 000
174 77 000
174 78 000
174 79 000
174 80 000
174 81 000
174 82 000
174 83 000
174 84 000
174 85 000
174 86 000
174 87 000
174 88 000
174 89 000
174 90 000
174 91 000
174 92 000
174 93 000
174 94 000
174 95 000
174 96 000
174 97 000
174 98 000
174 99 000
174 100 000
174 101 000
174 102 000
174 103 000
174 104 000
174 105 000
174 106 000
174 107 000
174 108 000
174 109 000
174 110 000
174 111 000
174 112 000
174 113 000
174 114 000
174 115 000
174 116 000
174 117 000
174 118 000
174 119 000
174 120 000
174 121 000
174 122 000
174 123 000
174 124 000
174 125 000
174 126 000
174 127 000
174 128 000
174 129 000
174 130 000
174 131 000
174 132 000
174 133 000
174 134 000
174 135 000
174 136 000
174 137 000
174 138 000
174 139 000
174 140 000
174 141 000
174 142 000
174 143 000
174 144 000
174 145 000
174 146 000
174 147 000
174 148 000
174 149 000
174 150 000
174 151 000
174 152 000
174 153 c1e
174 154 c14
174 155 c16
174 156 c16
174 157 c16
174 158 c16
174 159 c17
174 160 c17
174 161 c17
174 162 c17
174 163 c17
174 164 c11
174 165 c17
174 166 c11
174 167 c11
174 168 c17
174 169 c17
174 170 c1e
174 171 c1e
174 172 c14
174 173 c1e
174 174 c1e
174 175 c1e
174 176 c1e
174 177 c1e
174 178 c1e
174 179 c1e
174 180 c1e
174 181 000
174 182 000
174 183 000
174 184 000
174 185 000
174 186 000
174 187 000
174 188 000
174 189 000
174 190 000
174 191 000
174 192 000
174 193 000
174 194 000
174 195 000
174 196 000
174 197 000
174 198 000
174 199 000
174 200 000
174 201 000
174 202 000
174 203 000
174 204 000
174 205 000
174 206 000
174 207 000
174 208 000
174 209 000
174 210 000
174 211 000
174 212 000
174 213 000
174 214 000
174 215 000
174 216 000
174 217 000
174 218 000
174 219 000
174 220 000
174 221 000
174 222 000
174 223 000
174 224 000
174 225 000
174 226 000
174 227 000
174 228 000
174 229 000
174 230 000
174 231 000
174 232 000
174 233 000
174 234 000
174 235 000
174 236 000
174 237 000
174 238 000
174 239 000
174 240 000
174 241 000
174 242 000
174 243 000
174 244 000
174 245 000
174 246 000
174 247 000
174 248 000
174 249 000
174 250 000
174 251 000
174 252 000
174 253 000
174 254 000
174 255 000
174 256 000
174 257 000
174 258 000
174 259 000
174 260 000
174 261 000
174 262 000
174 263 000
174 264 000
174 265 000
174 266 000
174 267 000
174 268 000
174 269 000
174 270 000
174 271 000
174 272 000
174 273 000
174 274 000
174 275 000
174 276 000
174 277 000
174 278 000
174 279 000
174 280 000
174 281 000
174 282 000
174 283 000
174 284 000
174 285 000
174 286 000
174 287 000
174 288 000
174 289 000
174 290 000
174 291 000
174 292 000
174 293 000
174 294 000
174 295 000
174 296 000
174 297 e24
174 298 e26
174 299 e26
174 300 e26
174 301 e26
174 302 e26
174 303 e26
174 304 e2a
174 305 e2a
174 306 e2a
174 307 e2a
174 308 e26
174 309 e26
174 310 e26
174 311 e2a
174 312 e2a
174 313 e2a
174 314 e26
174 315 e26
174 316 e26
174 317 e26
174 318 e26
174 319 e26
175 0 000
175 1 000
175 2 000
175 3 000
175 4 000
175 5 000
175 6 000
175 7 000
175 8 000
175 9 000
175 10 000
175 11 000
175 12 000
175 13 000
175 14 000
175 15 000
175 16 000
175 17 000
175 18 000
175 19 000
175 20 000
175 21 000
175 22 000
175 23 000
175 24 000
175 25 000
175 26 000
175 27 000
175 28 000
175 29 000
175 30 000
175 31 000
175 32 000
175 33 000
175 34 000
175 35 000
175 36 000
175 37 000
175 38 000
175 39 000
175 40 000
175 41 000
175 42 000
175 43 000
175 44 000
175 45 000
175 46 000
175 47 000
175 48 000
175 49 000
175 50 000
175 51 000
175 52 000
175 53 000
175 54 000
175 55 000
175 56 000
175 57 000
175 58 000
175 59 000
175 60 000
175 61 000
175 62 000
175 63 000
175 64 000
175 65 000
175 66 000
175 67 000
175 68 000
175 69 000
175 70 000
175 71 000
175 72 000
175 73 000
175 74 000
175 75 000
175 76 000
175 77 000
175 78 000
175 79 000
175 80 000
175 81 000
175 82 000
175 83 000
175 84 000
175 85 000
175 86 000
175 87 000
175 88 000
175 89 000
175 90 000
175 91 000
175 92 000
175 93 000
175 94 000
175 95 000
175 96 000
175 97 000
175 98 000
175 99 000
175 100 000
175 101 000
175 102 000
175 103 000
175 104 000
175 105 000
175 106 000
175 107 000
175 108 000
175 109 000
175 110 000
175 111 000
175 112 000
175 113 000
175 114 000
175 115 000
175 116 000
175 117 000
175 118 000
175 119 000
175 120 000
175 121 000
175 122 000
175 123 000
175 124 000
175 125 000
175 126 000
175 127 000
175 128 000
175 129 000
175 130 000
175 131 000
175 132 000
175 133 000
175 134 000
175 135 000
175 136 000
175 137 000
175 138 000
175 139 000
175 140 000
175 141 000
175 142 000
175 143 000
175 144 000
175 145 000
175 146 000
175 147 000
175 148 000
175 149 000
175 150 000
175 151 000
175 152 000
175 153 c17
175 154 c16
175 155 c17
175 156 c11
175 157 c17
175 158 c17
175 159 c17
175 160 c17
175 161 c11
175 162 c11
175 163 c11
175 164 c11
175 165 c1a
175 166 c11
175 167 c17
175 168 c17
175 169 c14
175 170 c17
175 171 c14
175 172 c1e
175 173 c14
175 174 c14
175 175 c1e
175 176 c1e
175 177 c1e
175 178 c1e
175 179 c1e
175 180 c1e
175 181 c1e
175 182 000
175 183 000
175 184 000
175 185 000
175 186 000
175 187 000
175 188 000
175 189 000
175 190 000
175 191 000
175 192 000
175 193 000
175 194 000
175 195 000
175 196 000
175 197 000
175 198 000
175 199 000
175 200 000
175 201 000
175 202 000
175 203 000
175 204 000
175 205 000
175 206 000
175 207 000
175 208 000
175 209 000
175 210 000
175 211 000
175 212 000
175 213 000
175 214 000
175 215 000
175 216 000
175 217 000
175 218 000
175 219 000
175 220 000
175 221 000
175 222 000
175 223 000
175 224 000
175 225 000
175 226 000
175 227 000
175 228 000
175 229 000
175 230 000
175 231 000
175 232 000
175 233 000
175 234 000
175 235 000
175 236 000
175 237 000
175 238 000
175 239 000
175 240 000
175 241 000
175 242 000
175 243 000
175 244 000
175 245 000
175 246 000
175 247 000
175 248 000
175 249 000
175 250 000
175 251 000
175 252 000
175 253 000
175 254 000
175 255 000
175 256 000
175 257 000
175 258 000
175 259 000
175 260 000
175 261 000
175 262 000
175 263 000
175 264 000
175 265 000
175 266 000
175 267 000
175 268 000
175 269 000
175 270 000
175 271 000
175 272 000
175 273 000
175 274 000
175 275 000
175 276 000
175 277 000
175 278 000
175 279 000
175 280 000
175 281 000
175 282 000
175 283 000
175 284 000
175 285 000
175 286 000
175 287 000
175 288 000
175 289 000
175 290 000
175 291 000
175 292 000
175 293 000
175 294 000
175 295 000
175 296 000
175 297 e24
175 298 e26
175 299 e26
175 300 e26
175 301 e26
175 302 e26
175 303 e26
175 304 e2a
175 305 e2a
175 306 e2a
175 307 e2a
175 308 e26
175 309 e26
175 310 e26
175 311 e2a
175 312 e2a
175 313 e2a
175 314 e2a
175 315 e26
175 316 e26
175 317 e26
175 318 e26
175 319 e26
176 0 000
176 1 000
176 2 000
176 3 000
176 4 000
176 5 000
176 6 000
176 7 000
176 8 000
176 9 000
176 10 000
176 11 000
176 12 000
176 13 000
176 14 000
176 15 000
176 16 000
176 17 000
176 18 000
176 19 000
176 20 000
176 21 000
176 22 000
176 23 000
176 24 000
176 25 000
176 26 000
176 27 000
176 28 000
176 29 000
176 30 000
176 31 000
176 32 000
176 33 000
176 34 000
176 35 000
176 36 000
176 37 000
176 38 000
176 39 000
176 40 000
176 41 000
176 42 000
176 43 000
176 44 000
176 45 000
176 46 000
176 47 000
176 48 000
176 49 000
176 50 000
176 51 000
176 52 000
176 53 000
176 54 000
176 55 000
176 56 000
176 57 000
176 58 000
176 59 000
176 60 000
176 61 000
176 62 000
176 63 000
176 64 000
176 65 000
176 66 000
176 67 000
176 68 000
176 69 000
176 70 000
176 71 000
176 72 000
176 73 000
176 74 000
176 75 000
176 76 000
176 77 000
176 78 000
176 79 000
176 80 000
176 81 000
176 82 000
176 83 000
176 84 000
176 85 000
176 86 000
176 87 000
176 88 000
176 89 000
176 90 000
176 91 000
176 92 000
176 93 000
176 94 000
176 95 000
176 96 000
176 97 000
176 98 000
176 99 000
176 100 000
176 101 000
176 102 000
176 103 000
176 104 000
176 105 000
176 106 000
176 107 000
176 108 000
176 109 000
176 110 000
176 111 000
176 112 000
176 113 000
176 114 000
176 115 000
176 116 000
176 117 000
176 118 000
176 119 000
176 120 000
176 121 000
176 122 000
176 123 000
176 124 000
176 125 000
176 126 000
176 127 000
176 128 000
176 129 000
176 130 000
176 131 000
176 132 000
176 133 000
176 134 000
176 135 000
176 136 000
176 137 000
176 138 000
176 139 000
176 140 000
176 141 000
176 142 000
176 143 000
176 144 000
176 145 000
176 146 000
176 147 000
176 148 000
176 149 000
176 150 000
176 151 000
176 152 000
176 153 c17
176 154 c17
176 155 c17
176 156 c17
176 157 c14
176 158 c14
176 159 c14
176 160 c17
176 161 c11
176 162 c11
176 163 c11
176 164 c11
176 165 c11
176 166 c11
176 167 c11
176 168 c17
176 169 c17
176 170 c17
176 171 c17
176 172 c14
176 173 c1e
176 174 c1e
176 175 c14
176 176 c14
176 177 c1e
176 178 c1e
176 179 c1e
176 180 c1e
176 181 c1e
176 182 000
176 183 000
176 184 000
176 185 000
176 186 000
176 187 000
176 188 000
176 189 000
176 190 000
176 191 000
176 192 000
176 193 000
176 194 000
176 195 000
176 196 000
176 197 000
176 198 000
176 199 000
176 200 000
176 201 000
176 202 000
176 203 000
176 204 000
176 205 000
176 206 000
176 207 000
176 208 000
176 209 000
176 210 000
176 211 000
176 212 000
176 213 000
176 214 000
176 215 000
176 216 000
176 217 000
176 218 000
176 219 000
176 220 000
176 221 000
176 222 000
176 223 000
176 224 000
176 225 000
176 226 000
176 227 000
176 228 000
176 229 000
176 230 000
176 231 000
176 232 000
176 233 000
176 234 000
176 235 000
176 236 000
176 237 000
176 238 000
176 239 000
176 240 000
176 241 000
176 242 000
176 243 000
176 244 000
176 245 000
176 246 000
176 247 000
176 248 000
176 249 000
176 250 000
176 251 000
176 252 000
176 253 000
176 254 000
176 255 000
176 256 000
176 257 000
176 258 000
176 259 000
176 260 000
176 261 000
176 262 000
176 263 000
176 264 000
176 265 000
176 266 000
176 267 000
176 268 000
176 269 000
176 270 000
176 271 000
176 272 000
176 273 000
176 274 000
176 275 000
176 276 000
176 277 000
176 278 000
176 279 000
176 280 000
176 281 000
176 282 000
176 283 000
176 284 000
176 285 000
176 286 000
176 287 000
176 288 000
176 289 000
176 290 000
176 291 000
176 292 000
176 293 000
176 294 000
176 295 000
176 296 000
176 297 e24
176 298 e26
176 299 e26
176 300 e26
176 301 e26
176 302 e26
176 303 e26
176 304 e2a
176 305 e2a
176 306 e2a
176 307 e2a
176 308 e26
176 309 e26
176 310 e26
176 311 e2a
176 312 e2a
176 313 e2a
176 314 e2a
176 315 e2a
176 316 e26
176 317 e26
176 318 e26
176 319 e26
177 0 000
177 1 000
177 2 000
177 3 000
177 4 000
177 5 000
177 6 000
177 7 000
177 8 000
177 9 000
177 10 000
177 11 000
177 12 000
177 13 000
177 14 000
177 15 000
177 16 000
177 17 000
177 18 000
177 19 000
177 20 000
177 21 000
177 22 000
177 23 000
177 24 000
177 25 000
177 26 000
177 27 000
177 28 000
177 29 000
177 30 000
177 31 000
177 32 000
177 33 000
177 34 000
177 35 000
177 36 000
177 37 000
177 38 000
177 39 000
177 40 000
177 41 000
177 42 000
177 43 000
177 44 000
177 45 000
177 46 000
177 47 000
177 48 000
177 49 000
177 50 000
177 51 000
177 52 000
177 53 000
177 54 000
177 55 000
177 56 000
177 57 000
177 58 000
177 59 000
177 60 000
177 61 000
177 62 000
177 63 000
177 64 000
177 65 000
177 66 000
177 67 000
177 68 000
177 69 000
177 70 000
177 71 000
177 72 000
177 73 000
177 74 000
177 75 000
177 76 000
177 77 000
177 78 000
177 79 000
177 80 000
177 81 000
177 82 000
177 83 000
177 84 000
177 85 000
177 86 000
177 87 000
177 88 000
177 89 000
177 90 000
177 91 000
177 92 000
177 93 000
177 94 000
177 95 000
177 96 000
177 97 000
177 98 000
177 99 000
177 100 000
177 101 000
177 102 000
177 103 000
177 104 000
177 105 000
177 106 000
177 107 000
177 108 000
177 109 000
177 110 000
177 111 000
177 112 000
177 113 000
177 114 000
177 115 000
177 116 000
177 117 000
177 118 000
177 119 000
177 120 000
177 121 000
177 122 000
177 123 000
177 124 000
177 125 000
177 126 000
177 127 000
177 128 000
177 129 000
177 130 000
177 131 000
177 132 000
177 133 000
177 134 000
177 135 000
177 136 000
177 137 000
177 138 000
177 139 000
177 140 000
177 141 000
177 142 000
177 143 000
177 144 000
177 145 000
177 146 000
177 147 000
177 148 000
177 149 000
177 150 000
177 151 000
177 152 000
177 153 c17
177 154 c17
177 155 c14
177 156 c14
177 157 c14
177 158 c14
177 159 c14
177 160 c14
177 161 c14
177 162 c14
177 163 c11
177 164 c11
177 165 c11
177 166 c12
177 167 c1a
177 168 c17
177 169 c17
177 170 c17
177 171 c17
177 172 c17
177 173 c14
177 174 c14
177 175 c1e
177 176 c1e
177 177 c14
177 178 c1e
177 179 c1e
177 180 c1e
177 181 c1e
177 182 c1e
177 183 000
177 184 000
177 185 000
177 186 000
177 187 000
177 188 000
177 189 000
177 190 000
177 191 000
177 192 000
177 193 000
177 194 000
177 195 000
177 196 000
177 197 000
177 198 000
177 199 000
177 200 000
177 201 000
177 202 000
177 203 000
177 204 000
177 205 000
177 206 000
177 207 000
177 208 000
177 209 000
177 210 000
177 211 000
177 212 000
177 213 000
177 214 000
177 215 000
177 216 000
177 217 000
177 218 000
177 219 000
177 220 000
177 221 000
177 222 000
177 223 000
177 224 000
177 225 000
177 226 000
177 227 000
177 228 000
177 229 000
177 230 000
177 231 000
177 232 000
177 233 000
177 234 000
177 235 000
177 236 000
177 237 000
177 238 000
177 239 000
177 240 000
177 241 000
177 242 000
177 243 000
177 244 000
177 245 000
177 246 000
177 247 000
177 248 000
177 249 000
177 250 000
177 251 000
177 252 000
177 253 000
177 254 000
177 255 000
177 256 000
177 257 000
177 258 000
177 259 000
177 260 000
177 261 000
177 262 000
177 263 000
177 264 000
177 265 000
177 266 000
177 267 000
177 268 000
177 269 000
177 270 000
177 271 000
177 272 000
177 273 000
177 274 000
177 275 000
177 276 000
177 277 000
177 278 000
177 279 000
177 280 000
177 281 000
177 282 000
177 283 000
177 284 000
177 285 000
177 286 000
177 287 000
177 288 000
177 289 000
177 290 000
177 291 000
177 292 000
177 293 000
177 294 000
177 295 000
177 296 000
177 297 e24
177 298 e26
177 299 e26
177 300 e26
177 301 e26
177 302 e26
177 303 e26
177 304 e26
177 305 e26
177 306 e26
177 307 e26
177 308 e26
177 309 e26
177 310 e26
177 311 e26
177 312 e26
177 313 e26
177 314 e26
177 315 e26
177 316 e26
177 317 e26
177 318 e26
177 319 e26
178 0 000
178 1 000
178 2 000
178 3 000
178 4 000
178 5 000
178 6 000
178 7 000
178 8 000
178 9 000
178 10 000
178 11 000
178 12 000
178 13 000
178 14 000
178 15 000
178 16 000
178 17 000
178 18 000
178 19 000
178 20 000
178 21 000
178 22 000
178 23 000
178 24 000
178 25 000
178 26 000
178 27 000
178 28 000
178 29 000
178 30 000
178 31 000
178 32 000
178 33 000
178 34 000
178 35 000
178 36 000
178 37 000
178 38 000
178 39 000
178 40 000
178 41 000
178 42 000
178 43 000
178 44 000
178 45 000
178 46 000
178 47 000
178 48 000
178 49 000
178 50 000
178 51 000
178 52 000
178 53 000
178 54 000
178 55 000
178 56 000
178 57 000
178 58 000
178 59 000
178 60 000
178 61 000
178 62 000
178 63 000
178 64 000
178 65 000
178 66 000
178 67 000
178 68 000
178 69 000
178 70 000
178 71 000
178 72 000
178 73 000
178 74 000
178 75 000
178 76 000
178 77 000
178 78 000
178 79 000
178 80 000
178 81 000
178 82 000
178 83 000
178 84 000
178 85 000
178 86 000
178 87 000
178 88 000
178 89 000
178 90 000
178 91 000
178 92 000
178 93 000
178 94 000
178 95 000
178 96 000
178 97 000
178 98 000
178 99 000
178 100 000
178 101 000
178 102 000
178 103 000
178 104 000
178 105 000
178 106 000
178 107 000
178 108 000
178 109 000
178 110 000
178 111 000
178 112 000
178 113 000
178 114 000
178 115 000
178 116 000
178 117 000
178 118 000
178 119 000
178 120 000
178 121 000
178 122 000
178 123 000
178 124 000
178 125 000
178 126 000
178 127 000
178 128 000
178 129 000
178 130 000
178 131 000
178 132 000
178 133 000
178 134 000
178 135 000
178 136 000
178 137 000
178 138 000
178 139 000
178 140 000
178 141 000
178 142 000
178 143 000
178 144 000
178 145 000
178 146 000
178 147 000
178 148 000
178 149 000
178 150 000
178 151 c17
178 152 c17
178 153 c17
178 154 c14
178 155 c14
178 156 c14
178 157 c12
178 158 c12
178 159 c12
178 160 c12
178 161 c14
178 162 c14
178 163 c14
178 164 c14
178 165 c1b
178 166 c1b
178 167 c1b
178 168 c11
178 169 c11
178 170 c17
178 171 c17
178 172 c17
178 173 c11
178 174 c17
178 175 c14
178 176 c14
178 177 c1e
178 178 c14
178 179 c1e
178 180 c1e
178 181 c1e
178 182 c1e
178 183 c1e
178 184 000
178 185 000
178 186 000
178 187 000
178 188 000
178 189 000
178 190 000
178 191 000
178 192 000
178 193 000
178 194 000
178 195 000
178 196 000
178 197 000
178 198 000
178 199 000
178 200 000
178 201 000
178 202 000
178 203 000
178 204 000
178 205 000
178 206 000
178 207 000
178 208 000
178 209 000
178 210 000
178 211 000
178 212 000
178 213 000
178 214 000
178 215 000
178 216 000
178 217 000
178 218 000
178 219 000
178 220 000
178 221 000
178 222 000
178 223 000
178 224 000
178 225 000
178 226 000
178 227 000
178 228 000
178 229 000
178 230 000
178 231 000
178 232 000
178 233 000
178 234 000
178 235 000
178 236 000
178 237 000
178 238 000
178 239 000
178 240 000
178 241 000
178 242 000
178 243 000
178 244 000
178 245 000
178 246 000
178 247 000
178 248 000
178 249 000
178 250 000
178 251 000
178 252 000
178 253 000
178 254 000
178 255 000
178 256 000
178 257 000
178 258 000
178 259 000
178 260 000
178 261 000
178 262 000
178 263 000
178 264 000
178 265 000
178 266 000
178 267 000
178 268 000
178 269 000
178 270 000
178 271 000
178 272 000
178 273 000
178 274 000
178 275 000
178 276 000
178 277 000
178 278 000
178 279 000
178 280 000
178 281 000
178 282 000
178 283 000
178 284 000
178 285 000
178 286 000
178 287 000
178 288 000
178 289 000
178 290 000
178 291 000
178 292 000
178 293 000
178 294 000
178 295 000
178 296 000
178 297 e24
178 298 e24
178 299 e24
178 300 e24
178 301 e24
178 302 e24
178 303 e24
178 304 e24
178 305 e24
178 306 e24
178 307 e24
178 308 e24
178 309 e24
178 310 e24
178 311 e24
178 312 e24
178 313 e24
178 314 e24
178 315 e24
178 316 e24
178 317 e24
178 318 e24
178 319 e24
179 0 000
179 1 000
179 2 000
179 3 000
179 4 000
179 5 000
179 6 000
179 7 000
179 8 000
179 9 000
179 10 000
179 11 000
179 12 000
179 13 000
179 14 000
179 15 000
179 16 000
179 17 000
179 18 000
179 19 000
179 20 000
179 21 000
179 22 000
179 23 000
179 24 000
179 25 000
179 26 000
179 27 000
179 28 000
179 29 000
179 30 000
179 31 000
179 32 000
179 33 000
179 34 000
179 35 000
179 36 000
179 37 000
179 38 000
179 39 000
179 40 000
179 41 000
179 42 000
179 43 000
179 44 000
179 45 000
179 46 000
179 47 000
179 48 000
179 49 000
179 50 000
179 51 000
179 52 000
179 53 000
179 54 000
179 55 000
179 56 000
179 57 000
179 58 000
179 59 000
179 60 000
179 61 000
179 62 000
179 63 000
179 64 000
179 65 000
179 66 000
179 67 000
179 68 000
179 69 000
179 70 000
179 71 000
179 72 000
179 73 000
179 74 000
179 75 000
179 76 000
179 77 000
179 78 000
179 79 000
179 80 000
179 81 000
179 82 000
179 83 000
179 84 000
179 85 000
179 86 000
179 87 000
179 88 000
179 89 000
179 90 000
179 91 000
179 92 000
179 93 000
179 94 000
179 95 000
179 96 000
179 97 000
179 98 000
179 99 000
179 100 000
179 101 000
179 102 000
179 103 000
179 104 000
179 105 000
179 106 000
179 107 000
179 108 000
179 109 000
179 110 000
179 111 000
179 112 000
179 113 000
179 114 000
179 115 000
179 116 000
179 117 000
179 118 000
179 119 000
179 120 000
179 121 000
179 122 000
179 123 000
179 124 000
179 125 000
179 126 000
179 127 000
179 128 000
179 129 000
179 130 000
179 131 000
179 132 000
179 133 000
179 134 000
179 135 000
179 136 000
179 137 000
179 138 000
179 139 000
179 140 000
179 141 000
179 142 000
179 143 000
179 144 000
179 145 000
179 146 000
179 147 000
179 148 000
179 149 000
179 150 c17
179 151 c1b
179 152 c1b
179 153 c14
179 154 c14
179 155 c14
179 156 c12
179 157 c14
179 158 c14
179 159 c14
179 160 c14
179 161 c12
179 162 c14
179 163 c14
179 164 c14
179 165 c14
179 166 c14
179 167 c1b
179 168 c11
179 169 c11
179 170 c11
179 171 c17
179 172 c17
179 173 c17
179 174 c14
179 175 c14
179 176 c14
179 177 c14
179 178 c1e
179 179 c14
179 180 c1e
179 181 c1e
179 182 c1e
179 183 c1e
179 184 000
179 185 000
179 186 000
179 187 000
179 188 000
179 189 000
179 190 000
179 191 000
179 192 000
179 193 000
179 194 000
179 195 000
179 196 000
179 197 000
179 198 000
179 199 000
179 200 000
179 201 000
179 202 000
179 203 000
179 204 000
179 205 000
179 206 000
179 207 000
179 208 000
179 209 000
179 210 000
179 211 000
179 212 000
179 213 000
179 214 000
179 215 000
179 216 000
179 217 000
179 218 000
179 219 000
179 220 000
179 221 000
179 222 000
179 223 000
179 224 000
179 225 000
179 226 000
179 227 000
179 228 000
179 229 000
179 230 000
179 231 000
179 232 000
179 233 000
179 234 000
179 235 000
179 236 000
179 237 000
179 238 000
179 239 000
179 240 000
179 241 000
179 242 000
179 243 000
179 244 000
179 245 000
179 246 000
179 247 000
179 248 000
179 249 000
179 250 000
179 251 000
179 252 000
179 253 000
179 254 000
179 255 000
179 256 000
179 257 000
179 258 000
179 259 000
179 260 000
179 261 000
179 262 000
179 263 000
179 264 000
179 265 000
179 266 000
179 267 000
179 268 000
179 269 000
179 270 000
179 271 000
179 272 000
179 273 000
179 274 000
179 275 000
179 276 000
179 277 000
179 278 000
179 279 000
179 280 000
179 281 000
179 282 000
179 283 000
179 284 000
179 285 000
179 286 000
179 287 000
179 288 000
179 289 000
179 290 000
179 291 000
179 292 000
179 293 000
179 294 000
179 295 000
179 296 000
179 297 000
179 298 000
179 299 000
179 300 000
179 301 000
179 302 000
179 303 000
179 304 000
179 305 000
179 306 000
179 307 000
179 308 000
179 309 000
179 310 000
179 311 000
179 312 000
179 313 000
179 314 000
179 315 000
179 316 000
179 317 000
179 318 000
179 319 000
180 0 000
180 1 000
180 2 000
180 3 000
180 4 000
180 5 000
180 6 000
180 7 000
180 8 000
180 9 000
180 10 000
180 11 000
180 12 000
180 13 000
180 14 000
180 15 000
180 16 000
180 17 000
180 18 000
180 19 000
180 20 000
180 21 000
180 22 000
180 23 000
180 24 000
180 25 000
180 26 000
180 27 000
180 28 000
180 29 000
180 30 000
180 31 000
180 32 000
180 33 000
180 34 000
180 35 000
180 36 000
180 37 000
180 38 000
180 39 000
180 40 000
180 41 000
180 42 000
180 43 000
180 44 000
180 45 000
180 46 000
180 47 000
180 48 000
180 49 000
180 50 000
180 51 000
180 52 000
180 53 000
180 54 000
180 55 000
180 56 000
180 57 000
180 58 000
180 59 000
180 60 000
180 61 000
180 62 000
180 63 000
180 64 000
180 65 000
180 66 000
180 67 000
180 68 000
180 69 000
180 70 000
180 71 000
180 72 000
180 73 000
180 74 000
180 75 000
180 76 000
180 77 000
180 78 000
180 79 000
180 80 000
180 81 000
180 82 000
180 83 000
180 84 000
180 85 000
180 86 000
180 87 000
180 88 000
180 89 000
180 90 000
180 91 000
180 92 000
180 93 000
180 94 000
180 95 000
180 96 000
180 97 000
180 98 000
180 99 000
180 100 000
180 101 000
180 102 000
180 103 000
180 104 000
180 105 000
180 106 000
180 107 000
180 108 000
180 109 000
180 110 000
180 111 000
180 112 000
180 113 000
180 114 000
180 115 000
180 116 000
180 117 000
180 118 000
180 119 000
180 120 000
180 121 000
180 122 000
180 123 000
180 124 000
180 125 000
180 126 000
180 127 000
180 128 000
180 129 000
180 130 000
180 131 000
180 132 000
180 133 000
180 134 000
180 135 000
180 136 000
180 137 000
180 138 000
180 139 000
180 140 000
180 141 000
180 142 000
180 143 000
180 144 000
180 145 000
180 146 000
180 147 000
180 148 000
180 149 000
180 150 c1b
180 151 c1b
180 152 c14
180 153 c14
180 154 c14
180 155 c12
180 156 c14
180 157 c1b
180 158 c15
180 159 c15
180 160 c15
180 161 c17
180 162 c12
180 163 c12
180 164 c17
180 165 c14
180 166 c14
180 167 c14
180 168 c1b
180 169 c11
180 170 c11
180 171 c11
180 172 c17
180 173 c17
180 174 c17
180 175 c17
180 176 c14
180 177 c14
180 178 c14
180 179 c1e
180 180 c14
180 181 c1e
180 182 c1e
180 183 c1e
180 184 000
180 185 000
180 186 000
180 187 000
180 188 000
180 189 000
180 190 000
180 191 000
180 192 000
180 193 000
180 194 000
180 195 000
180 196 000
180 197 000
180 198 000
180 199 000
180 200 000
180 201 000
180 202 000
180 203 000
180 204 000
180 205 000
180 206 000
180 207 000
180 208 000
180 209 000
180 210 000
180 211 000
180 212 000
180 213 000
180 214 000
180 215 000
180 216 000
180 217 000
180 218 000
180 219 000
180 220 000
180 221 000
180 222 000
180 223 000
180 224 000
180 225 000
180 226 000
180 227 000
180 228 000
180 229 000
180 230 000
180 231 000
180 232 000
180 233 000
180 234 000
180 235 000
180 236 000
180 237 000
180 238 000
180 239 000
180 240 000
180 241 000
180 242 000
180 243 000
180 244 000
180 245 000
180 246 000
180 247 000
180 248 000
180 249 000
180 250 000
180 251 000
180 252 000
180 253 000
180 254 000
180 255 000
180 256 000
180 257 000
180 258 000
180 259 000
180 260 000
180 261 000
180 262 000
180 263 000
180 264 000
180 265 000
180 266 000
180 267 000
180 268 000
180 269 000
180 270 000
180 271 000
180 272 000
180 273 000
180 274 000
180 275 000
180 276 000
180 277 000
180 278 000
180 279 000
180 280 000
180 281 000
180 282 000
180 283 000
180 284 000
180 285 000
180 286 000
180 287 000
180 288 000
180 289 000
180 290 000
180 291 000
180 292 000
180 293 000
180 294 000
180 295 000
180 296 000
180 297 000
180 298 000
180 299 000
180 300 000
180 301 000
180 302 000
180 303 000
180 304 000
180 305 000
180 306 000
180 307 000
180 308 000
180 309 000
180 310 000
180 311 000
180 312 000
180 313 000
180 314 000
180 315 000
180 316 000
180 317 000
180 318 000
180 319 000
181 0 000
181 1 000
181 2 000
181 3 000
181 4 000
181 5 000
181 6 000
181 7 000
181 8 000
181 9 000
181 10 000
181 11 000
181 12 000
181 13 000
181 14 000
181 15 000
181 16 000
181 17 000
181 18 000
181 19 000
181 20 000
181 21 000
181 22 000
181 23 000
181 24 000
181 25 000
181 26 000
181 27 000
181 28 000
181 29 000
181 30 000
181 31 000
181 32 000
181 33 000
181 34 000
181 35 000
181 36 000
181 37 000
181 38 000
181 39 000
181 40 000
181 41 000
181 42 000
181 43 000
181 44 000
181 45 000
181 46 000
181 47 000
181 48 000
181 49 000
181 50 000
181 51 000
181 52 000
181 53 000
181 54 000
181 55 000
181 56 000
181 57 000
181 58 000
181 59 000
181 60 000
181 61 000
181 62 000
181 63 000
181 64 000
181 65 000
181 66 000
181 67 000
181 68 000
181 69 000
181 70 000
181 71 000
181 72 000
181 73 000
181 74 000
181 75 000
181 76 000
181 77 000
181 78 000
181 79 000
181 80 000
181 81 000
181 82 000
181 83 000
181 84 000
181 85 000
181 86 000
181 87 000
181 88 000
181 89 000
181 90 000
181 91 000
181 92 000
181 93 000
181 94 000
181 95 000
181 96 000
181 97 000
181 98 000
181 99 000
181 100 000
181 101 000
181 102 000
181 103 000
181 104 000
181 105 000
181 106 000
181 107 000
181 108 000
181 109 000
181 110 000
181 111 000
181 112 000
181 113 000
181 114 000
181 115 000
181 116 000
181 117 000
181 118 000
181 119 000
181 120 000
181 121 000
181 122 000
181 123 000
181 124 000
181 125 000
181 126 000
181 127 000
181 128 000
181 129 000
181 130 000
181 131 000
181 132 000
181 133 000
181 134 000
181 135 000
181 136 000
181 137 000
181 138 000
181 139 000
181 140 000
181 141 000
181 142 000
181 143 000
181 144 000
181 145 000
181 146 000
181 147 000
181 148 000
181 149 000
181 150 c1b
181 151 c1b
181 152 c14
181 153 c14
181 154 c15
181 155 c14
181 156 c12
181 157 c1b
181 158 c1b
181 159 c15
181 160 c15
181 161 c15
181 162 c17
181 163 c17
181 164 c12
181 165 c17
181 166 c14
181 167 c14
181 168 c14
181 169 c11
181 170 c11
181 171 c11
181 172 c11
181 173 c11
181 174 c17
181 175 c14
181 176 c14
181 177 c14
181 178 c14
181 179 c14
181 180 c1e
181 181 c14
181 182 c1e
181 183 c1e
181 184 c1e
181 185 000
181 186 000
181 187 000
181 188 000
181 189 000
181 190 000
181 191 000
181 192 000
181 193 000
181 194 000
181 195 000
181 196 000
181 197 000
181 198 000
181 199 000
181 200 000
181 201 000
181 202 000
181 203 000
181 204 000
181 205 000
181 206 000
181 207 000
181 208 000
181 209 000
181 210 000
181 211 000
181 212 000
181 213 000
181 214 000
181 215 000
181 216 000
181 217 000
181 218 000
181 219 000
181 220 000
181 221 000
181 222 000
181 223 000
181 224 000
181 225 000
181 226 000
181 227 000
181 228 000
181 229 000
181 230 000
181 231 000
181 232 000
181 233 000
181 234 000
181 235 000
181 236 000
181 237 000
181 238 000
181 239 000
181 240 000
181 241 000
181 242 000
181 243 000
181 244 000
181 245 000
181 246 000
181 247 000
181 248 000
181 249 000
181 250 000
181 251 000
181 252 000
181 253 000
181 254 000
181 255 000
181 256 000
181 257 000
181 258 000
181 259 000
181 260 000
181 261 000
181 262 000
181 263 000
181 264 000
181 265 000
181 266 000
181 267 000
181 268 000
181 269 000
181 270 000
181 271 000
181 272 000
181 273 000
181 274 000
181 275 000
181 276 000
181 277 000
181 278 000
181 279 000
181 280 000
181 281 000
181 282 000
181 283 000
181 284 000
181 285 000
181 286 000
181 287 000
181 288 000
181 289 000
181 290 000
181 291 000
181 292 000
181 293 000
181 294 000
181 295 000
181 296 000
181 297 000
181 298 000
181 299 000
181 300 000
181 301 000
181 302 000
181 303 000
181 304 000
181 305 000
181 306 000
181 307 000
181 308 000
181 309 000
181 310 000
181 311 000
181 312 000
181 313 000
181 314 000
181 315 000
181 316 000
181 317 000
181 318 000
181 319 000
182 0 000
182 1 000
182 2 000
182 3 000
182 4 000
182 5 000
182 6 000
182 7 000
182 8 000
182 9 000
182 10 000
182 11 000
182 12 000
182 13 000
182 14 000
182 15 000
182 16 000
182 17 000
182 18 000
182 19 000
182 20 000
182 21 000
182 22 000
182 23 000
182 24 000
182 25 000
182 26 000
182 27 000
182 28 000
182 29 000
182 30 000
182 31 000
182 32 000
182 33 000
182 34 000
182 35 000
182 36 000
182 37 000
182 38 000
182 39 000
182 40 000
182 41 000
182 42 000
182 43 000
182 44 000
182 45 000
182 46 000
182 47 000
182 48 000
182 49 000
182 50 000
182 51 000
182 52 000
182 53 000
182 54 000
182 55 000
182 56 000
182 57 000
182 58 000
182 59 000
182 60 000
182 61 000
182 62 000
182 63 000
182 64 000
182 65 000
182 66 000
182 67 000
182 68 000
182 69 000
182 70 000
182 71 000
182 72 000
182 73 000
182 74 000
182 75 000
182 76 000
182 77 000
182 78 000
182 79 000
182 80 000
182 81 000
182 82 000
182 83 000
182 84 000
182 85 000
182 86 000
182 87 000
182 88 000
182 89 000
182 90 000
182 91 000
182 92 000
182 93 000
182 94 000
182 95 000
182 96 000
182 97 000
182 98 000
182 99 000
182 100 000
182 101 000
182 102 000
182 103 000
182 104 000
182 105 000
182 106 000
182 107 000
182 108 000
182 109 000
182 110 000
182 111 000
182 112 000
182 113 000
182 114 000
182 115 000
182 116 000
182 117 000
182 118 000
182 119 000
182 120 000
182 121 000
182 122 000
182 123 000
182 124 000
182 125 000
182 126 000
182 127 000
182 128 000
182 129 000
182 130 000
182 131 000
182 132 000
182 133 000
182 134 000
182 135 000
182 136 000
182 137 000
182 138 000
182 139 000
182 140 000
182 141 000
182 142 000
182 143 000
182 144 000
182 145 000
182 146 000
182 147 000
182 148 c17
182 149 c1b
182 150 c1b
182 151 c14
182 152 c14
182 153 c15
182 154 c12
182 155 c15
182 156 c15
182 157 c1b
182 158 c1b
182 159 c1b
182 160 c15
182 161 c15
182 162 c13
182 163 c13
182 164 c18
182 165 c18
182 166 c12
182 167 c15
182 168 c17
182 169 c14
182 170 c14
182 171 c14
182 172 c17
182 173 c17
182 174 c14
182 175 c14
182 176 c14
182 177 c12
182 178 c12
182 179 c14
182 180 c14
182 181 c1e
182 182 c14
182 183 c1e
182 184 c14
182 185 000
182 186 000
182 187 000
182 188 000
182 189 000
182 190 000
182 191 000
182 192 000
182 193 000
182 194 000
182 195 000
182 196 000
182 197 000
182 198 000
182 199 000
182 200 000
182 201 000
182 202 000
182 203 000
182 204 000
182 205 000
182 206 000
182 207 000
182 208 000
182 209 000
182 210 000
182 211 000
182 212 000
182 213 000
182 214 000
182 215 000
182 216 000
182 217 000
182 218 000
182 219 000
182 220 000
182 221 000
182 222 000
182 223 000
182 224 000
182 225 000
182 226 000
182 227 000
182 228 000
182 229 000
182 230 000
182 231 000
182 232 000
182 233 000
182 234 000
182 235 000
182 236 000
182 237 000
182 238 000
182 239 000
182 240 000
182 241 000
182 242 000
182 243 000
182 244 000
182 245 000
182 246 000
182 247 000
182 248 000
182 249 000
182 250 000
182 251 000
182 252 000
182 253 000
182 254 000
182 255 000
182 256 000
182 257 000
182 258 000
182 259 000
182 260 000
182 261 000
182 262 000
182 263 000
182 264 000
182 265 000
182 266 000
182 267 000
182 268 000
182 269 000
182 270 000
182 271 000
182 272 000
182 273 000
182 274 000
182 275 000
182 276 000
182 277 000
182 278 000
182 279 000
182 280 000
182 281 000
182 282 000
182 283 000
182 284 000
182 285 000
182 286 000
182 287 000
182 288 000
182 289 000
182 290 000
182 291 000
182 292 000
182 293 000
182 294 000
182 295 000
182 296 000
182 297 000
182 298 000
182 299 000
182 300 000
182 301 000
182 302 000
182 303 000
182 304 000
182 305 000
182 306 000
182 307 000
182 308 000
182 309 000
182 310 000
182 311 000
182 312 000
182 313 000
182 314 000
182 315 000
182 316 000
182 317 000
182 318 000
182 319 000
183 0 000
183 1 000
183 2 000
183 3 000
183 4 000
183 5 000
183 6 000
183 7 000
183 8 000
183 9 000
183 10 000
183 11 000
183 12 000
183 13 000
183 14 000
183 15 000
183 16 000
183 17 000
183 18 000
183 19 000
183 20 000
183 21 000
183 22 000
183 23 000
183 24 000
183 25 000
183 26 000
183 27 000
183 28 000
183 29 000
183 30 000
183 31 000
183 32 000
183 33 000
183 34 000
183 35 000
183 36 000
183 37 000
183 38 000
183 39 000
183 40 000
183 41 000
183 42 000
183 43 000
183 44 000
183 45 000
183 46 000
183 47 000
183 48 000
183 49 000
183 50 000
183 51 000
183 52 000
183 53 000
183 54 000
183 55 000
183 56 000
183 57 000
183 58 000
183 59 000
183 60 000
183 61 000
183 62 000
183 63 000
183 64 000
183 65 000
183 66 000
183 67 000
183 68 000
183 69 000
183 70 000
183 71 000
183 72 000
183 73 000
183 74 000
183 75 000
183 76 000
183 77 000
183 78 000
183 79 000
183 80 000
183 81 000
183 82 000
183 83 000
183 84 000
183 85 000
183 86 000
183 87 000
183 88 000
183 89 000
183 90 000
183 91 000
183 92 000
183 93 000
183 94 000
183 95 000
183 96 000
183 97 000
183 98 000
183 99 000
183 100 000
183 101 000
183 102 000
183 103 000
183 104 000
183 105 000
183 106 000
183 107 000
183 108 000
183 109 000
183 110 000
183 111 000
183 112 000
183 113 000
183 114 000
183 115 000
183 116 000
183 117 000
183 118 000
183 119 000
183 120 000
183 121 000
183 122 000
183 123 000
183 124 000
183 125 000
183 126 000
183 127 000
183 128 000
183 129 000
183 130 000
183 131 000
183 132 000
183 133 000
183 134 000
183 135 000
183 136 000
183 137 000
183 138 000
183 139 000
183 140 000
183 141 000
183 142 000
183 143 000
183 144 000
183 145 000
183 146 000
183 147 000
183 148 c17
183 149 c1b
183 150 c14
183 151 c14
183 152 c14
183 153 c15
183 154 c15
183 155 c1b
183 156 c1b
183 157 c1b
183 158 c13
183 159 c13
183 160 c13
183 161 c13
183 162 c13
183 163 c13
183 164 c18
183 165 c18
183 166 c18
183 167 c17
183 168 c15
183 169 c13
183 170 c14
183 171 c14
183 172 c17
183 173 c14
183 174 c14
183 175 c12
183 176 c12
183 177 c14
183 178 c14
183 179 c12
183 180 c14
183 181 c14
183 182 c1e
183 183 c14
183 184 c1e
183 185 000
183 186 000
183 187 000
183 188 000
183 189 000
183 190 000
183 191 000
183 192 000
183 193 000
183 194 000
183 195 000
183 196 000
183 197 000
183 198 000
183 199 000
183 200 000
183 201 000
183 202 000
183 203 000
183 204 000
183 205 000
183 206 000
183 207 000
183 208 000
183 209 000
183 210 000
183 211 000
183 212 000
183 213 000
183 214 000
183 215 000
183 216 000
183 217 000
183 218 000
183 219 000
183 220 000
183 221 000
183 222 000
183 223 000
183 224 000
183 225 000
183 226 000
183 227 000
183 228 000
183 229 000
183 230 000
183 231 000
183 232 000
183 233 000
183 234 000
183 235 000
183 236 000
183 237 000
183 238 000
183 239 000
183 240 000
183 241 000
183 242 000
183 243 000
183 244 000
183 245 000
183 246 000
183 247 000
183 248 000
183 249 000
183 250 000
183 251 000
183 252 000
183 253 000
183 254 000
183 255 000
183 256 000
183 257 000
183 258 000
183 259 000
183 260 000
183 261 000
183 262 000
183 263 000
183 264 000
183 265 000
183 266 000
183 267 000
183 268 000
183 269 000
183 270 000
183 271 000
183 272 000
183 273 000
183 274 000
183 275 000
183 276 000
183 277 000
183 278 000
183 279 000
183 280 000
183 281 000
183 282 000
183 283 000
183 284 000
183 285 000
183 286 000
183 287 000
183 288 000
183 289 000
183 290 000
183 291 000
183 292 000
183 293 000
183 294 000
183 295 000
183 296 000
183 297 000
183 298 000
183 299 000
183 300 000
183 301 000
183 302 000
183 303 000
183 304 000
183 305 000
183 306 000
183 307 000
183 308 000
183 309 000
183 310 000
183 311 000
183 312 000
183 313 000
183 314 000
183 315 000
183 316 000
183 317 000
183 318 000
183 319 000
184 0 000
184 1 000
184 2 000
184 3 000
184 4 000
184 5 000
184 6 000
184 7 000
184 8 000
184 9 000
184 10 000
184 11 000
184 12 000
184 13 000
184 14 000
184 15 000
184 16 000
184 17 000
184 18 000
184 19 000
184 20 000
184 21 000
184 22 000
184 23 000
184 24 000
184 25 000
184 26 000
184 27 000
184 28 000
184 29 000
184 30 000
184 31 000
184 32 000
184 33 000
184 34 000
184 35 000
184 36 000
184 37 000
184 38 000
184 39 000
184 40 000
184 41 000
184 42 000
184 43 000
184 44 000
184 45 000
184 46 000
184 47 000
184 48 000
184 49 000
184 50 000
184 51 000
184 52 000
184 53 000
184 54 000
184 55 000
184 56 000
184 57 000
184 58 000
184 59 000
184 60 000
184 61 000
184 62 000
184 63 000
184 64 000
184 65 000
184 66 000
184 67 000
184 68 000
184 69 000
184 70 000
184 71 000
184 72 000
184 73 000
184 74 000
184 75 000
184 76 000
184 77 000
184 78 000
184 79 000
184 80 000
184 81 000
184 82 000
184 83 000
184 84 000
184 85 000
184 86 000
184 87 000
184 88 000
184 89 000
184 90 000
184 91 000
184 92 000
184 93 000
184 94 000
184 95 000
184 96 000
184 97 000
184 98 000
184 99 000
184 100 000
184 101 000
184 102 000
184 103 000
184 104 000
184 105 000
184 106 000
184 107 000
184 108 000
184 109 000
184 110 000
184 111 000
184 112 000
184 113 000
184 114 000
184 115 000
184 116 000
184 117 000
184 118 000
184 119 000
184 120 000
184 121 000
184 122 000
184 123 000
184 124 000
184 125 000
184 126 000
184 127 000
184 128 000
184 129 000
184 130 000
184 131 000
184 132 000
184 133 000
184 134 000
184 135 000
184 136 000
184 137 000
184 138 000
184 139 000
184 140 000
184 141 000
184 142 000
184 143 000
184 144 000
184 145 000
184 146 000
184 147 c17
184 148 c1b
184 149 c1a
184 150 c1a
184 151 c1a
184 152 c1a
184 153 c1a
184 154 c15
184 155 c1b
184 156 c1b
184 157 c17
184 158 c13
184 159 c13
184 160 c13
184 161 c13
184 162 c13
184 163 c13
184 164 c18
184 165 c18
184 166 c18
184 167 c18
184 168 c17
184 169 c15
184 170 c12
184 171 c12
184 172 c12
184 173 c12
184 174 c12
184 175 c14
184 176 c14
184 177 c12
184 178 c12
184 179 c14
184 180 c12
184 181 c14
184 182 c14
184 183 c1e
184 184 c14
184 185 000
184 186 000
184 187 000
184 188 000
184 189 000
184 190 000
184 191 000
184 192 000
184 193 000
184 194 000
184 195 000
184 196 000
184 197 000
184 198 000
184 199 000
184 200 000
184 201 000
184 202 000
184 203 000
184 204 000
184 205 000
184 206 000
184 207 000
184 208 000
184 209 000
184 210 000
184 211 000
184 212 000
184 213 000
184 214 000
184 215 000
184 216 000
184 217 000
184 218 000
184 219 000
184 220 000
184 221 000
184 222 000
184 223 000
184 224 000
184 225 000
184 226 000
184 227 000
184 228 000
184 229 000
184 230 000
184 231 000
184 232 000
184 233 000
184 234 000
184 235 000
184 236 000
184 237 000
184 238 000
184 239 000
184 240 000
184 241 000
184 242 000
184 243 000
184 244 000
184 245 000
184 246 000
184 247 000
184 248 000
184 249 000
184 250 000
184 251 000
184 252 000
184 253 000
184 254 000
184 255 000
184 256 000
184 257 000
184 258 000
184 259 000
184 260 000
184 261 000
184 262 000
184 263 000
184 264 000
184 265 000
184 266 000
184 267 000
184 268 000
184 269 000
184 270 000
184 271 000
184 272 000
184 273 000
184 274 000
184 275 000
184 276 000
184 277 000
184 278 000
184 279 000
184 280 000
184 281 000
184 282 000
184 283 000
184 284 000
184 285 000
184 286 000
184 287 000
184 288 000
184 289 000
184 290 000
184 291 000
184 292 000
184 293 000
184 294 000
184 295 000
184 296 000
184 297 000
184 298 000
184 299 000
184 300 000
184 301 000
184 302 000
184 303 000
184 304 000
184 305 000
184 306 000
184 307 000
184 308 000
184 309 000
184 310 000
184 311 000
184 312 000
184 313 000
184 314 000
184 315 000
184 316 000
184 317 000
184 318 000
184 319 000
185 0 000
185 1 000
185 2 000
185 3 000
185 4 000
185 5 000
185 6 000
185 7 000
185 8 000
185 9 000
185 10 000
185 11 000
185 12 000
185 13 000
185 14 000
185 15 000
185 16 000
185 17 000
185 18 000
185 19 000
185 20 000
185 21 000
185 22 000
185 23 000
185 24 000
185 25 000
185 26 000
185 27 000
185 28 000
185 29 000
185 30 000
185 31 000
185 32 000
185 33 000
185 34 000
185 35 000
185 36 000
185 37 000
185 38 000
185 39 000
185 40 000
185 41 000
185 42 000
185 43 000
185 44 000
185 45 000
185 46 000
185 47 000
185 48 000
185 49 000
185 50 000
185 51 000
185 52 000
185 53 000
185 54 000
185 55 000
185 56 000
185 57 000
185 58 000
185 59 000
185 60 000
185 61 000
185 62 000
185 63 000
185 64 000
185 65 000
185 66 000
185 67 000
185 68 000
185 69 000
185 70 000
185 71 000
185 72 000
185 73 000
185 74 000
185 75 000
185 76 000
185 77 000
185 78 000
185 79 000
185 80 000
185 81 000
185 82 000
185 83 000
185 84 000
185 85 000
185 86 000
185 87 000
185 88 000
185 89 000
185 90 000
185 91 000
185 92 000
185 93 000
185 94 000
185 95 000
185 96 000
185 97 000
185 98 000
185 99 000
185 100 000
185 101 000
185 102 000
185 103 000
185 104 000
185 105 000
185 106 000
185 107 000
185 108 000
185 109 000
185 110 000
185 111 000
185 112 000
185 113 000
185 114 000
185 115 000
185 116 000
185 117 000
185 118 000
185 119 000
185 120 000
185 121 000
185 122 000
185 123 000
185 124 000
185 125 000
185 126 000
185 127 000
185 128 000
185 129 000
185 130 000
185 131 000
185 132 000
185 133 000
185 134 000
185 135 000
185 136 000
185 137 000
185 138 000
185 139 000
185 140 000
185 141 000
185 142 000
185 143 000
185 144 000
185 145 000
185 146 000
185 147 c17
185 148 c1a
185 149 c1a
185 150 c14
185 151 c1e
185 152 c16
185 153 c1a
185 154 c1a
185 155 c17
185 156 c17
185 157 c17
185 158 c17
185 159 c1b
185 160 c1b
185 161 c1b
185 162 c13
185 163 c13
185 164 c13
185 165 c18
185 166 c18
185 167 c18
185 168 c18
185 169 c18
185 170 c14
185 171 c14
185 172 c14
185 173 c14
185 174 c14
185 175 c12
185 176 c18
185 177 c12
185 178 c12
185 179 c12
185 180 c14
185 181 c12
185 182 c14
185 183 c14
185 184 c14
185 185 000
185 186 000
185 187 000
185 188 000
185 189 000
185 190 000
185 191 000
185 192 000
185 193 000
185 194 000
185 195 000
185 196 000
185 197 000
185 198 000
185 199 000
185 200 000
185 201 000
185 202 000
185 203 000
185 204 000
185 205 000
185 206 000
185 207 000
185 208 000
185 209 000
185 210 000
185 211 000
185 212 000
185 213 000
185 214 000
185 215 000
185 216 000
185 217 000
185 218 000
185 219 000
185 220 000
185 221 000
185 222 000
185 223 000
185 224 000
185 225 000
185 226 000
185 227 000
185 228 000
185 229 000
185 230 000
185 231 000
185 232 000
185 233 000
185 234 000
185 235 000
185 236 000
185 237 000
185 238 000
185 239 000
185 240 000
185 241 000
185 242 000
185 243 000
185 244 000
185 245 000
185 246 000
185 247 000
185 248 000
185 249 000
185 250 000
185 251 000
185 252 000
185 253 000
185 254 000
185 255 000
185 256 000
185 257 000
185 258 000
185 259 000
185 260 000
185 261 000
185 262 000
185 263 000
185 264 000
185 265 000
185 266 000
185 267 000
185 268 000
185 269 000
185 270 000
185 271 000
185 272 000
185 273 000
185 274 000
185 275 000
185 276 000
185 277 000
185 278 000
185 279 000
185 280 000
185 281 000
185 282 000
185 283 000
185 284 000
185 285 000
185 286 000
185 287 000
185 288 000
185 289 000
185 290 000
185 291 000
185 292 000
185 293 000
185 294 000
185 295 000
185 296 000
185 297 000
185 298 000
185 299 000
185 300 000
185 301 000
185 302 000
185 303 000
185 304 000
185 305 000
185 306 000
185 307 000
185 308 000
185 309 000
185 310 000
185 311 000
185 312 000
185 313 000
185 314 000
185 315 000
185 316 000
185 317 000
185 318 000
185 319 000
186 0 000
186 1 000
186 2 000
186 3 000
186 4 000
186 5 000
186 6 000
186 7 000
186 8 000
186 9 000
186 10 000
186 11 000
186 12 000
186 13 000
186 14 000
186 15 000
186 16 000
186 17 000
186 18 000
186 19 000
186 20 000
186 21 000
186 22 000
186 23 000
186 24 000
186 25 000
186 26 000
186 27 000
186 28 000
186 29 000
186 30 000
186 31 000
186 32 000
186 33 000
186 34 000
186 35 000
186 36 000
186 37 000
186 38 000
186 39 000
186 40 000
186 41 000
186 42 000
186 43 000
186 44 000
186 45 000
186 46 000
186 47 000
186 48 000
186 49 000
186 50 000
186 51 000
186 52 000
186 53 000
186 54 000
186 55 000
186 56 000
186 57 000
186 58 000
186 59 000
186 60 000
186 61 000
186 62 000
186 63 000
186 64 000
186 65 000
186 66 000
186 67 000
186 68 000
186 69 000
186 70 000
186 71 000
186 72 000
186 73 000
186 74 000
186 75 000
186 76 000
186 77 000
186 78 000
186 79 000
186 80 000
186 81 000
186 82 000
186 83 000
186 84 000
186 85 000
186 86 000
186 87 000
186 88 000
186 89 000
186 90 000
186 91 000
186 92 000
186 93 000
186 94 000
186 95 000
186 96 000
186 97 000
186 98 000
186 99 000
186 100 000
186 101 000
186 102 000
186 103 000
186 104 000
186 105 000
186 106 000
186 107 000
186 108 000
186 109 000
186 110 000
186 111 000
186 112 000
186 113 000
186 114 000
186 115 000
186 116 000
186 117 000
186 118 000
186 119 000
186 120 000
186 121 000
186 122 000
186 123 000
186 124 000
186 125 000
186 126 000
186 127 000
186 128 000
186 129 000
186 130 000
186 131 000
186 132 000
186 133 000
186 134 000
186 135 000
186 136 000
186 137 000
186 138 000
186 139 000
186 140 000
186 141 000
186 142 000
186 143 000
186 144 000
186 145 000
186 146 000
186 147 c17
186 148 c1a
186 149 c1e
186 150 c14
186 151 c1e
186 152 c16
186 153 c16
186 154 c17
186 155 c17
186 156 c17
186 157 c14
186 158 c1b
186 159 c1a
186 160 c17
186 161 c1b
186 162 c13
186 163 c13
186 164 c13
186 165 c18
186 166 c18
186 167 c18
186 168 c18
186 169 c18
186 170 c18
186 171 c18
186 172 c12
186 173 c12
186 174 c12
186 175 c12
186 176 c12
186 177 c12
186 178 c12
186 179 c12
186 180 c12
186 181 c14
186 182 c12
186 183 c14
186 184 c14
186 185 000
186 186 000
186 187 000
186 188 000
186 189 000
186 190 000
186 191 000
186 192 000
186 193 000
186 194 000
186 195 000
186 196 000
186 197 000
186 198 000
186 199 000
186 200 000
186 201 000
186 202 000
186 203 000
186 204 000
186 205 000
186 206 000
186 207 000
186 208 000
186 209 000
186 210 000
186 211 000
186 212 000
186 213 000
186 214 000
186 215 000
186 216 000
186 217 000
186 218 000
186 219 000
186 220 000
186 221 000
186 222 000
186 223 000
186 224 000
186 225 000
186 226 000
186 227 000
186 228 000
186 229 000
186 230 000
186 231 000
186 232 000
186 233 000
186 234 000
186 235 000
186 236 000
186 237 000
186 238 000
186 239 000
186 240 000
186 241 000
186 242 000
186 243 000
186 244 000
186 245 000
186 246 000
186 247 000
186 248 000
186 249 000
186 250 000
186 251 000
186 252 000
186 253 000
186 254 000
186 255 000
186 256 000
186 257 000
186 258 000
186 259 000
186 260 000
186 261 000
186 262 000
186 263 000
186 264 000
186 265 000
186 266 000
186 267 000
186 268 000
186 269 000
186 270 000
186 271 000
186 272 000
186 273 000
186 274 000
186 275 000
186 276 000
186 277 000
186 278 000
186 279 000
186 280 000
186 281 000
186 282 000
186 283 000
186 284 000
186 285 000
186 286 000
186 287 000
186 288 000
186 289 000
186 290 000
186 291 000
186 292 000
186 293 000
186 294 000
186 295 000
186 296 000
186 297 000
186 298 000
186 299 000
186 300 000
186 301 000
186 302 000
186 303 000
186 304 000
186 305 000
186 306 000
186 307 000
186 308 000
186 309 000
186 310 000
186 311 000
186 312 000
186 313 000
186 314 000
186 315 000
186 316 000
186 317 000
186 318 000
186 319 000
187 0 000
187 1 000
187 2 000
187 3 000
187 4 000
187 5 000
187 6 000
187 7 000
187 8 000
187 9 000
187 10 000
187 11 000
187 12 000
187 13 000
187 14 000
187 15 000
187 16 000
187 17 000
187 18 000
187 19 000
187 20 000
187 21 000
187 22 000
187 23 000
187 24 000
187 25 000
187 26 000
187 27 000
187 28 000
187 29 000
187 30 000
187 31 000
187 32 000
187 33 000
187 34 000
187 35 000
187 36 000
187 37 000
187 38 000
187 39 000
187 40 000
187 41 000
187 42 000
187 43 000
187 44 000
187 45 000
187 46 000
187 47 000
187 48 000
187 49 000
187 50 000
187 51 000
187 52 000
187 53 000
187 54 000
187 55 000
187 56 000
187 57 000
187 58 000
187 59 000
187 60 000
187 61 000
187 62 000
187 63 000
187 64 000
187 65 000
187 66 000
187 67 000
187 68 000
187 69 000
187 70 000
187 71 000
187 72 000
187 73 000
187 74 000
187 75 000
187 76 000
187 77 000
187 78 000
187 79 000
187 80 000
187 81 000
187 82 000
187 83 000
187 84 000
187 85 000
187 86 000
187 87 000
187 88 000
187 89 000
187 90 000
187 91 000
187 92 000
187 93 000
187 94 000
187 95 000
187 96 000
187 97 000
187 98 000
187 99 000
187 100 000
187 101 000
187 102 000
187 103 000
187 104 000
187 105 000
187 106 000
187 107 000
187 108 000
187 109 000
187 110 000
187 111 000
187 112 000
187 113 000
187 114 000
187 115 000
187 116 000
187 117 000
187 118 000
187 119 000
187 120 000
187 121 000
187 122 000
187 123 000
187 124 000
187 125 000
187 126 000
187 127 000
187 128 000
187 129 000
187 130 000
187 131 000
187 132 000
187 133 000
187 134 000
187 135 000
187 136 000
187 137 000
187 138 000
187 139 000
187 140 000
187 141 000
187 142 000
187 143 000
187 144 000
187 145 000
187 146 c17
187 147 c17
187 148 c16
187 149 c1e
187 150 c14
187 151 c1e
187 152 c16
187 153 c17
187 154 c17
187 155 c17
187 156 c14
187 157 c1b
187 158 c1a
187 159 c1b
187 160 c11
187 161 c13
187 162 c13
187 163 c13
187 164 c13
187 165 c18
187 166 c18
187 167 c18
187 168 c18
187 169 c18
187 170 c18
187 171 c18
187 172 c18
187 173 c12
187 174 c12
187 175 c12
187 176 c12
187 177 c12
187 178 c12
187 179 c12
187 180 c12
187 181 c12
187 182 c14
187 183 c12
187 184 c14
187 185 000
187 186 000
187 187 000
187 188 000
187 189 000
187 190 000
187 191 000
187 192 000
187 193 000
187 194 000
187 195 000
187 196 000
187 197 000
187 198 000
187 199 000
187 200 000
187 201 000
187 202 000
187 203 000
187 204 000
187 205 000
187 206 000
187 207 000
187 208 000
187 209 000
187 210 000
187 211 000
187 212 000
187 213 000
187 214 000
187 215 000
187 216 000
187 217 000
187 218 000
187 219 000
187 220 000
187 221 000
187 222 000
187 223 000
187 224 000
187 225 000
187 226 000
187 227 000
187 228 000
187 229 000
187 230 000
187 231 000
187 232 000
187 233 000
187 234 000
187 235 000
187 236 000
187 237 000
187 238 000
187 239 000
187 240 000
187 241 000
187 242 000
187 243 000
187 244 000
187 245 000
187 246 000
187 247 000
187 248 000
187 249 000
187 250 000
187 251 000
187 252 000
187 253 000
187 254 000
187 255 000
187 256 000
187 257 000
187 258 000
187 259 000
187 260 000
187 261 000
187 262 000
187 263 000
187 264 000
187 265 000
187 266 000
187 267 000
187 268 000
187 269 000
187 270 000
187 271 000
187 272 000
187 273 000
187 274 000
187 275 000
187 276 000
187 277 000
187 278 000
187 279 000
187 280 000
187 281 000
187 282 000
187 283 000
187 284 000
187 285 000
187 286 000
187 287 000
187 288 000
187 289 000
187 290 000
187 291 000
187 292 000
187 293 000
187 294 000
187 295 000
187 296 000
187 297 000
187 298 000
187 299 000
187 300 000
187 301 000
187 302 000
187 303 000
187 304 000
187 305 000
187 306 000
187 307 000
187 308 000
187 309 000
187 310 000
187 311 000
187 312 000
187 313 000
187 314 000
187 315 000
187 316 000
187 317 000
187 318 000
187 319 000
188 0 000
188 1 000
188 2 000
188 3 000
188 4 000
188 5 000
188 6 000
188 7 000
188 8 000
188 9 000
188 10 000
188 11 000
188 12 000
188 13 000
188 14 000
188 15 000
188 16 000
188 17 000
188 18 000
188 19 000
188 20 000
188 21 000
188 22 000
188 23 000
188 24 000
188 25 000
188 26 000
188 27 000
188 28 000
188 29 000
188 30 000
188 31 000
188 32 000
188 33 000
188 34 000
188 35 000
188 36 000
188 37 000
188 38 000
188 39 000
188 40 000
188 41 000
188 42 000
188 43 000
188 44 000
188 45 000
188 46 000
188 47 000
188 48 000
188 49 000
188 50 000
188 51 000
188 52 000
188 53 000
188 54 000
188 55 000
188 56 000
188 57 000
188 58 000
188 59 000
188 60 000
188 61 000
188 62 000
188 63 000
188 64 000
188 65 000
188 66 000
188 67 000
188 68 000
188 69 000
188 70 000
188 71 000
188 72 000
188 73 000
188 74 000
188 75 000
188 76 000
188 77 000
188 78 000
188 79 000
188 80 000
188 81 000
188 82 000
188 83 000
188 84 000
188 85 000
188 86 000
188 87 000
188 88 000
188 89 000
188 90 000
188 91 000
188 92 000
188 93 000
188 94 000
188 95 000
188 96 000
188 97 000
188 98 000
188 99 000
188 100 000
188 101 000
188 102 000
188 103 000
188 104 000
188 105 000
188 106 000
188 107 000
188 108 000
188 109 000
188 110 000
188 111 000
188 112 000
188 113 000
188 114 000
188 115 000
188 116 000
188 117 000
188 118 000
188 119 000
188 120 000
188 121 000
188 122 000
188 123 000
188 124 000
188 125 000
188 126 000
188 127 000
188 128 000
188 129 000
188 130 000
188 131 000
188 132 000
188 133 000
188 134 000
188 135 000
188 136 000
188 137 000
188 138 000
188 139 000
188 140 000
188 141 000
188 142 000
188 143 000
188 144 000
188 145 000
188 146 c17
188 147 c16
188 148 c1e
188 149 c14
188 150 c1e
188 151 c1e
188 152 c16
188 153 c17
188 154 c17
188 155 c14
188 156 c1b
188 157 c11
188 158 c17
188 159 c1a
188 160 c1b
188 161 c17
188 162 c13
188 163 c13
188 164 c13
188 165 c18
188 166 c18
188 167 c18
188 168 c18
188 169 c18
188 170 c18
188 171 c18
188 172 c18
188 173 c18
188 174 c12
188 175 c12
188 176 c12
188 177 c12
188 178 c12
188 179 c12
188 180 c12
188 181 c12
188 182 c12
188 183 c14
188 184 c12
188 185 000
188 186 000
188 187 000
188 188 000
188 189 000
188 190 000
188 191 000
188 192 000
188 193 000
188 194 000
188 195 000
188 196 000
188 197 000
188 198 000
188 199 000
188 200 000
188 201 000
188 202 000
188 203 000
188 204 000
188 205 000
188 206 000
188 207 000
188 208 000
188 209 000
188 210 000
188 211 000
188 212 000
188 213 000
188 214 000
188 215 000
188 216 000
188 217 000
188 218 000
188 219 000
188 220 000
188 221 000
188 222 000
188 223 000
188 224 000
188 225 000
188 226 000
188 227 000
188 228 000
188 229 000
188 230 000
188 231 000
188 232 000
188 233 000
188 234 000
188 235 000
188 236 000
188 237 000
188 238 000
188 239 000
188 240 000
188 241 000
188 242 000
188 243 000
188 244 000
188 245 000
188 246 000
188 247 000
188 248 000
188 249 000
188 250 000
188 251 000
188 252 000
188 253 000
188 254 000
188 255 000
188 256 000
188 257 000
188 258 000
188 259 000
188 260 000
188 261 000
188 262 000
188 263 000
188 264 000
188 265 000
188 266 000
188 267 000
188 268 000
188 269 000
188 270 000
188 271 000
188 272 000
188 273 000
188 274 000
188 275 000
188 276 000
188 277 000
188 278 000
188 279 000
188 280 000
188 281 000
188 282 000
188 283 000
188 284 000
188 285 000
188 286 000
188 287 000
188 288 000
188 289 000
188 290 000
188 291 000
188 292 000
188 293 000
188 294 000
188 295 000
188 296 000
188 297 000
188 298 000
188 299 000
188 300 000
188 301 000
188 302 000
188 303 000
188 304 000
188 305 000
188 306 000
188 307 000
188 308 000
188 309 000
188 310 000
188 311 000
188 312 000
188 313 000
188 314 000
188 315 000
188 316 000
188 317 000
188 318 000
188 319 000
189 0 000
189 1 000
189 2 000
189 3 000
189 4 000
189 5 000
189 6 000
189 7 000
189 8 000
189 9 000
189 10 000
189 11 000
189 12 000
189 13 000
189 14 000
189 15 000
189 16 000
189 17 000
189 18 000
189 19 000
189 20 000
189 21 000
189 22 000
189 23 000
189 24 000
189 25 000
189 26 000
189 27 000
189 28 000
189 29 000
189 30 000
189 31 000
189 32 000
189 33 000
189 34 000
189 35 000
189 36 000
189 37 000
189 38 000
189 39 000
189 40 000
189 41 000
189 42 000
189 43 000
189 44 000
189 45 000
189 46 000
189 47 000
189 48 000
189 49 000
189 50 000
189 51 000
189 52 000
189 53 000
189 54 000
189 55 000
189 56 000
189 57 000
189 58 000
189 59 000
189 60 000
189 61 000
189 62 000
189 63 000
189 64 000
189 65 000
189 66 000
189 67 000
189 68 000
189 69 000
189 70 000
189 71 000
189 72 000
189 73 000
189 74 000
189 75 000
189 76 000
189 77 000
189 78 000
189 79 000
189 80 000
189 81 000
189 82 000
189 83 000
189 84 000
189 85 000
189 86 000
189 87 000
189 88 000
189 89 000
189 90 000
189 91 000
189 92 000
189 93 000
189 94 000
189 95 000
189 96 000
189 97 000
189 98 000
189 99 000
189 100 000
189 101 000
189 102 000
189 103 000
189 104 000
189 105 000
189 106 000
189 107 000
189 108 000
189 109 000
189 110 000
189 111 000
189 112 000
189 113 000
189 114 000
189 115 000
189 116 000
189 117 000
189 118 000
189 119 000
189 120 000
189 121 000
189 122 000
189 123 000
189 124 000
189 125 000
189 126 000
189 127 000
189 128 000
189 129 000
189 130 000
189 131 000
189 132 000
189 133 000
189 134 000
189 135 000
189 136 000
189 137 000
189 138 000
189 139 000
189 140 000
189 141 000
189 142 000
189 143 000
189 144 000
189 145 000
189 146 c17
189 147 c16
189 148 c14
189 149 c1e
189 150 c1e
189 151 c16
189 152 c16
189 153 c17
189 154 c14
189 155 c1b
189 156 c1a
189 157 c1b
189 158 c1a
189 159 c1b
189 160 c17
189 161 c17
189 162 c17
189 163 c1b
189 164 c1b
189 165 c18
189 166 c18
189 167 c18
189 168 c18
189 169 c18
189 170 c18
189 171 c18
189 172 c18
189 173 c18
189 174 c18
189 175 c15
189 176 c15
189 177 c15
189 178 c15
189 179 c12
189 180 c12
189 181 c12
189 182 c12
189 183 c12
189 184 c14
189 185 000
189 186 000
189 187 000
189 188 000
189 189 000
189 190 000
189 191 000
189 192 000
189 193 000
189 194 000
189 195 000
189 196 000
189 197 000
189 198 000
189 199 000
189 200 000
189 201 000
189 202 000
189 203 000
189 204 000
189 205 000
189 206 000
189 207 000
189 208 000
189 209 000
189 210 000
189 211 000
189 212 000
189 213 000
189 214 000
189 215 000
189 216 000
189 217 000
189 218 000
189 219 000
189 220 000
189 221 000
189 222 000
189 223 000
189 224 000
189 225 000
189 226 000
189 227 000
189 228 000
189 229 000
189 230 000
189 231 000
189 232 000
189 233 000
189 234 000
189 235 000
189 236 000
189 237 000
189 238 000
189 239 000
189 240 000
189 241 000
189 242 000
189 243 000
189 244 000
189 245 000
189 246 000
189 247 000
189 248 000
189 249 000
189 250 000
189 251 000
189 252 000
189 253 000
189 254 000
189 255 000
189 256 000
189 257 000
189 258 000
189 259 000
189 260 000
189 261 000
189 262 000
189 263 000
189 264 000
189 265 000
189 266 000
189 267 000
189 268 000
189 269 000
189 270 000
189 271 000
189 272 000
189 273 000
189 274 000
189 275 000
189 276 000
189 277 000
189 278 000
189 279 000
189 280 000
189 281 000
189 282 000
189 283 000
189 284 000
189 285 000
189 286 000
189 287 000
189 288 000
189 289 000
189 290 000
189 291 000
189 292 000
189 293 000
189 294 000
189 295 000
189 296 000
189 297 000
189 298 000
189 299 000
189 300 000
189 301 000
189 302 000
189 303 000
189 304 000
189 305 000
189 306 000
189 307 000
189 308 000
189 309 000
189 310 000
189 311 000
189 312 000
189 313 000
189 314 000
189 315 000
189 316 000
189 317 000
189 318 000
189 319 000
190 0 000
190 1 000
190 2 000
190 3 000
190 4 000
190 5 000
190 6 000
190 7 000
190 8 000
190 9 000
190 10 000
190 11 000
190 12 000
190 13 000
190 14 000
190 15 000
190 16 000
190 17 000
190 18 000
190 19 000
190 20 000
190 21 000
190 22 000
190 23 000
190 24 000
190 25 000
190 26 000
190 27 000
190 28 000
190 29 000
190 30 000
190 31 000
190 32 000
190 33 000
190 34 000
190 35 000
190 36 000
190 37 000
190 38 000
190 39 000
190 40 000
190 41 000
190 42 000
190 43 000
190 44 000
190 45 000
190 46 000
190 47 000
190 48 000
190 49 000
190 50 000
190 51 000
190 52 000
190 53 000
190 54 000
190 55 000
190 56 000
190 57 000
190 58 000
190 59 000
190 60 000
190 61 000
190 62 000
190 63 000
190 64 000
190 65 000
190 66 000
190 67 000
190 68 000
190 69 000
190 70 000
190 71 000
190 72 000
190 73 000
190 74 000
190 75 000
190 76 000
190 77 000
190 78 000
190 79 000
190 80 000
190 81 000
190 82 000
190 83 000
190 84 000
190 85 000
190 86 000
190 87 000
190 88 000
190 89 000
190 90 000
190 91 000
190 92 000
190 93 000
190 94 000
190 95 000
190 96 000
190 97 000
190 98 000
190 99 000
190 100 000
190 101 000
190 102 000
190 103 000
190 104 000
190 105 000
190 106 000
190 107 000
190 108 000
190 109 000
190 110 000
190 111 000
190 112 000
190 113 000
190 114 000
190 115 000
190 116 000
190 117 000
190 118 000
190 119 000
190 120 000
190 121 000
190 122 000
190 123 000
190 124 000
190 125 000
190 126 000
190 127 000
190 128 000
190 129 000
190 130 000
190 131 000
190 132 000
190 133 000
190 134 000
190 135 000
190 136 000
190 137 000
190 138 000
190 139 000
190 140 000
190 141 000
190 142 000
190 143 000
190 144 000
190 145 c17
190 146 c17
190 147 c1e
190 148 c14
190 149 c1e
190 150 c1e
190 151 c16
190 152 c17
190 153 c17
190 154 c17
190 155 c1b
190 156 c1b
190 157 c1a
190 158 c1b
190 159 c17
190 160 c17
190 161 c1b
190 162 c1b
190 163 c1d
190 164 c1a
190 165 c1b
190 166 c18
190 167 c18
190 168 c18
190 169 c18
190 170 c18
190 171 c18
190 172 c18
190 173 c18
190 174 c18
190 175 c18
190 176 c15
190 177 c15
190 178 c15
190 179 c12
190 180 c12
190 181 c12
190 182 c12
190 183 c12
190 184 c14
190 185 000
190 186 000
190 187 000
190 188 000
190 189 000
190 190 000
190 191 000
190 192 000
190 193 000
190 194 000
190 195 000
190 196 000
190 197 000
190 198 000
190 199 000
190 200 000
190 201 000
190 202 000
190 203 000
190 204 000
190 205 000
190 206 000
190 207 000
190 208 000
190 209 000
190 210 000
190 211 000
190 212 000
190 213 000
190 214 000
190 215 000
190 216 000
190 217 000
190 218 000
190 219 000
190 220 000
190 221 000
190 222 000
190 223 000
190 224 000
190 225 000
190 226 000
190 227 000
190 228 000
190 229 000
190 230 000
190 231 000
190 232 000
190 233 000
190 234 000
190 235 000
190 236 000
190 237 000
190 238 000
190 239 000
190 240 000
190 241 000
190 242 000
190 243 000
190 244 000
190 245 000
190 246 000
190 247 000
190 248 000
190 249 000
190 250 000
190 251 000
190 252 000
190 253 000
190 254 000
190 255 000
190 256 000
190 257 000
190 258 000
190 259 000
190 260 000
190 261 000
190 262 000
190 263 000
190 264 000
190 265 000
190 266 000
190 267 000
190 268 000
190 269 000
190 270 000
190 271 000
190 272 000
190 273 000
190 274 000
190 275 000
190 276 000
190 277 000
190 278 000
190 279 000
190 280 000
190 281 000
190 282 000
190 283 000
190 284 000
190 285 000
190 286 000
190 287 000
190 288 000
190 289 000
190 290 000
190 291 000
190 292 000
190 293 000
190 294 000
190 295 000
190 296 000
190 297 000
190 298 000
190 299 000
190 300 000
190 301 000
190 302 000
190 303 000
190 304 000
190 305 000
190 306 000
190 307 000
190 308 000
190 309 000
190 310 000
190 311 000
190 312 000
190 313 000
190 314 000
190 315 000
190 316 000
190 317 000
190 318 000
190 319 000
191 0 000
191 1 000
191 2 000
191 3 000
191 4 000
191 5 000
191 6 000
191 7 000
191 8 000
191 9 000
191 10 000
191 11 000
191 12 000
191 13 000
191 14 000
191 15 000
191 16 000
191 17 000
191 18 000
191 19 000
191 20 000
191 21 000
191 22 000
191 23 000
191 24 000
191 25 000
191 26 000
191 27 000
191 28 000
191 29 000
191 30 000
191 31 000
191 32 000
191 33 000
191 34 000
191 35 000
191 36 000
191 37 000
191 38 000
191 39 000
191 40 000
191 41 000
191 42 000
191 43 000
191 44 000
191 45 000
191 46 000
191 47 000
191 48 000
191 49 000
191 50 000
191 51 000
191 52 000
191 53 000
191 54 000
191 55 000
191 56 000
191 57 000
191 58 000
191 59 000
191 60 000
191 61 000
191 62 000
191 63 000
191 64 000
191 65 000
191 66 000
191 67 000
191 68 000
191 69 000
191 70 000
191 71 000
191 72 000
191 73 000
191 74 000
191 75 000
191 76 000
191 77 000
191 78 000
191 79 000
191 80 000
191 81 000
191 82 000
191 83 000
191 84 000
191 85 000
191 86 000
191 87 000
191 88 000
191 89 000
191 90 000
191 91 000
191 92 000
191 93 000
191 94 000
191 95 000
191 96 000
191 97 000
191 98 000
191 99 000
191 100 000
191 101 000
191 102 000
191 103 000
191 104 000
191 105 000
191 106 000
191 107 000
191 108 000
191 109 000
191 110 000
191 111 000
191 112 000
191 113 000
191 114 000
191 115 000
191 116 000
191 117 000
191 118 000
191 119 000
191 120 000
191 121 000
191 122 000
191 123 000
191 124 000
191 125 000
191 126 000
191 127 000
191 128 000
191 129 000
191 130 000
191 131 000
191 132 000
191 133 000
191 134 000
191 135 000
191 136 000
191 137 000
191 138 000
191 139 000
191 140 000
191 141 000
191 142 000
191 143 000
191 144 000
191 145 c17
191 146 c17
191 147 c1e
191 148 c14
191 149 c1e
191 150 c16
191 151 c16
191 152 c17
191 153 c12
191 154 c12
191 155 c12
191 156 c1b
191 157 c1b
191 158 c17
191 159 c17
191 160 c1b
191 161 c1d
191 162 c1d
191 163 c1a
191 164 c1d
191 165 c1d
191 166 c1b
191 167 c1b
191 168 c18
191 169 c18
191 170 c18
191 171 c18
191 172 c18
191 173 c18
191 174 c18
191 175 c18
191 176 c15
191 177 c15
191 178 c15
191 179 c12
191 180 c12
191 181 c12
191 182 c12
191 183 c12
191 184 c14
191 185 000
191 186 000
191 187 000
191 188 000
191 189 000
191 190 000
191 191 000
191 192 000
191 193 000
191 194 000
191 195 000
191 196 000
191 197 000
191 198 000
191 199 000
191 200 000
191 201 000
191 202 000
191 203 000
191 204 000
191 205 000
191 206 000
191 207 000
191 208 000
191 209 000
191 210 000
191 211 000
191 212 000
191 213 000
191 214 000
191 215 000
191 216 000
191 217 000
191 218 000
191 219 000
191 220 000
191 221 000
191 222 000
191 223 000
191 224 000
191 225 000
191 226 000
191 227 000
191 228 000
191 229 000
191 230 000
191 231 000
191 232 000
191 233 000
191 234 000
191 235 000
191 236 000
191 237 000
191 238 000
191 239 000
191 240 000
191 241 000
191 242 000
191 243 000
191 244 000
191 245 000
191 246 000
191 247 000
191 248 000
191 249 000
191 250 000
191 251 000
191 252 000
191 253 000
191 254 000
191 255 000
191 256 000
191 257 000
191 258 000
191 259 000
191 260 000
191 261 000
191 262 000
191 263 000
191 264 000
191 265 000
191 266 000
191 267 000
191 268 000
191 269 000
191 270 000
191 271 000
191 272 000
191 273 000
191 274 000
191 275 000
191 276 000
191 277 000
191 278 000
191 279 000
191 280 000
191 281 000
191 282 000
191 283 000
191 284 000
191 285 000
191 286 000
191 287 000
191 288 000
191 289 000
191 290 000
191 291 000
191 292 000
191 293 000
191 294 000
191 295 000
191 296 000
191 297 000
191 298 000
191 299 000
191 300 000
191 301 000
191 302 000
191 303 000
191 304 000
191 305 000
191 306 000
191 307 000
191 308 000
191 309 000
191 310 000
191 311 000
191 312 000
191 313 000
191 314 000
191 315 000
191 316 000
191 317 000
191 318 000
191 319 000
192 0 000
192 1 000
192 2 000
192 3 000
192 4 000
192 5 000
192 6 000
192 7 000
192 8 000
192 9 000
192 10 000
192 11 000
192 12 000
192 13 000
192 14 000
192 15 000
192 16 000
192 17 000
192 18 000
192 19 000
192 20 000
192 21 000
192 22 000
192 23 000
192 24 000
192 25 000
192 26 000
192 27 000
192 28 000
192 29 000
192 30 000
192 31 000
192 32 000
192 33 000
192 34 000
192 35 000
192 36 000
192 37 000
192 38 000
192 39 000
192 40 000
192 41 000
192 42 000
192 43 000
192 44 000
192 45 000
192 46 000
192 47 000
192 48 000
192 49 000
192 50 000
192 51 000
192 52 000
192 53 000
192 54 000
192 55 000
192 56 000
192 57 000
192 58 000
192 59 000
192 60 000
192 61 000
192 62 000
192 63 000
192 64 000
192 65 000
192 66 000
192 67 000
192 68 000
192 69 000
192 70 000
192 71 000
192 72 000
192 73 000
192 74 000
192 75 000
192 76 000
192 77 000
192 78 000
192 79 000
192 80 000
192 81 000
192 82 000
192 83 000
192 84 000
192 85 000
192 86 000
192 87 000
192 88 000
192 89 000
192 90 000
192 91 000
192 92 000
192 93 000
192 94 000
192 95 000
192 96 000
192 97 000
192 98 000
192 99 000
192 100 000
192 101 000
192 102 000
192 103 000
192 104 000
192 105 000
192 106 000
192 107 000
192 108 000
192 109 000
192 110 000
192 111 000
192 112 000
192 113 000
192 114 000
192 115 000
192 116 000
192 117 000
192 118 000
192 119 000
192 120 000
192 121 000
192 122 000
192 123 000
192 124 000
192 125 000
192 126 000
192 127 000
192 128 000
192 129 000
192 130 000
192 131 000
192 132 000
192 133 000
192 134 000
192 135 000
192 136 000
192 137 000
192 138 000
192 139 000
192 140 000
192 141 000
192 142 000
192 143 000
192 144 c17
192 145 c17
192 146 c17
192 147 c1e
192 148 c14
192 149 c16
192 150 c16
192 151 c12
192 152 c12
192 153 c12
192 154 c12
192 155 c12
192 156 c12
192 157 c12
192 158 c12
192 159 c1b
192 160 c1d
192 161 c1d
192 162 c1a
192 163 c1d
192 164 c1d
192 165 c1d
192 166 c1d
192 167 c1d
192 168 c1b
192 169 c1b
192 170 c18
192 171 c18
192 172 c18
192 173 c13
192 174 c13
192 175 c13
192 176 c1b
192 177 c15
192 178 c15
192 179 c15
192 180 c15
192 181 c12
192 182 c12
192 183 c12
192 184 c12
192 185 000
192 186 000
192 187 000
192 188 000
192 189 000
192 190 000
192 191 000
192 192 000
192 193 000
192 194 000
192 195 000
192 196 000
192 197 000
192 198 000
192 199 000
192 200 000
192 201 000
192 202 000
192 203 000
192 204 000
192 205 000
192 206 000
192 207 000
192 208 000
192 209 000
192 210 000
192 211 000
192 212 000
192 213 000
192 214 000
192 215 000
192 216 000
192 217 000
192 218 000
192 219 000
192 220 000
192 221 000
192 222 000
192 223 000
192 224 000
192 225 000
192 226 000
192 227 000
192 228 000
192 229 000
192 230 000
192 231 000
192 232 000
192 233 000
192 234 000
192 235 000
192 236 000
192 237 000
192 238 000
192 239 000
192 240 000
192 241 000
192 242 000
192 243 000
192 244 000
192 245 000
192 246 000
192 247 000
192 248 000
192 249 000
192 250 000
192 251 000
192 252 000
192 253 000
192 254 000
192 255 000
192 256 000
192 257 000
192 258 000
192 259 000
192 260 000
192 261 000
192 262 000
192 263 000
192 264 000
192 265 000
192 266 000
192 267 000
192 268 000
192 269 000
192 270 000
192 271 000
192 272 000
192 273 000
192 274 000
192 275 000
192 276 000
192 277 000
192 278 000
192 279 000
192 280 000
192 281 000
192 282 000
192 283 000
192 284 000
192 285 000
192 286 000
192 287 000
192 288 000
192 289 000
192 290 000
192 291 000
192 292 000
192 293 000
192 294 000
192 295 000
192 296 000
192 297 000
192 298 000
192 299 000
192 300 000
192 301 000
192 302 000
192 303 000
192 304 000
192 305 000
192 306 000
192 307 000
192 308 000
192 309 000
192 310 000
192 311 000
192 312 000
192 313 000
192 314 000
192 315 000
192 316 000
192 317 000
192 318 000
192 319 000
193 0 000
193 1 000
193 2 000
193 3 000
193 4 000
193 5 000
193 6 000
193 7 000
193 8 000
193 9 000
193 10 000
193 11 000
193 12 000
193 13 000
193 14 000
193 15 000
193 16 000
193 17 000
193 18 000
193 19 000
193 20 000
193 21 000
193 22 000
193 23 000
193 24 000
193 25 000
193 26 000
193 27 000
193 28 000
193 29 000
193 30 000
193 31 000
193 32 000
193 33 000
193 34 000
193 35 000
193 36 000
193 37 000
193 38 000
193 39 000
193 40 000
193 41 000
193 42 000
193 43 000
193 44 000
193 45 000
193 46 000
193 47 000
193 48 000
193 49 000
193 50 000
193 51 000
193 52 000
193 53 000
193 54 000
193 55 000
193 56 000
193 57 000
193 58 000
193 59 000
193 60 000
193 61 000
193 62 000
193 63 000
193 64 000
193 65 000
193 66 000
193 67 000
193 68 000
193 69 000
193 70 000
193 71 000
193 72 000
193 73 000
193 74 000
193 75 000
193 76 000
193 77 000
193 78 000
193 79 000
193 80 000
193 81 000
193 82 000
193 83 000
193 84 000
193 85 000
193 86 000
193 87 000
193 88 000
193 89 000
193 90 000
193 91 000
193 92 000
193 93 000
193 94 000
193 95 000
193 96 000
193 97 000
193 98 000
193 99 000
193 100 000
193 101 000
193 102 000
193 103 000
193 104 000
193 105 000
193 106 000
193 107 000
193 108 000
193 109 000
193 110 000
193 111 000
193 112 000
193 113 000
193 114 000
193 115 000
193 116 000
193 117 000
193 118 000
193 119 000
193 120 000
193 121 000
193 122 000
193 123 000
193 124 000
193 125 000
193 126 000
193 127 000
193 128 000
193 129 000
193 130 000
193 131 000
193 132 000
193 133 000
193 134 000
193 135 000
193 136 000
193 137 000
193 138 000
193 139 000
193 140 000
193 141 000
193 142 000
193 143 000
193 144 c17
193 145 c17
193 146 c16
193 147 c14
193 148 c16
193 149 c1e
193 150 c16
193 151 c12
193 152 c12
193 153 c12
193 154 c12
193 155 c12
193 156 c12
193 157 c12
193 158 c1b
193 159 c1d
193 160 c1d
193 161 c1a
193 162 c1d
193 163 c1d
193 164 c1d
193 165 c1d
193 166 c1d
193 167 c1d
193 168 c1d
193 169 c1d
193 170 c1b
193 171 c13
193 172 c13
193 173 c13
193 174 c13
193 175 c13
193 176 c1b
193 177 c15
193 178 c15
193 179 c15
193 180 c15
193 181 c12
193 182 c15
193 183 c15
193 184 000
193 185 000
193 186 000
193 187 000
193 188 000
193 189 000
193 190 000
193 191 000
193 192 000
193 193 000
193 194 000
193 195 000
193 196 000
193 197 000
193 198 000
193 199 000
193 200 000
193 201 000
193 202 000
193 203 000
193 204 000
193 205 000
193 206 000
193 207 000
193 208 000
193 209 000
193 210 000
193 211 000
193 212 000
193 213 000
193 214 000
193 215 000
193 216 000
193 217 000
193 218 000
193 219 000
193 220 000
193 221 000
193 222 000
193 223 000
193 224 000
193 225 000
193 226 000
193 227 000
193 228 000
193 229 000
193 230 000
193 231 000
193 232 000
193 233 000
193 234 000
193 235 000
193 236 000
193 237 000
193 238 000
193 239 000
193 240 000
193 241 000
193 242 000
193 243 000
193 244 000
193 245 000
193 246 000
193 247 000
193 248 000
193 249 000
193 250 000
193 251 000
193 252 000
193 253 000
193 254 000
193 255 000
193 256 000
193 257 000
193 258 000
193 259 000
193 260 000
193 261 000
193 262 000
193 263 000
193 264 000
193 265 000
193 266 000
193 267 000
193 268 000
193 269 000
193 270 000
193 271 000
193 272 000
193 273 000
193 274 000
193 275 000
193 276 000
193 277 000
193 278 000
193 279 000
193 280 000
193 281 000
193 282 000
193 283 000
193 284 000
193 285 000
193 286 000
193 287 000
193 288 000
193 289 000
193 290 000
193 291 000
193 292 000
193 293 000
193 294 000
193 295 000
193 296 000
193 297 000
193 298 000
193 299 000
193 300 000
193 301 000
193 302 000
193 303 000
193 304 000
193 305 000
193 306 000
193 307 000
193 308 000
193 309 000
193 310 000
193 311 000
193 312 000
193 313 000
193 314 000
193 315 000
193 316 000
193 317 000
193 318 000
193 319 000
194 0 000
194 1 000
194 2 000
194 3 000
194 4 000
194 5 000
194 6 000
194 7 000
194 8 000
194 9 000
194 10 000
194 11 000
194 12 000
194 13 000
194 14 000
194 15 000
194 16 000
194 17 000
194 18 000
194 19 000
194 20 000
194 21 000
194 22 000
194 23 000
194 24 000
194 25 000
194 26 000
194 27 000
194 28 000
194 29 000
194 30 000
194 31 000
194 32 000
194 33 000
194 34 000
194 35 000
194 36 000
194 37 000
194 38 000
194 39 000
194 40 000
194 41 000
194 42 000
194 43 000
194 44 000
194 45 000
194 46 000
194 47 000
194 48 000
194 49 000
194 50 000
194 51 000
194 52 000
194 53 000
194 54 000
194 55 000
194 56 000
194 57 000
194 58 000
194 59 000
194 60 000
194 61 000
194 62 000
194 63 000
194 64 000
194 65 000
194 66 000
194 67 000
194 68 000
194 69 000
194 70 000
194 71 000
194 72 000
194 73 000
194 74 000
194 75 000
194 76 000
194 77 000
194 78 000
194 79 000
194 80 000
194 81 000
194 82 000
194 83 000
194 84 000
194 85 000
194 86 000
194 87 000
194 88 000
194 89 000
194 90 000
194 91 000
194 92 000
194 93 000
194 94 000
194 95 000
194 96 000
194 97 000
194 98 000
194 99 000
194 100 000
194 101 000
194 102 000
194 103 000
194 104 000
194 105 000
194 106 000
194 107 000
194 108 000
194 109 000
194 110 000
194 111 000
194 112 000
194 113 000
194 114 000
194 115 000
194 116 000
194 117 000
194 118 000
194 119 000
194 120 000
194 121 000
194 122 000
194 123 000
194 124 000
194 125 000
194 126 000
194 127 000
194 128 000
194 129 000
194 130 000
194 131 000
194 132 000
194 133 000
194 134 000
194 135 000
194 136 000
194 137 000
194 138 000
194 139 000
194 140 000
194 141 000
194 142 000
194 143 c12
194 144 c17
194 145 c17
194 146 c16
194 147 c14
194 148 c16
194 149 c16
194 150 c12
194 151 c12
194 152 c12
194 153 c12
194 154 c12
194 155 c12
194 156 c12
194 157 c12
194 158 c1b
194 159 c1b
194 160 c1b
194 161 c1b
194 162 c1d
194 163 c1d
194 164 c1d
194 165 c1d
194 166 c1d
194 167 c1d
194 168 c1d
194 169 c1d
194 170 c1b
194 171 c13
194 172 c13
194 173 c1b
194 174 c13
194 175 c13
194 176 c15
194 177 c15
194 178 c15
194 179 c15
194 180 c15
194 181 c15
194 182 c15
194 183 c15
194 184 000
194 185 000
194 186 000
194 187 000
194 188 000
194 189 000
194 190 000
194 191 000
194 192 000
194 193 000
194 194 000
194 195 000
194 196 000
194 197 000
194 198 000
194 199 000
194 200 000
194 201 000
194 202 000
194 203 000
194 204 000
194 205 000
194 206 000
194 207 000
194 208 000
194 209 000
194 210 000
194 211 000
194 212 000
194 213 000
194 214 000
194 215 000
194 216 000
194 217 000
194 218 000
194 219 000
194 220 000
194 221 000
194 222 000
194 223 000
194 224 000
194 225 000
194 226 000
194 227 000
194 228 000
194 229 000
194 230 000
194 231 000
194 232 000
194 233 000
194 234 000
194 235 000
194 236 000
194 237 000
194 238 000
194 239 000
194 240 000
194 241 000
194 242 000
194 243 000
194 244 000
194 245 000
194 246 000
194 247 000
194 248 000
194 249 000
194 250 000
194 251 000
194 252 000
194 253 000
194 254 000
194 255 000
194 256 000
194 257 000
194 258 000
194 259 000
194 260 000
194 261 000
194 262 000
194 263 000
194 264 000
194 265 000
194 266 000
194 267 000
194 268 000
194 269 000
194 270 000
194 271 000
194 272 000
194 273 000
194 274 000
194 275 000
194 276 000
194 277 000
194 278 000
194 279 000
194 280 000
194 281 000
194 282 000
194 283 000
194 284 000
194 285 000
194 286 000
194 287 000
194 288 000
194 289 000
194 290 000
194 291 000
194 292 000
194 293 000
194 294 000
194 295 000
194 296 000
194 297 000
194 298 000
194 299 000
194 300 000
194 301 000
194 302 000
194 303 000
194 304 000
194 305 000
194 306 000
194 307 000
194 308 000
194 309 000
194 310 000
194 311 000
194 312 000
194 313 000
194 314 000
194 315 000
194 316 000
194 317 000
194 318 000
194 319 000
195 0 000
195 1 000
195 2 000
195 3 000
195 4 000
195 5 000
195 6 000
195 7 000
195 8 000
195 9 000
195 10 000
195 11 000
195 12 000
195 13 000
195 14 000
195 15 000
195 16 000
195 17 000
195 18 000
195 19 000
195 20 000
195 21 000
195 22 000
195 23 000
195 24 000
195 25 000
195 26 000
195 27 000
195 28 000
195 29 000
195 30 000
195 31 000
195 32 000
195 33 000
195 34 000
195 35 000
195 36 000
195 37 000
195 38 000
195 39 000
195 40 000
195 41 000
195 42 000
195 43 000
195 44 000
195 45 000
195 46 000
195 47 000
195 48 000
195 49 000
195 50 000
195 51 000
195 52 000
195 53 000
195 54 000
195 55 000
195 56 000
195 57 000
195 58 000
195 59 000
195 60 000
195 61 000
195 62 000
195 63 000
195 64 000
195 65 000
195 66 000
195 67 000
195 68 000
195 69 000
195 70 000
195 71 000
195 72 000
195 73 000
195 74 000
195 75 000
195 76 000
195 77 000
195 78 000
195 79 000
195 80 000
195 81 000
195 82 000
195 83 000
195 84 000
195 85 000
195 86 000
195 87 000
195 88 000
195 89 000
195 90 000
195 91 000
195 92 000
195 93 000
195 94 000
195 95 000
195 96 000
195 97 000
195 98 000
195 99 000
195 100 000
195 101 000
195 102 000
195 103 000
195 104 000
195 105 000
195 106 000
195 107 000
195 108 000
195 109 000
195 110 000
195 111 000
195 112 000
195 113 000
195 114 000
195 115 000
195 116 000
195 117 000
195 118 000
195 119 000
195 120 000
195 121 000
195 122 000
195 123 000
195 124 000
195 125 000
195 126 000
195 127 000
195 128 000
195 129 000
195 130 000
195 131 000
195 132 000
195 133 000
195 134 000
195 135 000
195 136 000
195 137 000
195 138 000
195 139 000
195 140 000
195 141 000
195 142 000
195 143 c12
195 144 c17
195 145 c16
195 146 c14
195 147 c1e
195 148 c1e
195 149 c16
195 150 c12
195 151 c12
195 152 c12
195 153 c12
195 154 c12
195 155 c12
195 156 c12
195 157 c12
195 158 c12
195 159 c12
195 160 c12
195 161 c14
195 162 c1b
195 163 c1b
195 164 c1d
195 165 c1d
195 166 c1d
195 167 c1d
195 168 c1d
195 169 c1b
195 170 c13
195 171 c13
195 172 c1b
195 173 c1b
195 174 c13
195 175 c13
195 176 c1b
195 177 c1b
195 178 c15
195 179 c15
195 180 c15
195 181 c15
195 182 c12
195 183 c12
195 184 000
195 185 000
195 186 000
195 187 000
195 188 000
195 189 000
195 190 000
195 191 000
195 192 000
195 193 000
195 194 000
195 195 000
195 196 000
195 197 000
195 198 000
195 199 000
195 200 000
195 201 000
195 202 000
195 203 000
195 204 000
195 205 000
195 206 000
195 207 000
195 208 000
195 209 000
195 210 000
195 211 000
195 212 000
195 213 000
195 214 000
195 215 000
195 216 000
195 217 000
195 218 000
195 219 000
195 220 000
195 221 000
195 222 000
195 223 000
195 224 000
195 225 000
195 226 000
195 227 000
195 228 000
195 229 000
195 230 000
195 231 000
195 232 000
195 233 000
195 234 000
195 235 000
195 236 000
195 237 000
195 238 000
195 239 000
195 240 000
195 241 000
195 242 000
195 243 000
195 244 000
195 245 000
195 246 000
195 247 000
195 248 000
195 249 000
195 250 000
195 251 000
195 252 000
195 253 000
195 254 000
195 255 000
195 256 000
195 257 000
195 258 000
195 259 000
195 260 000
195 261 000
195 262 000
195 263 000
195 264 000
195 265 000
195 266 000
195 267 000
195 268 000
195 269 000
195 270 000
195 271 000
195 272 000
195 273 000
195 274 000
195 275 000
195 276 000
195 277 000
195 278 000
195 279 000
195 280 000
195 281 000
195 282 000
195 283 000
195 284 000
195 285 000
195 286 000
195 287 000
195 288 000
195 289 000
195 290 000
195 291 000
195 292 000
195 293 000
195 294 000
195 295 000
195 296 000
195 297 000
195 298 000
195 299 000
195 300 000
195 301 000
195 302 000
195 303 000
195 304 000
195 305 000
195 306 000
195 307 000
195 308 000
195 309 000
195 310 000
195 311 000
195 312 000
195 313 000
195 314 000
195 315 000
195 316 000
195 317 000
195 318 000
195 319 000
196 0 000
196 1 000
196 2 000
196 3 000
196 4 000
196 5 000
196 6 000
196 7 000
196 8 000
196 9 000
196 10 000
196 11 000
196 12 000
196 13 000
196 14 000
196 15 000
196 16 000
196 17 000
196 18 000
196 19 000
196 20 000
196 21 000
196 22 000
196 23 000
196 24 000
196 25 000
196 26 000
196 27 000
196 28 000
196 29 000
196 30 000
196 31 000
196 32 000
196 33 000
196 34 000
196 35 000
196 36 000
196 37 000
196 38 000
196 39 000
196 40 000
196 41 000
196 42 000
196 43 000
196 44 000
196 45 000
196 46 000
196 47 000
196 48 000
196 49 000
196 50 000
196 51 000
196 52 000
196 53 000
196 54 000
196 55 000
196 56 000
196 57 000
196 58 000
196 59 000
196 60 000
196 61 000
196 62 000
196 63 000
196 64 000
196 65 000
196 66 000
196 67 000
196 68 000
196 69 000
196 70 000
196 71 000
196 72 000
196 73 000
196 74 000
196 75 000
196 76 000
196 77 000
196 78 000
196 79 000
196 80 000
196 81 000
196 82 000
196 83 000
196 84 000
196 85 000
196 86 000
196 87 000
196 88 000
196 89 000
196 90 000
196 91 000
196 92 000
196 93 000
196 94 000
196 95 000
196 96 000
196 97 000
196 98 000
196 99 000
196 100 000
196 101 000
196 102 000
196 103 000
196 104 000
196 105 000
196 106 000
196 107 000
196 108 000
196 109 000
196 110 000
196 111 000
196 112 000
196 113 000
196 114 000
196 115 000
196 116 000
196 117 000
196 118 000
196 119 000
196 120 000
196 121 000
196 122 000
196 123 000
196 124 000
196 125 000
196 126 000
196 127 000
196 128 000
196 129 000
196 130 000
196 131 000
196 132 000
196 133 000
196 134 000
196 135 000
196 136 000
196 137 000
196 138 000
196 139 000
196 140 000
196 141 000
196 142 000
196 143 c12
196 144 c16
196 145 c14
196 146 c16
196 147 c16
196 148 c16
196 149 c12
196 150 c12
196 151 c12
196 152 c1b
196 153 c1b
196 154 c1b
196 155 c1b
196 156 c1b
196 157 c1b
196 158 c1b
196 159 c1b
196 160 c1b
196 161 c1b
196 162 c14
196 163 c14
196 164 c1b
196 165 c1b
196 166 c1d
196 167 c1d
196 168 c1b
196 169 c1b
196 170 c11
196 171 c1a
196 172 c1b
196 173 c13
196 174 c13
196 175 c1b
196 176 c15
196 177 c1b
196 178 c15
196 179 c15
196 180 c15
196 181 c15
196 182 c15
196 183 c12
196 184 000
196 185 000
196 186 000
196 187 000
196 188 000
196 189 000
196 190 000
196 191 000
196 192 000
196 193 000
196 194 000
196 195 000
196 196 000
196 197 000
196 198 000
196 199 000
196 200 000
196 201 000
196 202 000
196 203 000
196 204 000
196 205 000
196 206 000
196 207 000
196 208 000
196 209 000
196 210 000
196 211 000
196 212 000
196 213 000
196 214 000
196 215 000
196 216 000
196 217 000
196 218 000
196 219 000
196 220 000
196 221 000
196 222 000
196 223 000
196 224 000
196 225 000
196 226 000
196 227 000
196 228 000
196 229 000
196 230 000
196 231 000
196 232 000
196 233 000
196 234 000
196 235 000
196 236 000
196 237 000
196 238 000
196 239 000
196 240 000
196 241 000
196 242 000
196 243 000
196 244 000
196 245 000
196 246 000
196 247 000
196 248 000
196 249 000
196 250 000
196 251 000
196 252 000
196 253 000
196 254 000
196 255 000
196 256 000
196 257 000
196 258 000
196 259 000
196 260 000
196 261 000
196 262 000
196 263 000
196 264 000
196 265 000
196 266 000
196 267 000
196 268 000
196 269 000
196 270 000
196 271 000
196 272 000
196 273 000
196 274 000
196 275 000
196 276 000
196 277 000
196 278 000
196 279 000
196 280 000
196 281 000
196 282 000
196 283 000
196 284 000
196 285 000
196 286 000
196 287 000
196 288 000
196 289 000
196 290 000
196 291 000
196 292 000
196 293 000
196 294 000
196 295 000
196 296 000
196 297 000
196 298 000
196 299 000
196 300 000
196 301 000
196 302 000
196 303 000
196 304 000
196 305 000
196 306 000
196 307 000
196 308 000
196 309 000
196 310 000
196 311 000
196 312 000
196 313 000
196 314 000
196 315 000
196 316 000
196 317 000
196 318 000
196 319 000
197 0 000
197 1 000
197 2 000
197 3 000
197 4 000
197 5 000
197 6 000
197 7 000
197 8 000
197 9 000
197 10 000
197 11 000
197 12 000
197 13 000
197 14 000
197 15 000
197 16 000
197 17 000
197 18 000
197 19 000
197 20 000
197 21 000
197 22 000
197 23 000
197 24 000
197 25 000
197 26 000
197 27 000
197 28 000
197 29 000
197 30 000
197 31 000
197 32 000
197 33 000
197 34 000
197 35 000
197 36 000
197 37 000
197 38 000
197 39 000
197 40 000
197 41 000
197 42 000
197 43 000
197 44 000
197 45 000
197 46 000
197 47 000
197 48 000
197 49 000
197 50 000
197 51 000
197 52 000
197 53 000
197 54 000
197 55 000
197 56 000
197 57 000
197 58 000
197 59 000
197 60 000
197 61 000
197 62 000
197 63 000
197 64 000
197 65 000
197 66 000
197 67 000
197 68 000
197 69 000
197 70 000
197 71 000
197 72 000
197 73 000
197 74 000
197 75 000
197 76 000
197 77 000
197 78 000
197 79 000
197 80 000
197 81 000
197 82 000
197 83 000
197 84 000
197 85 000
197 86 000
197 87 000
197 88 000
197 89 000
197 90 000
197 91 000
197 92 000
197 93 000
197 94 000
197 95 000
197 96 000
197 97 000
197 98 000
197 99 000
197 100 000
197 101 000
197 102 000
197 103 000
197 104 000
197 105 000
197 106 000
197 107 000
197 108 000
197 109 000
197 110 000
197 111 000
197 112 000
197 113 000
197 114 000
197 115 000
197 116 000
197 117 000
197 118 000
197 119 000
197 120 000
197 121 000
197 122 000
197 123 000
197 124 000
197 125 000
197 126 000
197 127 000
197 128 000
197 129 000
197 130 000
197 131 000
197 132 000
197 133 000
197 134 000
197 135 000
197 136 000
197 137 000
197 138 000
197 139 000
197 140 000
197 141 000
197 142 000
197 143 c16
197 144 c16
197 145 c14
197 146 c1b
197 147 c1b
197 148 c16
197 149 c12
197 150 c1b
197 151 c1b
197 152 c1b
197 153 c1b
197 154 c1b
197 155 c1b
197 156 c1b
197 157 c1b
197 158 c1b
197 159 c1b
197 160 c1b
197 161 c1b
197 162 c1b
197 163 c1b
197 164 c14
197 165 c14
197 166 c1b
197 167 c1b
197 168 c1b
197 169 c11
197 170 c1b
197 171 c1b
197 172 c11
197 173 c13
197 174 c13
197 175 c1b
197 176 c15
197 177 c15
197 178 c15
197 179 c15
197 180 c15
197 181 c15
197 182 c15
197 183 c15
197 184 000
197 185 000
197 186 000
197 187 000
197 188 000
197 189 000
197 190 000
197 191 000
197 192 000
197 193 000
197 194 000
197 195 000
197 196 000
197 197 000
197 198 000
197 199 000
197 200 000
197 201 000
197 202 000
197 203 000
197 204 000
197 205 000
197 206 000
197 207 000
197 208 000
197 209 000
197 210 000
197 211 000
197 212 000
197 213 000
197 214 000
197 215 000
197 216 000
197 217 000
197 218 000
197 219 000
197 220 000
197 221 000
197 222 000
197 223 000
197 224 000
197 225 000
197 226 000
197 227 000
197 228 000
197 229 000
197 230 000
197 231 000
197 232 000
197 233 000
197 234 000
197 235 000
197 236 000
197 237 000
197 238 000
197 239 000
197 240 000
197 241 000
197 242 000
197 243 000
197 244 000
197 245 000
197 246 000
197 247 000
197 248 000
197 249 000
197 250 000
197 251 000
197 252 000
197 253 000
197 254 000
197 255 000
197 256 000
197 257 000
197 258 000
197 259 000
197 260 000
197 261 000
197 262 000
197 263 000
197 264 000
197 265 000
197 266 000
197 267 000
197 268 000
197 269 000
197 270 000
197 271 000
197 272 000
197 273 000
197 274 000
197 275 000
197 276 000
197 277 000
197 278 000
197 279 000
197 280 000
197 281 000
197 282 000
197 283 000
197 284 000
197 285 000
197 286 000
197 287 000
197 288 000
197 289 000
197 290 000
197 291 000
197 292 000
197 293 000
197 294 000
197 295 000
197 296 000
197 297 000
197 298 000
197 299 000
197 300 000
197 301 000
197 302 000
197 303 000
197 304 000
197 305 000
197 306 000
197 307 000
197 308 000
197 309 000
197 310 000
197 311 000
197 312 000
197 313 000
197 314 000
197 315 000
197 316 000
197 317 000
197 318 000
197 319 000
198 0 000
198 1 000
198 2 000
198 3 000
198 4 000
198 5 000
198 6 000
198 7 000
198 8 000
198 9 000
198 10 000
198 11 000
198 12 000
198 13 000
198 14 000
198 15 000
198 16 000
198 17 000
198 18 000
198 19 000
198 20 000
198 21 000
198 22 000
198 23 000
198 24 000
198 25 000
198 26 000
198 27 000
198 28 000
198 29 000
198 30 000
198 31 000
198 32 000
198 33 000
198 34 000
198 35 000
198 36 000
198 37 000
198 38 000
198 39 000
198 40 000
198 41 000
198 42 000
198 43 000
198 44 000
198 45 000
198 46 000
198 47 000
198 48 000
198 49 000
198 50 000
198 51 000
198 52 000
198 53 000
198 54 000
198 55 000
198 56 000
198 57 000
198 58 000
198 59 000
198 60 000
198 61 000
198 62 000
198 63 000
198 64 000
198 65 000
198 66 000
198 67 000
198 68 000
198 69 000
198 70 000
198 71 000
198 72 000
198 73 000
198 74 000
198 75 000
198 76 000
198 77 000
198 78 000
198 79 000
198 80 000
198 81 000
198 82 000
198 83 000
198 84 000
198 85 000
198 86 000
198 87 000
198 88 000
198 89 000
198 90 000
198 91 000
198 92 000
198 93 000
198 94 000
198 95 000
198 96 000
198 97 000
198 98 000
198 99 000
198 100 000
198 101 000
198 102 000
198 103 000
198 104 000
198 105 000
198 106 000
198 107 000
198 108 000
198 109 000
198 110 000
198 111 000
198 112 000
198 113 000
198 114 000
198 115 000
198 116 000
198 117 000
198 118 000
198 119 000
198 120 000
198 121 000
198 122 000
198 123 000
198 124 000
198 125 000
198 126 000
198 127 000
198 128 000
198 129 000
198 130 000
198 131 000
198 132 000
198 133 000
198 134 000
198 135 000
198 136 000
198 137 000
198 138 000
198 139 000
198 140 000
198 141 000
198 142 c16
198 143 c16
198 144 c16
198 145 c1b
198 146 c1b
198 147 c1b
198 148 c12
198 149 c1b
198 150 c1b
198 151 c1b
198 152 c11
198 153 c1b
198 154 c1b
198 155 c1b
198 156 c1b
198 157 c1b
198 158 c1b
198 159 c1b
198 160 c1b
198 161 c1b
198 162 c1b
198 163 c1b
198 164 c1b
198 165 c11
198 166 c14
198 167 c1b
198 168 c12
198 169 c1b
198 170 c11
198 171 c1b
198 172 c14
198 173 c13
198 174 000
198 175 c15
198 176 c15
198 177 c15
198 178 c15
198 179 c15
198 180 c15
198 181 c15
198 182 c15
198 183 000
198 184 000
198 185 000
198 186 000
198 187 000
198 188 000
198 189 000
198 190 000
198 191 000
198 192 000
198 193 000
198 194 000
198 195 000
198 196 000
198 197 000
198 198 000
198 199 000
198 200 000
198 201 000
198 202 000
198 203 000
198 204 000
198 205 000
198 206 000
198 207 000
198 208 000
198 209 000
198 210 000
198 211 000
198 212 000
198 213 000
198 214 000
198 215 000
198 216 000
198 217 000
198 218 000
198 219 000
198 220 000
198 221 000
198 222 000
198 223 000
198 224 000
198 225 000
198 226 000
198 227 000
198 228 000
198 229 000
198 230 000
198 231 000
198 232 000
198 233 000
198 234 000
198 235 000
198 236 000
198 237 000
198 238 000
198 239 000
198 240 000
198 241 000
198 242 000
198 243 000
198 244 000
198 245 000
198 246 000
198 247 000
198 248 000
198 249 000
198 250 000
198 251 000
198 252 000
198 253 000
198 254 000
198 255 000
198 256 000
198 257 000
198 258 000
198 259 000
198 260 000
198 261 000
198 262 000
198 263 000
198 264 000
198 265 000
198 266 000
198 267 000
198 268 000
198 269 000
198 270 000
198 271 000
198 272 000
198 273 000
198 274 000
198 275 000
198 276 000
198 277 000
198 278 000
198 279 000
198 280 000
198 281 000
198 282 000
198 283 000
198 284 000
198 285 000
198 286 000
198 287 000
198 288 000
198 289 000
198 290 000
198 291 000
198 292 000
198 293 000
198 294 000
198 295 000
198 296 000
198 297 000
198 298 000
198 299 000
198 300 000
198 301 000
198 302 000
198 303 000
198 304 000
198 305 000
198 306 000
198 307 000
198 308 000
198 309 000
198 310 000
198 311 000
198 312 000
198 313 000
198 314 000
198 315 000
198 316 000
198 317 000
198 318 000
198 319 000
199 0 000
199 1 000
199 2 000
199 3 000
199 4 000
199 5 000
199 6 000
199 7 000
199 8 000
199 9 000
199 10 000
199 11 000
199 12 000
199 13 000
199 14 000
199 15 000
199 16 000
199 17 000
199 18 000
199 19 000
199 20 000
199 21 000
199 22 000
199 23 000
199 24 000
199 25 000
199 26 000
199 27 000
199 28 000
199 29 000
199 30 000
199 31 000
199 32 000
199 33 000
199 34 000
199 35 000
199 36 000
199 37 000
199 38 000
199 39 000
199 40 000
199 41 000
199 42 000
199 43 000
199 44 000
199 45 000
199 46 000
199 47 000
199 48 000
199 49 000
199 50 000
199 51 000
199 52 000
199 53 000
199 54 000
199 55 000
199 56 000
199 57 000
199 58 000
199 59 000
199 60 000
199 61 000
199 62 000
199 63 000
199 64 000
199 65 000
199 66 000
199 67 000
199 68 000
199 69 000
199 70 000
199 71 000
199 72 000
199 73 000
199 74 000
199 75 000
199 76 000
199 77 000
199 78 000
199 79 000
199 80 000
199 81 000
199 82 000
199 83 000
199 84 000
199 85 000
199 86 000
199 87 000
199 88 000
199 89 000
199 90 000
199 91 000
199 92 000
199 93 000
199 94 000
199 95 000
199 96 000
199 97 000
199 98 000
199 99 000
199 100 000
199 101 000
199 102 000
199 103 000
199 104 000
199 105 000
199 106 000
199 107 000
199 108 000
199 109 000
199 110 000
199 111 000
199 112 000
199 113 000
199 114 000
199 115 000
199 116 000
199 117 000
199 118 000
199 119 000
199 120 000
199 121 000
199 122 000
199 123 000
199 124 000
199 125 000
199 126 000
199 127 000
199 128 000
199 129 000
199 130 000
199 131 000
199 132 000
199 133 000
199 134 000
199 135 000
199 136 000
199 137 000
199 138 000
199 139 000
199 140 000
199 141 000
199 142 c16
199 143 c1b
199 144 c1b
199 145 c17
199 146 c1a
199 147 c1b
199 148 c1b
199 149 c1b
199 150 c1b
199 151 c11
199 152 c11
199 153 c1b
199 154 c1b
199 155 c1b
199 156 c1b
199 157 c1b
199 158 c1b
199 159 c1b
199 160 c1b
199 161 c1b
199 162 c1b
199 163 c1b
199 164 c1b
199 165 c1b
199 166 c11
199 167 c11
199 168 c1b
199 169 c1a
199 170 c1b
199 171 c14
199 172 c17
199 173 000
199 174 000
199 175 c12
199 176 c12
199 177 c12
199 178 c12
199 179 c15
199 180 c15
199 181 c15
199 182 c15
199 183 000
199 184 000
199 185 000
199 186 000
199 187 000
199 188 000
199 189 000
199 190 000
199 191 000
199 192 000
199 193 000
199 194 000
199 195 000
199 196 000
199 197 000
199 198 000
199 199 000
199 200 000
199 201 000
199 202 000
199 203 000
199 204 000
199 205 000
199 206 000
199 207 000
199 208 000
199 209 000
199 210 000
199 211 000
199 212 000
199 213 000
199 214 000
199 215 000
199 216 000
199 217 000
199 218 000
199 219 000
199 220 000
199 221 000
199 222 000
199 223 000
199 224 000
199 225 000
199 226 000
199 227 000
199 228 000
199 229 000
199 230 000
199 231 000
199 232 000
199 233 000
199 234 000
199 235 000
199 236 000
199 237 000
199 238 000
199 239 000
199 240 000
199 241 000
199 242 000
199 243 000
199 244 000
199 245 000
199 246 000
199 247 000
199 248 000
199 249 000
199 250 000
199 251 000
199 252 000
199 253 000
199 254 000
199 255 000
199 256 000
199 257 000
199 258 000
199 259 000
199 260 000
199 261 000
199 262 000
199 263 000
199 264 000
199 265 000
199 266 000
199 267 000
199 268 000
199 269 000
199 270 000
199 271 000
199 272 000
199 273 000
199 274 000
199 275 000
199 276 000
199 277 000
199 278 000
199 279 000
199 280 000
199 281 000
199 282 000
199 283 000
199 284 000
199 285 000
199 286 000
199 287 000
199 288 000
199 289 000
199 290 000
199 291 000
199 292 000
199 293 000
199 294 000
199 295 000
199 296 000
199 297 000
199 298 000
199 299 000
199 300 000
199 301 000
199 302 000
199 303 000
199 304 000
199 305 000
199 306 000
199 307 000
199 308 000
199 309 000
199 310 000
199 311 000
199 312 000
199 313 000
199 314 000
199 315 000
199 316 000
199 317 000
199 318 000
199 319 000
200 0 000
200 1 000
200 2 000
200 3 000
200 4 000
200 5 000
200 6 000
200 7 000
200 8 000
200 9 000
200 10 000
200 11 000
200 12 000
200 13 000
200 14 000
200 15 000
200 16 000
200 17 000
200 18 000
200 19 000
200 20 000
200 21 000
200 22 000
200 23 000
200 24 000
200 25 000
200 26 000
200 27 000
200 28 000
200 29 000
200 30 000
200 31 000
200 32 000
200 33 000
200 34 000
200 35 000
200 36 000
200 37 000
200 38 000
200 39 000
200 40 000
200 41 000
200 42 000
200 43 000
200 44 000
200 45 000
200 46 000
200 47 000
200 48 000
200 49 000
200 50 000
200 51 000
200 52 000
200 53 000
200 54 000
200 55 000
200 56 000
200 57 000
200 58 000
200 59 000
200 60 000
200 61 000
200 62 000
200 63 000
200 64 000
200 65 000
200 66 000
200 67 000
200 68 000
200 69 000
200 70 000
200 71 000
200 72 000
200 73 000
200 74 000
200 75 000
200 76 000
200 77 000
200 78 000
200 79 000
200 80 000
200 81 000
200 82 000
200 83 000
200 84 000
200 85 000
200 86 000
200 87 000
200 88 000
200 89 000
200 90 000
200 91 000
200 92 000
200 93 000
200 94 000
200 95 000
200 96 000
200 97 000
200 98 000
200 99 000
200 100 000
200 101 000
200 102 000
200 103 000
200 104 000
200 105 000
200 106 000
200 107 000
200 108 000
200 109 000
200 110 000
200 111 000
200 112 000
200 113 000
200 114 000
200 115 000
200 116 000
200 117 000
200 118 000
200 119 000
200 120 000
200 121 000
200 122 000
200 123 000
200 124 000
200 125 000
200 126 000
200 127 000
200 128 000
200 129 000
200 130 000
200 131 000
200 132 000
200 133 000
200 134 000
200 135 000
200 136 000
200 137 000
200 138 000
200 139 000
200 140 000
200 141 000
200 142 c1b
200 143 c1b
200 144 c1b
200 145 c1b
200 146 c1b
200 147 c1b
200 148 c1b
200 149 c1b
200 150 c11
200 151 c14
200 152 c1b
200 153 c1b
200 154 c1b
200 155 c1b
200 156 c1b
200 157 c1b
200 158 c1b
200 159 c1b
200 160 c1b
200 161 c1b
200 162 c1b
200 163 c1b
200 164 c1b
200 165 c1b
200 166 c12
200 167 c12
200 168 c1b
200 169 c1b
200 170 c14
200 171 c17
200 172 000
200 173 000
200 174 c12
200 175 c12
200 176 c12
200 177 c12
200 178 c12
200 179 c12
200 180 c1b
200 181 c15
200 182 c15
200 183 000
200 184 000
200 185 000
200 186 000
200 187 000
200 188 000
200 189 000
200 190 000
200 191 000
200 192 000
200 193 000
200 194 000
200 195 000
200 196 000
200 197 000
200 198 000
200 199 000
200 200 000
200 201 000
200 202 000
200 203 000
200 204 000
200 205 000
200 206 000
200 207 000
200 208 000
200 209 000
200 210 000
200 211 000
200 212 000
200 213 000
200 214 000
200 215 000
200 216 000
200 217 000
200 218 000
200 219 000
200 220 000
200 221 000
200 222 000
200 223 000
200 224 000
200 225 000
200 226 000
200 227 000
200 228 000
200 229 000
200 230 000
200 231 000
200 232 000
200 233 000
200 234 000
200 235 000
200 236 000
200 237 000
200 238 000
200 239 000
200 240 000
200 241 000
200 242 000
200 243 000
200 244 000
200 245 000
200 246 000
200 247 000
200 248 000
200 249 000
200 250 000
200 251 000
200 252 000
200 253 000
200 254 000
200 255 000
200 256 000
200 257 000
200 258 000
200 259 000
200 260 000
200 261 000
200 262 000
200 263 000
200 264 000
200 265 000
200 266 000
200 267 000
200 268 000
200 269 000
200 270 000
200 271 000
200 272 000
200 273 000
200 274 000
200 275 000
200 276 000
200 277 000
200 278 000
200 279 000
200 280 000
200 281 000
200 282 000
200 283 000
200 284 000
200 285 000
200 286 000
200 287 000
200 288 000
200 289 000
200 290 000
200 291 000
200 292 000
200 293 000
200 294 000
200 295 000
200 296 000
200 297 000
200 298 000
200 299 000
200 300 000
200 301 000
200 302 000
200 303 000
200 304 000
200 305 000
200 306 000
200 307 000
200 308 000
200 309 000
200 310 000
200 311 000
200 312 000
200 313 000
200 314 000
200 315 000
200 316 000
200 317 000
200 318 000
200 319 000
201 0 000
201 1 000
201 2 000
201 3 000
201 4 000
201 5 000
201 6 000
201 7 000
201 8 000
201 9 000
201 10 000
201 11 000
201 12 000
201 13 000
201 14 000
201 15 000
201 16 000
201 17 000
201 18 000
201 19 000
201 20 000
201 21 000
201 22 000
201 23 000
201 24 000
201 25 000
201 26 000
201 27 000
201 28 000
201 29 000
201 30 000
201 31 000
201 32 000
201 33 000
201 34 000
201 35 000
201 36 000
201 37 000
201 38 000
201 39 000
201 40 000
201 41 000
201 42 000
201 43 000
201 44 000
201 45 000
201 46 000
201 47 000
201 48 000
201 49 000
201 50 000
201 51 000
201 52 000
201 53 000
201 54 000
201 55 000
201 56 000
201 57 000
201 58 000
201 59 000
201 60 000
201 61 000
201 62 000
201 63 000
201 64 000
201 65 000
201 66 000
201 67 000
201 68 000
201 69 000
201 70 000
201 71 000
201 72 000
201 73 000
201 74 000
201 75 000
201 76 000
201 77 000
201 78 000
201 79 000
201 80 000
201 81 000
201 82 000
201 83 000
201 84 000
201 85 000
201 86 000
201 87 000
201 88 000
201 89 000
201 90 000
201 91 000
201 92 000
201 93 000
201 94 000
201 95 000
201 96 000
201 97 000
201 98 000
201 99 000
201 100 000
201 101 000
201 102 000
201 103 000
201 104 000
201 105 000
201 106 000
201 107 000
201 108 000
201 109 000
201 110 000
201 111 000
201 112 000
201 113 000
201 114 000
201 115 000
201 116 000
201 117 000
201 118 000
201 119 000
201 120 000
201 121 000
201 122 000
201 123 000
201 124 000
201 125 000
201 126 000
201 127 000
201 128 000
201 129 000
201 130 000
201 131 000
201 132 000
201 133 000
201 134 000
201 135 000
201 136 000
201 137 000
201 138 000
201 139 000
201 140 000
201 141 000
201 142 000
201 143 c1b
201 144 c1b
201 145 c1b
201 146 c1b
201 147 c1b
201 148 c1b
201 149 c11
201 150 c14
201 151 c11
201 152 c1b
201 153 c1b
201 154 c1b
201 155 c1b
201 156 c1b
201 157 c1b
201 158 c1b
201 159 c1b
201 160 c1b
201 161 c1b
201 162 c1b
201 163 c1b
201 164 c1b
201 165 c1b
201 166 c12
201 167 c12
201 168 c12
201 169 c12
201 170 c12
201 171 000
201 172 c1a
201 173 c1a
201 174 c1a
201 175 c12
201 176 c12
201 177 c12
201 178 c12
201 179 c12
201 180 c1b
201 181 c15
201 182 c1b
201 183 000
201 184 000
201 185 000
201 186 000
201 187 000
201 188 000
201 189 000
201 190 000
201 191 000
201 192 000
201 193 000
201 194 000
201 195 000
201 196 000
201 197 000
201 198 000
201 199 000
201 200 000
201 201 000
201 202 000
201 203 000
201 204 000
201 205 000
201 206 000
201 207 000
201 208 000
201 209 000
201 210 000
201 211 000
201 212 000
201 213 000
201 214 000
201 215 000
201 216 000
201 217 000
201 218 000
201 219 000
201 220 000
201 221 000
201 222 000
201 223 000
201 224 000
201 225 000
201 226 000
201 227 000
201 228 000
201 229 000
201 230 000
201 231 000
201 232 000
201 233 000
201 234 000
201 235 000
201 236 000
201 237 000
201 238 000
201 239 000
201 240 000
201 241 000
201 242 000
201 243 000
201 244 000
201 245 000
201 246 000
201 247 000
201 248 000
201 249 000
201 250 000
201 251 000
201 252 000
201 253 000
201 254 000
201 255 000
201 256 000
201 257 000
201 258 000
201 259 000
201 260 000
201 261 000
201 262 000
201 263 000
201 264 000
201 265 000
201 266 000
201 267 000
201 268 000
201 269 000
201 270 000
201 271 000
201 272 000
201 273 000
201 274 000
201 275 000
201 276 000
201 277 000
201 278 000
201 279 000
201 280 000
201 281 000
201 282 000
201 283 000
201 284 000
201 285 000
201 286 000
201 287 000
201 288 000
201 289 000
201 290 000
201 291 000
201 292 000
201 293 000
201 294 000
201 295 000
201 296 000
201 297 000
201 298 000
201 299 000
201 300 000
201 301 000
201 302 000
201 303 000
201 304 000
201 305 000
201 306 000
201 307 000
201 308 000
201 309 000
201 310 000
201 311 000
201 312 000
201 313 000
201 314 000
201 315 000
201 316 000
201 317 000
201 318 000
201 319 000
202 0 000
202 1 000
202 2 000
202 3 000
202 4 000
202 5 000
202 6 000
202 7 000
202 8 000
202 9 000
202 10 000
202 11 000
202 12 000
202 13 000
202 14 000
202 15 000
202 16 000
202 17 000
202 18 000
202 19 000
202 20 000
202 21 000
202 22 000
202 23 000
202 24 000
202 25 000
202 26 000
202 27 000
202 28 000
202 29 000
202 30 000
202 31 000
202 32 000
202 33 000
202 34 000
202 35 000
202 36 000
202 37 000
202 38 000
202 39 000
202 40 000
202 41 000
202 42 000
202 43 000
202 44 000
202 45 000
202 46 000
202 47 000
202 48 000
202 49 000
202 50 000
202 51 000
202 52 000
202 53 000
202 54 000
202 55 000
202 56 000
202 57 000
202 58 000
202 59 000
202 60 000
202 61 000
202 62 000
202 63 000
202 64 000
202 65 000
202 66 000
202 67 000
202 68 000
202 69 000
202 70 000
202 71 000
202 72 000
202 73 000
202 74 000
202 75 000
202 76 000
202 77 000
202 78 000
202 79 000
202 80 000
202 81 000
202 82 000
202 83 000
202 84 000
202 85 000
202 86 000
202 87 000
202 88 000
202 89 000
202 90 000
202 91 000
202 92 000
202 93 000
202 94 000
202 95 000
202 96 000
202 97 000
202 98 000
202 99 000
202 100 000
202 101 000
202 102 000
202 103 000
202 104 000
202 105 000
202 106 000
202 107 000
202 108 000
202 109 000
202 110 000
202 111 000
202 112 000
202 113 000
202 114 000
202 115 000
202 116 000
202 117 000
202 118 000
202 119 000
202 120 000
202 121 000
202 122 000
202 123 000
202 124 000
202 125 000
202 126 000
202 127 000
202 128 000
202 129 000
202 130 000
202 131 000
202 132 000
202 133 000
202 134 000
202 135 000
202 136 000
202 137 000
202 138 000
202 139 000
202 140 000
202 141 000
202 142 000
202 143 c12
202 144 c12
202 145 c1b
202 146 c1b
202 147 c1b
202 148 c11
202 149 c14
202 150 c14
202 151 c1b
202 152 c1b
202 153 c1c
202 154 c1b
202 155 c1b
202 156 c1b
202 157 c1b
202 158 c1b
202 159 c1b
202 160 c1b
202 161 c1b
202 162 c1b
202 163 c1b
202 164 c1b
202 165 c1b
202 166 c12
202 167 c12
202 168 c12
202 169 000
202 170 000
202 171 000
202 172 c1a
202 173 c1a
202 174 c1a
202 175 c1a
202 176 c1a
202 177 c12
202 178 c12
202 179 c12
202 180 c15
202 181 c15
202 182 000
202 183 000
202 184 000
202 185 000
202 186 000
202 187 000
202 188 000
202 189 000
202 190 000
202 191 000
202 192 000
202 193 000
202 194 000
202 195 000
202 196 000
202 197 000
202 198 000
202 199 000
202 200 000
202 201 000
202 202 000
202 203 000
202 204 000
202 205 000
202 206 000
202 207 000
202 208 000
202 209 000
202 210 000
202 211 000
202 212 000
202 213 000
202 214 000
202 215 000
202 216 000
202 217 000
202 218 000
202 219 000
202 220 000
202 221 000
202 222 000
202 223 000
202 224 000
202 225 000
202 226 000
202 227 000
202 228 000
202 229 000
202 230 000
202 231 000
202 232 000
202 233 000
202 234 000
202 235 000
202 236 000
202 237 000
202 238 000
202 239 000
202 240 000
202 241 000
202 242 000
202 243 000
202 244 000
202 245 000
202 246 000
202 247 000
202 248 000
202 249 000
202 250 000
202 251 000
202 252 000
202 253 000
202 254 000
202 255 000
202 256 000
202 257 000
202 258 000
202 259 000
202 260 000
202 261 000
202 262 000
202 263 000
202 264 000
202 265 000
202 266 000
202 267 000
202 268 000
202 269 000
202 270 000
202 271 000
202 272 000
202 273 000
202 274 000
202 275 000
202 276 000
202 277 000
202 278 000
202 279 000
202 280 000
202 281 000
202 282 000
202 283 000
202 284 000
202 285 000
202 286 000
202 287 000
202 288 000
202 289 000
202 290 000
202 291 000
202 292 000
202 293 000
202 294 000
202 295 000
202 296 000
202 297 000
202 298 000
202 299 000
202 300 000
202 301 000
202 302 000
202 303 000
202 304 000
202 305 000
202 306 000
202 307 000
202 308 000
202 309 000
202 310 000
202 311 000
202 312 000
202 313 000
202 314 000
202 315 000
202 316 000
202 317 000
202 318 000
202 319 000
203 0 000
203 1 000
203 2 000
203 3 000
203 4 000
203 5 000
203 6 000
203 7 000
203 8 000
203 9 000
203 10 000
203 11 000
203 12 000
203 13 000
203 14 000
203 15 000
203 16 000
203 17 000
203 18 000
203 19 000
203 20 000
203 21 000
203 22 000
203 23 000
203 24 000
203 25 000
203 26 000
203 27 000
203 28 000
203 29 000
203 30 000
203 31 000
203 32 000
203 33 000
203 34 000
203 35 000
203 36 000
203 37 000
203 38 000
203 39 000
203 40 000
203 41 000
203 42 000
203 43 000
203 44 000
203 45 000
203 46 000
203 47 000
203 48 000
203 49 000
203 50 000
203 51 000
203 52 000
203 53 000
203 54 000
203 55 000
203 56 000
203 57 000
203 58 000
203 59 000
203 60 000
203 61 000
203 62 000
203 63 000
203 64 000
203 65 000
203 66 000
203 67 000
203 68 000
203 69 000
203 70 000
203 71 000
203 72 000
203 73 000
203 74 000
203 75 000
203 76 000
203 77 000
203 78 000
203 79 000
203 80 000
203 81 000
203 82 000
203 83 000
203 84 000
203 85 000
203 86 000
203 87 000
203 88 000
203 89 000
203 90 000
203 91 000
203 92 000
203 93 000
203 94 000
203 95 000
203 96 000
203 97 000
203 98 000
203 99 000
203 100 000
203 101 000
203 102 000
203 103 000
203 104 000
203 105 000
203 106 000
203 107 000
203 108 000
203 109 000
203 110 000
203 111 000
203 112 000
203 113 000
203 114 000
203 115 000
203 116 000
203 117 000
203 118 000
203 119 000
203 120 000
203 121 000
203 122 000
203 123 000
203 124 000
203 125 000
203 126 000
203 127 000
203 128 000
203 129 000
203 130 000
203 131 000
203 132 000
203 133 000
203 134 000
203 135 000
203 136 000
203 137 000
203 138 000
203 139 000
203 140 000
203 141 000
203 142 c1b
203 143 c1b
203 144 c12
203 145 c1b
203 146 c1b
203 147 c11
203 148 c14
203 149 c14
203 150 c1b
203 151 c1b
203 152 c1b
203 153 c1c
203 154 c1c
203 155 c1b
203 156 c1b
203 157 c1b
203 158 c1b
203 159 c1b
203 160 c1b
203 161 c1b
203 162 c1b
203 163 c1b
203 164 c1b
203 165 c1b
203 166 c12
203 167 c12
203 168 000
203 169 000
203 170 c1a
203 171 c1e
203 172 c1e
203 173 c1e
203 174 c1e
203 175 c1e
203 176 c1a
203 177 c1a
203 178 c12
203 179 c15
203 180 c15
203 181 000
203 182 000
203 183 000
203 184 000
203 185 000
203 186 000
203 187 000
203 188 000
203 189 000
203 190 000
203 191 000
203 192 000
203 193 000
203 194 000
203 195 000
203 196 000
203 197 000
203 198 000
203 199 000
203 200 000
203 201 000
203 202 000
203 203 000
203 204 000
203 205 000
203 206 000
203 207 000
203 208 000
203 209 000
203 210 000
203 211 000
203 212 000
203 213 000
203 214 000
203 215 000
203 216 000
203 217 000
203 218 000
203 219 000
203 220 000
203 221 000
203 222 000
203 223 000
203 224 000
203 225 000
203 226 000
203 227 000
203 228 000
203 229 000
203 230 000
203 231 000
203 232 000
203 233 000
203 234 000
203 235 000
203 236 000
203 237 000
203 238 000
203 239 000
203 240 000
203 241 000
203 242 000
203 243 000
203 244 000
203 245 000
203 246 000
203 247 000
203 248 000
203 249 000
203 250 000
203 251 000
203 252 000
203 253 000
203 254 000
203 255 000
203 256 000
203 257 000
203 258 000
203 259 000
203 260 000
203 261 000
203 262 000
203 263 000
203 264 000
203 265 000
203 266 000
203 267 000
203 268 000
203 269 000
203 270 000
203 271 000
203 272 000
203 273 000
203 274 000
203 275 000
203 276 000
203 277 000
203 278 000
203 279 000
203 280 000
203 281 000
203 282 000
203 283 000
203 284 000
203 285 000
203 286 000
203 287 000
203 288 000
203 289 000
203 290 000
203 291 000
203 292 000
203 293 000
203 294 000
203 295 000
203 296 000
203 297 000
203 298 000
203 299 000
203 300 000
203 301 000
203 302 000
203 303 000
203 304 000
203 305 000
203 306 000
203 307 000
203 308 000
203 309 000
203 310 000
203 311 000
203 312 000
203 313 000
203 314 000
203 315 000
203 316 000
203 317 000
203 318 000
203 319 000
204 0 000
204 1 000
204 2 000
204 3 000
204 4 000
204 5 000
204 6 000
204 7 000
204 8 000
204 9 000
204 10 000
204 11 000
204 12 000
204 13 000
204 14 000
204 15 000
204 16 000
204 17 000
204 18 000
204 19 000
204 20 000
204 21 000
204 22 000
204 23 000
204 24 000
204 25 000
204 26 000
204 27 000
204 28 000
204 29 000
204 30 000
204 31 000
204 32 000
204 33 000
204 34 000
204 35 000
204 36 000
204 37 000
204 38 000
204 39 000
204 40 000
204 41 000
204 42 000
204 43 000
204 44 000
204 45 000
204 46 000
204 47 000
204 48 000
204 49 000
204 50 000
204 51 000
204 52 000
204 53 000
204 54 000
204 55 000
204 56 000
204 57 000
204 58 000
204 59 000
204 60 000
204 61 000
204 62 000
204 63 000
204 64 000
204 65 000
204 66 000
204 67 000
204 68 000
204 69 000
204 70 000
204 71 000
204 72 000
204 73 000
204 74 000
204 75 000
204 76 000
204 77 000
204 78 000
204 79 000
204 80 000
204 81 000
204 82 000
204 83 000
204 84 000
204 85 000
204 86 000
204 87 000
204 88 000
204 89 000
204 90 000
204 91 000
204 92 000
204 93 000
204 94 000
204 95 000
204 96 000
204 97 000
204 98 000
204 99 000
204 100 000
204 101 000
204 102 000
204 103 000
204 104 000
204 105 000
204 106 000
204 107 000
204 108 000
204 109 000
204 110 000
204 111 000
204 112 000
204 113 000
204 114 000
204 115 000
204 116 000
204 117 000
204 118 000
204 119 000
204 120 000
204 121 000
204 122 000
204 123 000
204 124 000
204 125 000
204 126 000
204 127 000
204 128 000
204 129 000
204 130 000
204 131 000
204 132 000
204 133 000
204 134 000
204 135 000
204 136 000
204 137 000
204 138 000
204 139 000
204 140 000
204 141 000
204 142 c1b
204 143 c1b
204 144 c12
204 145 c1b
204 146 c12
204 147 c12
204 148 c1b
204 149 c11
204 150 c1b
204 151 c1b
204 152 c1b
204 153 c1c
204 154 c1c
204 155 c1c
204 156 c1b
204 157 c1b
204 158 c1b
204 159 c1b
204 160 c1b
204 161 c1b
204 162 c1b
204 163 c1b
204 164 c1b
204 165 c1b
204 166 c12
204 167 c12
204 168 000
204 169 c16
204 170 c16
204 171 c1e
204 172 c1e
204 173 c1e
204 174 c1e
204 175 c1e
204 176 c1e
204 177 c1a
204 178 c1a
204 179 c15
204 180 c15
204 181 000
204 182 000
204 183 000
204 184 000
204 185 000
204 186 000
204 187 000
204 188 000
204 189 000
204 190 000
204 191 000
204 192 000
204 193 000
204 194 000
204 195 000
204 196 000
204 197 000
204 198 000
204 199 000
204 200 000
204 201 000
204 202 000
204 203 000
204 204 000
204 205 000
204 206 000
204 207 000
204 208 000
204 209 000
204 210 000
204 211 000
204 212 000
204 213 000
204 214 000
204 215 000
204 216 000
204 217 000
204 218 000
204 219 000
204 220 000
204 221 000
204 222 000
204 223 000
204 224 000
204 225 000
204 226 000
204 227 000
204 228 000
204 229 000
204 230 000
204 231 000
204 232 000
204 233 000
204 234 000
204 235 000
204 236 000
204 237 000
204 238 000
204 239 000
204 240 000
204 241 000
204 242 000
204 243 000
204 244 000
204 245 000
204 246 000
204 247 000
204 248 000
204 249 000
204 250 000
204 251 000
204 252 000
204 253 000
204 254 000
204 255 000
204 256 000
204 257 000
204 258 000
204 259 000
204 260 000
204 261 000
204 262 000
204 263 000
204 264 000
204 265 000
204 266 000
204 267 000
204 268 000
204 269 000
204 270 000
204 271 000
204 272 000
204 273 000
204 274 000
204 275 000
204 276 000
204 277 000
204 278 000
204 279 000
204 280 000
204 281 000
204 282 000
204 283 000
204 284 000
204 285 000
204 286 000
204 287 000
204 288 000
204 289 000
204 290 000
204 291 000
204 292 000
204 293 000
204 294 000
204 295 000
204 296 000
204 297 000
204 298 000
204 299 000
204 300 000
204 301 000
204 302 000
204 303 000
204 304 000
204 305 000
204 306 000
204 307 000
204 308 000
204 309 000
204 310 000
204 311 000
204 312 000
204 313 000
204 314 000
204 315 000
204 316 000
204 317 000
204 318 000
204 319 000
205 0 000
205 1 000
205 2 000
205 3 000
205 4 000
205 5 000
205 6 000
205 7 000
205 8 000
205 9 000
205 10 000
205 11 000
205 12 000
205 13 000
205 14 000
205 15 000
205 16 000
205 17 000
205 18 000
205 19 000
205 20 000
205 21 000
205 22 000
205 23 000
205 24 000
205 25 000
205 26 000
205 27 000
205 28 000
205 29 000
205 30 000
205 31 000
205 32 000
205 33 000
205 34 000
205 35 000
205 36 000
205 37 000
205 38 000
205 39 000
205 40 000
205 41 000
205 42 000
205 43 000
205 44 000
205 45 000
205 46 000
205 47 000
205 48 000
205 49 000
205 50 000
205 51 000
205 52 000
205 53 000
205 54 000
205 55 000
205 56 000
205 57 000
205 58 000
205 59 000
205 60 000
205 61 000
205 62 000
205 63 000
205 64 000
205 65 000
205 66 000
205 67 000
205 68 000
205 69 000
205 70 000
205 71 000
205 72 000
205 73 000
205 74 000
205 75 000
205 76 000
205 77 000
205 78 000
205 79 000
205 80 000
205 81 000
205 82 000
205 83 000
205 84 000
205 85 000
205 86 000
205 87 000
205 88 000
205 89 000
205 90 000
205 91 000
205 92 000
205 93 000
205 94 000
205 95 000
205 96 000
205 97 000
205 98 000
205 99 000
205 100 000
205 101 000
205 102 000
205 103 000
205 104 000
205 105 000
205 106 000
205 107 000
205 108 000
205 109 000
205 110 000
205 111 000
205 112 000
205 113 000
205 114 000
205 115 000
205 116 000
205 117 000
205 118 000
205 119 000
205 120 000
205 121 000
205 122 000
205 123 000
205 124 000
205 125 000
205 126 000
205 127 000
205 128 000
205 129 000
205 130 000
205 131 000
205 132 000
205 133 000
205 134 000
205 135 000
205 136 000
205 137 000
205 138 000
205 139 000
205 140 000
205 141 c1b
205 142 c1b
205 143 c1b
205 144 c12
205 145 c1b
205 146 c12
205 147 c1b
205 148 c14
205 149 c1b
205 150 c1b
205 151 c1b
205 152 c1b
205 153 c1b
205 154 c1c
205 155 c1c
205 156 c1c
205 157 c1c
205 158 c1b
205 159 c1b
205 160 c1b
205 161 c1b
205 162 c1b
205 163 c1b
205 164 c1b
205 165 c12
205 166 c12
205 167 000
205 168 c16
205 169 c1e
205 170 c1e
205 171 c1e
205 172 c1e
205 173 c1e
205 174 c1e
205 175 c1e
205 176 c1e
205 177 c1a
205 178 c1a
205 179 c15
205 180 000
205 181 000
205 182 000
205 183 000
205 184 000
205 185 000
205 186 000
205 187 000
205 188 000
205 189 000
205 190 000
205 191 000
205 192 000
205 193 000
205 194 000
205 195 000
205 196 000
205 197 000
205 198 000
205 199 000
205 200 000
205 201 000
205 202 000
205 203 000
205 204 000
205 205 000
205 206 000
205 207 000
205 208 000
205 209 000
205 210 000
205 211 000
205 212 000
205 213 000
205 214 000
205 215 000
205 216 000
205 217 000
205 218 000
205 219 000
205 220 000
205 221 000
205 222 000
205 223 000
205 224 000
205 225 000
205 226 000
205 227 000
205 228 000
205 229 000
205 230 000
205 231 000
205 232 000
205 233 000
205 234 000
205 235 000
205 236 000
205 237 000
205 238 000
205 239 000
205 240 000
205 241 000
205 242 000
205 243 000
205 244 000
205 245 000
205 246 000
205 247 000
205 248 000
205 249 000
205 250 000
205 251 000
205 252 000
205 253 000
205 254 000
205 255 000
205 256 000
205 257 000
205 258 000
205 259 000
205 260 000
205 261 000
205 262 000
205 263 000
205 264 000
205 265 000
205 266 000
205 267 000
205 268 000
205 269 000
205 270 000
205 271 000
205 272 000
205 273 000
205 274 000
205 275 000
205 276 000
205 277 000
205 278 000
205 279 000
205 280 000
205 281 000
205 282 000
205 283 000
205 284 000
205 285 000
205 286 000
205 287 000
205 288 000
205 289 000
205 290 000
205 291 000
205 292 000
205 293 000
205 294 000
205 295 000
205 296 000
205 297 000
205 298 000
205 299 000
205 300 000
205 301 000
205 302 000
205 303 000
205 304 000
205 305 000
205 306 000
205 307 000
205 308 000
205 309 000
205 310 000
205 311 000
205 312 000
205 313 000
205 314 000
205 315 000
205 316 000
205 317 000
205 318 000
205 319 000
206 0 000
206 1 000
206 2 000
206 3 000
206 4 000
206 5 000
206 6 000
206 7 000
206 8 000
206 9 000
206 10 000
206 11 000
206 12 000
206 13 000
206 14 000
206 15 000
206 16 000
206 17 000
206 18 000
206 19 000
206 20 000
206 21 000
206 22 000
206 23 000
206 24 000
206 25 000
206 26 000
206 27 000
206 28 000
206 29 000
206 30 000
206 31 000
206 32 000
206 33 000
206 34 000
206 35 000
206 36 000
206 37 000
206 38 000
206 39 000
206 40 000
206 41 000
206 42 000
206 43 000
206 44 000
206 45 000
206 46 000
206 47 000
206 48 000
206 49 000
206 50 000
206 51 000
206 52 000
206 53 000
206 54 000
206 55 000
206 56 000
206 57 000
206 58 000
206 59 000
206 60 000
206 61 000
206 62 000
206 63 000
206 64 000
206 65 000
206 66 000
206 67 000
206 68 000
206 69 000
206 70 000
206 71 000
206 72 000
206 73 000
206 74 000
206 75 000
206 76 000
206 77 000
206 78 000
206 79 000
206 80 000
206 81 000
206 82 000
206 83 000
206 84 000
206 85 000
206 86 000
206 87 000
206 88 000
206 89 000
206 90 000
206 91 000
206 92 000
206 93 000
206 94 000
206 95 000
206 96 000
206 97 000
206 98 000
206 99 000
206 100 000
206 101 000
206 102 000
206 103 000
206 104 000
206 105 000
206 106 000
206 107 000
206 108 000
206 109 000
206 110 000
206 111 000
206 112 000
206 113 000
206 114 000
206 115 000
206 116 000
206 117 000
206 118 000
206 119 000
206 120 000
206 121 000
206 122 000
206 123 000
206 124 000
206 125 000
206 126 000
206 127 000
206 128 000
206 129 000
206 130 000
206 131 000
206 132 000
206 133 000
206 134 000
206 135 000
206 136 000
206 137 000
206 138 000
206 139 000
206 140 000
206 141 c1b
206 142 c1b
206 143 c1b
206 144 c1b
206 145 c12
206 146 c1b
206 147 c14
206 148 c11
206 149 c1b
206 150 c1b
206 151 c19
206 152 c1b
206 153 c1b
206 154 c1b
206 155 c1c
206 156 c1c
206 157 c1c
206 158 c1c
206 159 c1c
206 160 c1c
206 161 c1b
206 162 c11
206 163 c1b
206 164 c1b
206 165 c12
206 166 c1b
206 167 c1e
206 168 c16
206 169 c1e
206 170 c1e
206 171 c1e
206 172 c1e
206 173 c1e
206 174 c1e
206 175 c1e
206 176 c14
206 177 c1a
206 178 c1a
206 179 000
206 180 000
206 181 000
206 182 000
206 183 000
206 184 000
206 185 000
206 186 000
206 187 000
206 188 000
206 189 000
206 190 000
206 191 000
206 192 000
206 193 000
206 194 000
206 195 000
206 196 000
206 197 000
206 198 000
206 199 000
206 200 000
206 201 000
206 202 000
206 203 000
206 204 000
206 205 000
206 206 000
206 207 000
206 208 000
206 209 000
206 210 000
206 211 000
206 212 000
206 213 000
206 214 000
206 215 000
206 216 000
206 217 000
206 218 000
206 219 000
206 220 000
206 221 000
206 222 000
206 223 000
206 224 000
206 225 000
206 226 000
206 227 000
206 228 000
206 229 000
206 230 000
206 231 000
206 232 000
206 233 000
206 234 000
206 235 000
206 236 000
206 237 000
206 238 000
206 239 000
206 240 000
206 241 000
206 242 000
206 243 000
206 244 000
206 245 000
206 246 000
206 247 000
206 248 000
206 249 000
206 250 000
206 251 000
206 252 000
206 253 000
206 254 000
206 255 000
206 256 000
206 257 000
206 258 000
206 259 000
206 260 000
206 261 000
206 262 000
206 263 000
206 264 000
206 265 000
206 266 000
206 267 000
206 268 000
206 269 000
206 270 000
206 271 000
206 272 000
206 273 000
206 274 000
206 275 000
206 276 000
206 277 000
206 278 000
206 279 000
206 280 000
206 281 000
206 282 000
206 283 000
206 284 000
206 285 000
206 286 000
206 287 000
206 288 000
206 289 000
206 290 000
206 291 000
206 292 000
206 293 000
206 294 000
206 295 000
206 296 000
206 297 000
206 298 000
206 299 000
206 300 000
206 301 000
206 302 000
206 303 000
206 304 000
206 305 000
206 306 000
206 307 000
206 308 000
206 309 000
206 310 000
206 311 000
206 312 000
206 313 000
206 314 000
206 315 000
206 316 000
206 317 000
206 318 000
206 319 000
207 0 000
207 1 000
207 2 000
207 3 000
207 4 000
207 5 000
207 6 000
207 7 000
207 8 000
207 9 000
207 10 000
207 11 000
207 12 000
207 13 000
207 14 000
207 15 000
207 16 000
207 17 000
207 18 000
207 19 000
207 20 000
207 21 000
207 22 000
207 23 000
207 24 000
207 25 000
207 26 000
207 27 000
207 28 000
207 29 000
207 30 000
207 31 000
207 32 000
207 33 000
207 34 000
207 35 000
207 36 000
207 37 000
207 38 000
207 39 000
207 40 000
207 41 000
207 42 000
207 43 000
207 44 000
207 45 000
207 46 000
207 47 000
207 48 000
207 49 000
207 50 000
207 51 000
207 52 000
207 53 000
207 54 000
207 55 000
207 56 000
207 57 000
207 58 000
207 59 000
207 60 000
207 61 000
207 62 000
207 63 000
207 64 000
207 65 000
207 66 000
207 67 000
207 68 000
207 69 000
207 70 000
207 71 000
207 72 000
207 73 000
207 74 000
207 75 000
207 76 000
207 77 000
207 78 000
207 79 000
207 80 000
207 81 000
207 82 000
207 83 000
207 84 000
207 85 000
207 86 000
207 87 000
207 88 000
207 89 000
207 90 000
207 91 000
207 92 000
207 93 000
207 94 000
207 95 000
207 96 000
207 97 000
207 98 000
207 99 000
207 100 000
207 101 000
207 102 000
207 103 000
207 104 000
207 105 000
207 106 000
207 107 000
207 108 000
207 109 000
207 110 000
207 111 000
207 112 000
207 113 000
207 114 000
207 115 000
207 116 000
207 117 000
207 118 000
207 119 000
207 120 000
207 121 000
207 122 000
207 123 000
207 124 000
207 125 000
207 126 000
207 127 000
207 128 000
207 129 000
207 130 000
207 131 000
207 132 000
207 133 000
207 134 000
207 135 000
207 136 000
207 137 000
207 138 000
207 139 000
207 140 000
207 141 c1b
207 142 c1b
207 143 c1b
207 144 c1b
207 145 c12
207 146 c1b
207 147 c11
207 148 c1b
207 149 c1b
207 150 c19
207 151 c19
207 152 c1b
207 153 c1b
207 154 c1b
207 155 c1b
207 156 c1b
207 157 c1c
207 158 c1c
207 159 c1c
207 160 c1b
207 161 c11
207 162 c11
207 163 c1b
207 164 c1b
207 165 c12
207 166 c1b
207 167 c1e
207 168 c16
207 169 c16
207 170 c1e
207 171 c1e
207 172 c1e
207 173 c14
207 174 c14
207 175 c14
207 176 c14
207 177 c1a
207 178 000
207 179 000
207 180 000
207 181 000
207 182 000
207 183 000
207 184 000
207 185 000
207 186 000
207 187 000
207 188 000
207 189 000
207 190 000
207 191 000
207 192 000
207 193 000
207 194 000
207 195 000
207 196 000
207 197 000
207 198 000
207 199 000
207 200 000
207 201 000
207 202 000
207 203 000
207 204 000
207 205 000
207 206 000
207 207 000
207 208 000
207 209 000
207 210 000
207 211 000
207 212 000
207 213 000
207 214 000
207 215 000
207 216 000
207 217 000
207 218 000
207 219 000
207 220 000
207 221 000
207 222 000
207 223 000
207 224 000
207 225 000
207 226 000
207 227 000
207 228 000
207 229 000
207 230 000
207 231 000
207 232 000
207 233 000
207 234 000
207 235 000
207 236 000
207 237 000
207 238 000
207 239 000
207 240 000
207 241 000
207 242 000
207 243 000
207 244 000
207 245 000
207 246 000
207 247 000
207 248 000
207 249 000
207 250 000
207 251 000
207 252 000
207 253 000
207 254 000
207 255 000
207 256 000
207 257 000
207 258 000
207 259 000
207 260 000
207 261 000
207 262 000
207 263 000
207 264 000
207 265 000
207 266 000
207 267 000
207 268 000
207 269 000
207 270 000
207 271 000
207 272 000
207 273 000
207 274 000
207 275 000
207 276 000
207 277 000
207 278 000
207 279 000
207 280 000
207 281 000
207 282 000
207 283 000
207 284 000
207 285 000
207 286 000
207 287 000
207 288 000
207 289 000
207 290 000
207 291 000
207 292 000
207 293 000
207 294 000
207 295 000
207 296 000
207 297 000
207 298 000
207 299 000
207 300 000
207 301 000
207 302 000
207 303 000
207 304 000
207 305 000
207 306 000
207 307 000
207 308 000
207 309 000
207 310 000
207 311 000
207 312 000
207 313 000
207 314 000
207 315 000
207 316 000
207 317 000
207 318 000
207 319 000
208 0 000
208 1 000
208 2 000
208 3 000
208 4 000
208 5 000
208 6 000
208 7 000
208 8 000
208 9 000
208 10 000
208 11 000
208 12 000
208 13 000
208 14 000
208 15 000
208 16 000
208 17 000
208 18 000
208 19 000
208 20 000
208 21 000
208 22 000
208 23 000
208 24 000
208 25 000
208 26 000
208 27 000
208 28 000
208 29 000
208 30 000
208 31 000
208 32 000
208 33 000
208 34 000
208 35 000
208 36 000
208 37 000
208 38 000
208 39 000
208 40 000
208 41 000
208 42 000
208 43 000
208 44 000
208 45 000
208 46 000
208 47 000
208 48 000
208 49 000
208 50 000
208 51 000
208 52 000
208 53 000
208 54 000
208 55 000
208 56 000
208 57 000
208 58 000
208 59 000
208 60 000
208 61 000
208 62 000
208 63 000
208 64 000
208 65 000
208 66 000
208 67 000
208 68 000
208 69 000
208 70 000
208 71 000
208 72 000
208 73 000
208 74 000
208 75 000
208 76 000
208 77 000
208 78 000
208 79 000
208 80 000
208 81 000
208 82 000
208 83 000
208 84 000
208 85 000
208 86 000
208 87 000
208 88 000
208 89 000
208 90 000
208 91 000
208 92 000
208 93 000
208 94 000
208 95 000
208 96 000
208 97 000
208 98 000
208 99 000
208 100 000
208 101 000
208 102 000
208 103 000
208 104 000
208 105 000
208 106 000
208 107 000
208 108 000
208 109 000
208 110 000
208 111 000
208 112 000
208 113 000
208 114 000
208 115 000
208 116 000
208 117 000
208 118 000
208 119 000
208 120 000
208 121 000
208 122 000
208 123 000
208 124 000
208 125 000
208 126 000
208 127 000
208 128 000
208 129 000
208 130 000
208 131 000
208 132 000
208 133 000
208 134 000
208 135 000
208 136 000
208 137 000
208 138 000
208 139 000
208 140 000
208 141 000
208 142 c1b
208 143 c1b
208 144 c17
208 145 c1b
208 146 c14
208 147 c1b
208 148 c1b
208 149 c1b
208 150 c19
208 151 c19
208 152 c1b
208 153 c1b
208 154 c1b
208 155 c1b
208 156 c1b
208 157 c1b
208 158 c1b
208 159 c1b
208 160 c1b
208 161 c17
208 162 c11
208 163 c1b
208 164 c12
208 165 c1b
208 166 c1e
208 167 c1e
208 168 c16
208 169 c16
208 170 c14
208 171 c14
208 172 c14
208 173 c14
208 174 c14
208 175 c16
208 176 c1a
208 177 000
208 178 000
208 179 000
208 180 000
208 181 000
208 182 000
208 183 000
208 184 000
208 185 000
208 186 000
208 187 000
208 188 000
208 189 000
208 190 000
208 191 000
208 192 000
208 193 000
208 194 000
208 195 000
208 196 000
208 197 000
208 198 000
208 199 000
208 200 000
208 201 000
208 202 000
208 203 000
208 204 000
208 205 000
208 206 000
208 207 000
208 208 000
208 209 000
208 210 000
208 211 000
208 212 000
208 213 000
208 214 000
208 215 000
208 216 000
208 217 000
208 218 000
208 219 000
208 220 000
208 221 000
208 222 000
208 223 000
208 224 000
208 225 000
208 226 000
208 227 000
208 228 000
208 229 000
208 230 000
208 231 000
208 232 000
208 233 000
208 234 000
208 235 000
208 236 000
208 237 000
208 238 000
208 239 000
208 240 000
208 241 000
208 242 000
208 243 000
208 244 000
208 245 000
208 246 000
208 247 000
208 248 000
208 249 000
208 250 000
208 251 000
208 252 000
208 253 000
208 254 000
208 255 000
208 256 000
208 257 000
208 258 000
208 259 000
208 260 000
208 261 000
208 262 000
208 263 000
208 264 000
208 265 000
208 266 000
208 267 000
208 268 000
208 269 000
208 270 000
208 271 000
208 272 000
208 273 000
208 274 000
208 275 000
208 276 000
208 277 000
208 278 000
208 279 000
208 280 000
208 281 000
208 282 000
208 283 000
208 284 000
208 285 000
208 286 000
208 287 000
208 288 000
208 289 000
208 290 000
208 291 000
208 292 000
208 293 000
208 294 000
208 295 000
208 296 000
208 297 000
208 298 000
208 299 000
208 300 000
208 301 000
208 302 000
208 303 000
208 304 000
208 305 000
208 306 000
208 307 000
208 308 000
208 309 000
208 310 000
208 311 000
208 312 000
208 313 000
208 314 000
208 315 000
208 316 000
208 317 000
208 318 000
208 319 000
209 0 000
209 1 000
209 2 000
209 3 000
209 4 000
209 5 000
209 6 000
209 7 000
209 8 000
209 9 000
209 10 000
209 11 000
209 12 000
209 13 000
209 14 000
209 15 000
209 16 000
209 17 000
209 18 000
209 19 000
209 20 000
209 21 000
209 22 000
209 23 000
209 24 000
209 25 000
209 26 000
209 27 000
209 28 000
209 29 000
209 30 000
209 31 000
209 32 000
209 33 000
209 34 000
209 35 000
209 36 000
209 37 000
209 38 000
209 39 000
209 40 000
209 41 000
209 42 000
209 43 000
209 44 000
209 45 000
209 46 000
209 47 000
209 48 000
209 49 000
209 50 000
209 51 000
209 52 000
209 53 000
209 54 000
209 55 000
209 56 000
209 57 000
209 58 000
209 59 000
209 60 000
209 61 000
209 62 000
209 63 000
209 64 000
209 65 000
209 66 000
209 67 000
209 68 000
209 69 000
209 70 000
209 71 000
209 72 000
209 73 000
209 74 000
209 75 000
209 76 000
209 77 000
209 78 000
209 79 000
209 80 000
209 81 000
209 82 000
209 83 000
209 84 000
209 85 000
209 86 000
209 87 000
209 88 000
209 89 000
209 90 000
209 91 000
209 92 000
209 93 000
209 94 000
209 95 000
209 96 000
209 97 000
209 98 000
209 99 000
209 100 000
209 101 000
209 102 000
209 103 000
209 104 000
209 105 000
209 106 000
209 107 000
209 108 000
209 109 000
209 110 000
209 111 000
209 112 000
209 113 000
209 114 000
209 115 000
209 116 000
209 117 000
209 118 000
209 119 000
209 120 000
209 121 000
209 122 000
209 123 000
209 124 000
209 125 000
209 126 000
209 127 000
209 128 000
209 129 000
209 130 000
209 131 000
209 132 000
209 133 000
209 134 000
209 135 000
209 136 000
209 137 000
209 138 000
209 139 000
209 140 000
209 141 000
209 142 000
209 143 000
209 144 c14
209 145 c14
209 146 c11
209 147 c1b
209 148 c1b
209 149 c1b
209 150 c19
209 151 c19
209 152 c19
209 153 c1b
209 154 c1b
209 155 c1b
209 156 c1b
209 157 c1b
209 158 c1b
209 159 c1b
209 160 c11
209 161 c17
209 162 c1b
209 163 c1b
209 164 c12
209 165 c1b
209 166 c1e
209 167 c1e
209 168 c14
209 169 c14
209 170 c16
209 171 c16
209 172 c16
209 173 c16
209 174 c16
209 175 000
209 176 000
209 177 000
209 178 000
209 179 000
209 180 000
209 181 000
209 182 000
209 183 000
209 184 000
209 185 000
209 186 000
209 187 000
209 188 000
209 189 000
209 190 000
209 191 000
209 192 000
209 193 000
209 194 000
209 195 000
209 196 000
209 197 000
209 198 000
209 199 000
209 200 000
209 201 000
209 202 000
209 203 000
209 204 000
209 205 000
209 206 000
209 207 000
209 208 000
209 209 000
209 210 000
209 211 000
209 212 000
209 213 000
209 214 000
209 215 000
209 216 000
209 217 000
209 218 000
209 219 000
209 220 000
209 221 000
209 222 000
209 223 000
209 224 000
209 225 000
209 226 000
209 227 000
209 228 000
209 229 000
209 230 000
209 231 000
209 232 000
209 233 000
209 234 000
209 235 000
209 236 000
209 237 000
209 238 000
209 239 000
209 240 000
209 241 000
209 242 000
209 243 000
209 244 000
209 245 000
209 246 000
209 247 000
209 248 000
209 249 000
209 250 000
209 251 000
209 252 000
209 253 000
209 254 000
209 255 000
209 256 000
209 257 000
209 258 000
209 259 000
209 260 000
209 261 000
209 262 000
209 263 000
209 264 000
209 265 000
209 266 000
209 267 000
209 268 000
209 269 000
209 270 000
209 271 000
209 272 000
209 273 000
209 274 000
209 275 000
209 276 000
209 277 000
209 278 000
209 279 000
209 280 000
209 281 000
209 282 000
209 283 000
209 284 000
209 285 000
209 286 000
209 287 000
209 288 000
209 289 000
209 290 000
209 291 000
209 292 000
209 293 000
209 294 000
209 295 000
209 296 000
209 297 000
209 298 000
209 299 000
209 300 000
209 301 000
209 302 000
209 303 000
209 304 000
209 305 000
209 306 000
209 307 000
209 308 000
209 309 000
209 310 000
209 311 000
209 312 000
209 313 000
209 314 000
209 315 000
209 316 000
209 317 000
209 318 000
209 319 000
210 0 000
210 1 000
210 2 000
210 3 000
210 4 000
210 5 000
210 6 000
210 7 000
210 8 000
210 9 000
210 10 000
210 11 000
210 12 000
210 13 000
210 14 000
210 15 000
210 16 000
210 17 000
210 18 000
210 19 000
210 20 000
210 21 000
210 22 000
210 23 000
210 24 000
210 25 000
210 26 000
210 27 000
210 28 000
210 29 000
210 30 000
210 31 000
210 32 000
210 33 000
210 34 000
210 35 000
210 36 000
210 37 000
210 38 000
210 39 000
210 40 000
210 41 000
210 42 000
210 43 000
210 44 000
210 45 000
210 46 000
210 47 000
210 48 000
210 49 000
210 50 000
210 51 000
210 52 000
210 53 000
210 54 000
210 55 000
210 56 000
210 57 000
210 58 000
210 59 000
210 60 000
210 61 000
210 62 000
210 63 000
210 64 000
210 65 000
210 66 000
210 67 000
210 68 000
210 69 000
210 70 000
210 71 000
210 72 000
210 73 000
210 74 000
210 75 000
210 76 000
210 77 000
210 78 000
210 79 000
210 80 000
210 81 000
210 82 000
210 83 000
210 84 000
210 85 000
210 86 000
210 87 000
210 88 000
210 89 000
210 90 000
210 91 000
210 92 000
210 93 000
210 94 000
210 95 000
210 96 000
210 97 000
210 98 000
210 99 000
210 100 000
210 101 000
210 102 000
210 103 000
210 104 000
210 105 000
210 106 000
210 107 000
210 108 000
210 109 000
210 110 000
210 111 000
210 112 000
210 113 000
210 114 000
210 115 000
210 116 000
210 117 000
210 118 000
210 119 000
210 120 000
210 121 000
210 122 000
210 123 000
210 124 000
210 125 000
210 126 000
210 127 000
210 128 000
210 129 000
210 130 000
210 131 000
210 132 000
210 133 000
210 134 000
210 135 000
210 136 000
210 137 000
210 138 000
210 139 000
210 140 000
210 141 000
210 142 000
210 143 c17
210 144 c14
210 145 c11
210 146 c1b
210 147 c1b
210 148 c1b
210 149 c1b
210 150 c1b
210 151 c19
210 152 c19
210 153 c19
210 154 c19
210 155 c1b
210 156 c1b
210 157 c1b
210 158 c1b
210 159 c1b
210 160 c17
210 161 c11
210 162 c1b
210 163 c1b
210 164 c1b
210 165 c16
210 166 c14
210 167 c14
210 168 c16
210 169 000
210 170 000
210 171 000
210 172 000
210 173 000
210 174 000
210 175 000
210 176 000
210 177 000
210 178 000
210 179 000
210 180 000
210 181 000
210 182 000
210 183 000
210 184 000
210 185 000
210 186 000
210 187 000
210 188 000
210 189 000
210 190 000
210 191 000
210 192 000
210 193 000
210 194 000
210 195 000
210 196 000
210 197 000
210 198 000
210 199 000
210 200 000
210 201 000
210 202 000
210 203 000
210 204 000
210 205 000
210 206 000
210 207 000
210 208 000
210 209 000
210 210 000
210 211 000
210 212 000
210 213 000
210 214 000
210 215 000
210 216 000
210 217 000
210 218 000
210 219 000
210 220 000
210 221 000
210 222 000
210 223 000
210 224 000
210 225 000
210 226 000
210 227 000
210 228 000
210 229 000
210 230 000
210 231 000
210 232 000
210 233 000
210 234 000
210 235 000
210 236 000
210 237 000
210 238 000
210 239 000
210 240 000
210 241 000
210 242 000
210 243 000
210 244 000
210 245 000
210 246 000
210 247 000
210 248 000
210 249 000
210 250 000
210 251 000
210 252 000
210 253 000
210 254 000
210 255 000
210 256 000
210 257 000
210 258 000
210 259 000
210 260 000
210 261 000
210 262 000
210 263 000
210 264 000
210 265 000
210 266 000
210 267 000
210 268 000
210 269 000
210 270 000
210 271 000
210 272 000
210 273 000
210 274 000
210 275 000
210 276 000
210 277 000
210 278 000
210 279 000
210 280 000
210 281 000
210 282 000
210 283 000
210 284 000
210 285 000
210 286 000
210 287 000
210 288 000
210 289 000
210 290 000
210 291 000
210 292 000
210 293 000
210 294 000
210 295 000
210 296 000
210 297 000
210 298 000
210 299 000
210 300 000
210 301 000
210 302 000
210 303 000
210 304 000
210 305 000
210 306 000
210 307 000
210 308 000
210 309 000
210 310 000
210 311 000
210 312 000
210 313 000
210 314 000
210 315 000
210 316 000
210 317 000
210 318 000
210 319 000
211 0 000
211 1 000
211 2 000
211 3 000
211 4 000
211 5 000
211 6 000
211 7 000
211 8 000
211 9 000
211 10 000
211 11 000
211 12 000
211 13 000
211 14 000
211 15 000
211 16 000
211 17 000
211 18 000
211 19 000
211 20 000
211 21 000
211 22 000
211 23 000
211 24 000
211 25 000
211 26 000
211 27 000
211 28 000
211 29 000
211 30 000
211 31 000
211 32 000
211 33 000
211 34 000
211 35 000
211 36 000
211 37 000
211 38 000
211 39 000
211 40 000
211 41 000
211 42 000
211 43 000
211 44 000
211 45 000
211 46 000
211 47 000
211 48 000
211 49 000
211 50 000
211 51 000
211 52 000
211 53 000
211 54 000
211 55 000
211 56 000
211 57 000
211 58 000
211 59 000
211 60 000
211 61 000
211 62 000
211 63 000
211 64 000
211 65 000
211 66 000
211 67 000
211 68 000
211 69 000
211 70 000
211 71 000
211 72 000
211 73 000
211 74 000
211 75 000
211 76 000
211 77 000
211 78 000
211 79 000
211 80 000
211 81 000
211 82 000
211 83 000
211 84 000
211 85 000
211 86 000
211 87 000
211 88 000
211 89 000
211 90 000
211 91 000
211 92 000
211 93 000
211 94 000
211 95 000
211 96 000
211 97 000
211 98 000
211 99 000
211 100 000
211 101 000
211 102 000
211 103 000
211 104 000
211 105 000
211 106 000
211 107 000
211 108 000
211 109 000
211 110 000
211 111 000
211 112 000
211 113 000
211 114 000
211 115 000
211 116 000
211 117 000
211 118 000
211 119 000
211 120 000
211 121 000
211 122 000
211 123 000
211 124 000
211 125 000
211 126 000
211 127 000
211 128 000
211 129 000
211 130 000
211 131 000
211 132 000
211 133 000
211 134 000
211 135 000
211 136 000
211 137 000
211 138 000
211 139 000
211 140 000
211 141 000
211 142 000
211 143 c14
211 144 c11
211 145 c1b
211 146 c1b
211 147 c1b
211 148 c1b
211 149 c1b
211 150 c1b
211 151 c1b
211 152 c19
211 153 c19
211 154 c19
211 155 c19
211 156 c19
211 157 c19
211 158 c1b
211 159 c11
211 160 c17
211 161 c1b
211 162 c1b
211 163 c1b
211 164 c1b
211 165 c1b
211 166 c14
211 167 c1e
211 168 000
211 169 c1a
211 170 c1a
211 171 c1a
211 172 c1a
211 173 c1a
211 174 000
211 175 000
211 176 000
211 177 000
211 178 000
211 179 000
211 180 000
211 181 000
211 182 000
211 183 000
211 184 000
211 185 000
211 186 000
211 187 000
211 188 000
211 189 000
211 190 000
211 191 000
211 192 000
211 193 000
211 194 000
211 195 000
211 196 000
211 197 000
211 198 000
211 199 000
211 200 000
211 201 000
211 202 000
211 203 000
211 204 000
211 205 000
211 206 000
211 207 000
211 208 000
211 209 000
211 210 000
211 211 000
211 212 000
211 213 000
211 214 000
211 215 000
211 216 000
211 217 000
211 218 000
211 219 000
211 220 000
211 221 000
211 222 000
211 223 000
211 224 000
211 225 000
211 226 000
211 227 000
211 228 000
211 229 000
211 230 000
211 231 000
211 232 000
211 233 000
211 234 000
211 235 000
211 236 000
211 237 000
211 238 000
211 239 000
211 240 000
211 241 000
211 242 000
211 243 000
211 244 000
211 245 000
211 246 000
211 247 000
211 248 000
211 249 000
211 250 000
211 251 000
211 252 000
211 253 000
211 254 000
211 255 000
211 256 000
211 257 000
211 258 000
211 259 000
211 260 000
211 261 000
211 262 000
211 263 000
211 264 000
211 265 000
211 266 000
211 267 000
211 268 000
211 269 000
211 270 000
211 271 000
211 272 000
211 273 000
211 274 000
211 275 000
211 276 000
211 277 000
211 278 000
211 279 000
211 280 000
211 281 000
211 282 000
211 283 000
211 284 000
211 285 000
211 286 000
211 287 000
211 288 000
211 289 000
211 290 000
211 291 000
211 292 000
211 293 000
211 294 000
211 295 000
211 296 000
211 297 000
211 298 000
211 299 000
211 300 000
211 301 000
211 302 000
211 303 000
211 304 000
211 305 000
211 306 000
211 307 000
211 308 000
211 309 000
211 310 000
211 311 000
211 312 000
211 313 000
211 314 000
211 315 000
211 316 000
211 317 000
211 318 000
211 319 000
212 0 000
212 1 000
212 2 000
212 3 000
212 4 000
212 5 000
212 6 000
212 7 000
212 8 000
212 9 000
212 10 000
212 11 000
212 12 000
212 13 000
212 14 000
212 15 000
212 16 000
212 17 000
212 18 000
212 19 000
212 20 000
212 21 000
212 22 000
212 23 000
212 24 000
212 25 000
212 26 000
212 27 000
212 28 000
212 29 000
212 30 000
212 31 000
212 32 000
212 33 000
212 34 000
212 35 000
212 36 000
212 37 000
212 38 000
212 39 000
212 40 000
212 41 000
212 42 000
212 43 000
212 44 000
212 45 000
212 46 000
212 47 000
212 48 000
212 49 000
212 50 000
212 51 000
212 52 000
212 53 000
212 54 000
212 55 000
212 56 000
212 57 000
212 58 000
212 59 000
212 60 000
212 61 000
212 62 000
212 63 000
212 64 000
212 65 000
212 66 000
212 67 000
212 68 000
212 69 000
212 70 000
212 71 000
212 72 000
212 73 000
212 74 000
212 75 000
212 76 000
212 77 000
212 78 000
212 79 000
212 80 000
212 81 000
212 82 000
212 83 000
212 84 000
212 85 000
212 86 000
212 87 000
212 88 000
212 89 000
212 90 000
212 91 000
212 92 000
212 93 000
212 94 000
212 95 000
212 96 000
212 97 000
212 98 000
212 99 000
212 100 000
212 101 000
212 102 000
212 103 000
212 104 000
212 105 000
212 106 000
212 107 000
212 108 000
212 109 000
212 110 000
212 111 000
212 112 000
212 113 000
212 114 000
212 115 000
212 116 000
212 117 000
212 118 000
212 119 000
212 120 000
212 121 000
212 122 000
212 123 000
212 124 000
212 125 000
212 126 000
212 127 000
212 128 000
212 129 000
212 130 000
212 131 000
212 132 000
212 133 000
212 134 000
212 135 000
212 136 000
212 137 000
212 138 000
212 139 000
212 140 000
212 141 000
212 142 c17
212 143 c14
212 144 c1a
212 145 c1b
212 146 c1b
212 147 c1b
212 148 c1b
212 149 c1b
212 150 c1b
212 151 c1b
212 152 c1b
212 153 c1b
212 154 c19
212 155 c19
212 156 c19
212 157 c1b
212 158 c11
212 159 c17
212 160 000
212 161 c1a
212 162 c1b
212 163 c1b
212 164 c1b
212 165 c1b
212 166 c16
212 167 c1e
212 168 000
212 169 c1a
212 170 c1a
212 171 c1a
212 172 c1a
212 173 c1a
212 174 c1a
212 175 c1a
212 176 c1a
212 177 c1a
212 178 000
212 179 000
212 180 000
212 181 000
212 182 000
212 183 000
212 184 000
212 185 000
212 186 000
212 187 000
212 188 000
212 189 000
212 190 000
212 191 000
212 192 000
212 193 000
212 194 000
212 195 000
212 196 000
212 197 000
212 198 000
212 199 000
212 200 000
212 201 000
212 202 000
212 203 000
212 204 000
212 205 000
212 206 000
212 207 000
212 208 000
212 209 000
212 210 000
212 211 000
212 212 000
212 213 000
212 214 000
212 215 000
212 216 000
212 217 000
212 218 000
212 219 000
212 220 000
212 221 000
212 222 000
212 223 000
212 224 000
212 225 000
212 226 000
212 227 000
212 228 000
212 229 000
212 230 000
212 231 000
212 232 000
212 233 000
212 234 000
212 235 000
212 236 000
212 237 000
212 238 000
212 239 000
212 240 000
212 241 000
212 242 000
212 243 000
212 244 000
212 245 000
212 246 000
212 247 000
212 248 000
212 249 000
212 250 000
212 251 000
212 252 000
212 253 000
212 254 000
212 255 000
212 256 000
212 257 000
212 258 000
212 259 000
212 260 000
212 261 000
212 262 000
212 263 000
212 264 000
212 265 000
212 266 000
212 267 000
212 268 000
212 269 000
212 270 000
212 271 000
212 272 000
212 273 000
212 274 000
212 275 000
212 276 000
212 277 000
212 278 000
212 279 000
212 280 000
212 281 000
212 282 000
212 283 000
212 284 000
212 285 000
212 286 000
212 287 000
212 288 000
212 289 000
212 290 000
212 291 000
212 292 000
212 293 000
212 294 000
212 295 000
212 296 000
212 297 000
212 298 000
212 299 000
212 300 000
212 301 000
212 302 000
212 303 000
212 304 000
212 305 000
212 306 000
212 307 000
212 308 000
212 309 000
212 310 000
212 311 000
212 312 000
212 313 000
212 314 000
212 315 000
212 316 000
212 317 000
212 318 000
212 319 000
213 0 000
213 1 000
213 2 000
213 3 000
213 4 000
213 5 000
213 6 000
213 7 000
213 8 000
213 9 000
213 10 000
213 11 000
213 12 000
213 13 000
213 14 000
213 15 000
213 16 000
213 17 000
213 18 000
213 19 000
213 20 000
213 21 000
213 22 000
213 23 000
213 24 000
213 25 000
213 26 000
213 27 000
213 28 000
213 29 000
213 30 000
213 31 000
213 32 000
213 33 000
213 34 000
213 35 000
213 36 000
213 37 000
213 38 000
213 39 000
213 40 000
213 41 000
213 42 000
213 43 000
213 44 000
213 45 000
213 46 000
213 47 000
213 48 000
213 49 000
213 50 000
213 51 000
213 52 000
213 53 000
213 54 000
213 55 000
213 56 000
213 57 000
213 58 000
213 59 000
213 60 000
213 61 000
213 62 000
213 63 000
213 64 000
213 65 000
213 66 000
213 67 000
213 68 000
213 69 000
213 70 000
213 71 000
213 72 000
213 73 000
213 74 000
213 75 000
213 76 000
213 77 000
213 78 000
213 79 000
213 80 000
213 81 000
213 82 000
213 83 000
213 84 000
213 85 000
213 86 000
213 87 000
213 88 000
213 89 000
213 90 000
213 91 000
213 92 000
213 93 000
213 94 000
213 95 000
213 96 000
213 97 000
213 98 000
213 99 000
213 100 000
213 101 000
213 102 000
213 103 000
213 104 000
213 105 000
213 106 000
213 107 000
213 108 000
213 109 000
213 110 000
213 111 000
213 112 000
213 113 000
213 114 000
213 115 000
213 116 000
213 117 000
213 118 000
213 119 000
213 120 000
213 121 000
213 122 000
213 123 000
213 124 000
213 125 000
213 126 000
213 127 000
213 128 000
213 129 000
213 130 000
213 131 000
213 132 000
213 133 000
213 134 000
213 135 000
213 136 000
213 137 000
213 138 000
213 139 000
213 140 000
213 141 000
213 142 c11
213 143 c1a
213 144 c1b
213 145 c1b
213 146 c1b
213 147 c1b
213 148 c1b
213 149 c1b
213 150 c1b
213 151 c1b
213 152 c1b
213 153 c1b
213 154 c1b
213 155 c1b
213 156 c1b
213 157 c1b
213 158 c17
213 159 c17
213 160 000
213 161 c1a
213 162 c1b
213 163 c1b
213 164 c1b
213 165 c1b
213 166 c16
213 167 000
213 168 c1a
213 169 c1a
213 170 c1a
213 171 c1a
213 172 c1a
213 173 c1a
213 174 c1a
213 175 c1a
213 176 c1a
213 177 c1a
213 178 c1a
213 179 c1a
213 180 000
213 181 000
213 182 000
213 183 000
213 184 000
213 185 000
213 186 000
213 187 000
213 188 000
213 189 000
213 190 000
213 191 000
213 192 000
213 193 000
213 194 000
213 195 000
213 196 000
213 197 000
213 198 000
213 199 000
213 200 000
213 201 000
213 202 000
213 203 000
213 204 000
213 205 000
213 206 000
213 207 000
213 208 000
213 209 000
213 210 000
213 211 000
213 212 000
213 213 000
213 214 000
213 215 000
213 216 000
213 217 000
213 218 000
213 219 000
213 220 000
213 221 000
213 222 000
213 223 000
213 224 000
213 225 000
213 226 000
213 227 000
213 228 000
213 229 000
213 230 000
213 231 000
213 232 000
213 233 000
213 234 000
213 235 000
213 236 000
213 237 000
213 238 000
213 239 000
213 240 000
213 241 000
213 242 000
213 243 000
213 244 000
213 245 000
213 246 000
213 247 000
213 248 000
213 249 000
213 250 000
213 251 000
213 252 000
213 253 000
213 254 000
213 255 000
213 256 000
213 257 000
213 258 000
213 259 000
213 260 000
213 261 000
213 262 000
213 263 000
213 264 000
213 265 000
213 266 000
213 267 000
213 268 000
213 269 000
213 270 000
213 271 000
213 272 000
213 273 000
213 274 000
213 275 000
213 276 000
213 277 000
213 278 000
213 279 000
213 280 000
213 281 000
213 282 000
213 283 000
213 284 000
213 285 000
213 286 000
213 287 000
213 288 000
213 289 000
213 290 000
213 291 000
213 292 000
213 293 000
213 294 000
213 295 000
213 296 000
213 297 000
213 298 000
213 299 000
213 300 000
213 301 000
213 302 000
213 303 000
213 304 000
213 305 000
213 306 000
213 307 000
213 308 000
213 309 000
213 310 000
213 311 000
213 312 000
213 313 000
213 314 000
213 315 000
213 316 000
213 317 000
213 318 000
213 319 000
214 0 000
214 1 000
214 2 000
214 3 000
214 4 000
214 5 000
214 6 000
214 7 000
214 8 000
214 9 000
214 10 000
214 11 000
214 12 000
214 13 000
214 14 000
214 15 000
214 16 000
214 17 000
214 18 000
214 19 000
214 20 000
214 21 000
214 22 000
214 23 000
214 24 000
214 25 000
214 26 000
214 27 000
214 28 000
214 29 000
214 30 000
214 31 000
214 32 000
214 33 000
214 34 000
214 35 000
214 36 000
214 37 000
214 38 000
214 39 000
214 40 000
214 41 000
214 42 000
214 43 000
214 44 000
214 45 000
214 46 000
214 47 000
214 48 000
214 49 000
214 50 000
214 51 000
214 52 000
214 53 000
214 54 000
214 55 000
214 56 000
214 57 000
214 58 000
214 59 000
214 60 000
214 61 000
214 62 000
214 63 000
214 64 000
214 65 000
214 66 000
214 67 000
214 68 000
214 69 000
214 70 000
214 71 000
214 72 000
214 73 000
214 74 000
214 75 000
214 76 000
214 77 000
214 78 000
214 79 000
214 80 000
214 81 000
214 82 000
214 83 000
214 84 000
214 85 000
214 86 000
214 87 000
214 88 000
214 89 000
214 90 000
214 91 000
214 92 000
214 93 000
214 94 000
214 95 000
214 96 000
214 97 000
214 98 000
214 99 000
214 100 000
214 101 000
214 102 000
214 103 000
214 104 000
214 105 000
214 106 000
214 107 000
214 108 000
214 109 000
214 110 000
214 111 000
214 112 000
214 113 000
214 114 000
214 115 000
214 116 000
214 117 000
214 118 000
214 119 000
214 120 000
214 121 000
214 122 000
214 123 000
214 124 000
214 125 000
214 126 000
214 127 000
214 128 000
214 129 000
214 130 000
214 131 000
214 132 000
214 133 000
214 134 000
214 135 000
214 136 000
214 137 000
214 138 000
214 139 000
214 140 000
214 141 c1a
214 142 c1a
214 143 c1a
214 144 c1b
214 145 c1b
214 146 c1b
214 147 c1b
214 148 c1b
214 149 c1b
214 150 c1b
214 151 c1b
214 152 c1b
214 153 c1b
214 154 c1b
214 155 c1b
214 156 c1b
214 157 c17
214 158 c17
214 159 000
214 160 c1a
214 161 c1a
214 162 c1b
214 163 c1b
214 164 c1b
214 165 c1b
214 166 c16
214 167 000
214 168 c1a
214 169 c1a
214 170 c1a
214 171 c1a
214 172 c1a
214 173 c1a
214 174 c1a
214 175 c1a
214 176 c1a
214 177 c1a
214 178 c1a
214 179 c1a
214 180 c1a
214 181 000
214 182 000
214 183 000
214 184 000
214 185 000
214 186 000
214 187 000
214 188 000
214 189 000
214 190 000
214 191 000
214 192 000
214 193 000
214 194 000
214 195 000
214 196 000
214 197 000
214 198 000
214 199 000
214 200 000
214 201 000
214 202 000
214 203 000
214 204 000
214 205 000
214 206 000
214 207 000
214 208 000
214 209 000
214 210 000
214 211 000
214 212 000
214 213 000
214 214 000
214 215 000
214 216 000
214 217 000
214 218 000
214 219 000
214 220 000
214 221 000
214 222 000
214 223 000
214 224 000
214 225 000
214 226 000
214 227 000
214 228 000
214 229 000
214 230 000
214 231 000
214 232 000
214 233 000
214 234 000
214 235 000
214 236 000
214 237 000
214 238 000
214 239 000
214 240 000
214 241 000
214 242 000
214 243 000
214 244 000
214 245 000
214 246 000
214 247 000
214 248 000
214 249 000
214 250 000
214 251 000
214 252 000
214 253 000
214 254 000
214 255 000
214 256 000
214 257 000
214 258 000
214 259 000
214 260 000
214 261 000
214 262 000
214 263 000
214 264 000
214 265 000
214 266 000
214 267 000
214 268 000
214 269 000
214 270 000
214 271 000
214 272 000
214 273 000
214 274 000
214 275 000
214 276 000
214 277 000
214 278 000
214 279 000
214 280 000
214 281 000
214 282 000
214 283 000
214 284 000
214 285 000
214 286 000
214 287 000
214 288 000
214 289 000
214 290 000
214 291 000
214 292 000
214 293 000
214 294 000
214 295 000
214 296 000
214 297 000
214 298 000
214 299 000
214 300 000
214 301 000
214 302 000
214 303 000
214 304 000
214 305 000
214 306 000
214 307 000
214 308 000
214 309 000
214 310 000
214 311 000
214 312 000
214 313 000
214 314 000
214 315 000
214 316 000
214 317 000
214 318 000
214 319 000
215 0 000
215 1 000
215 2 000
215 3 000
215 4 000
215 5 000
215 6 000
215 7 000
215 8 000
215 9 000
215 10 000
215 11 000
215 12 000
215 13 000
215 14 000
215 15 000
215 16 000
215 17 000
215 18 000
215 19 000
215 20 000
215 21 000
215 22 000
215 23 000
215 24 000
215 25 000
215 26 000
215 27 000
215 28 000
215 29 000
215 30 000
215 31 000
215 32 000
215 33 000
215 34 000
215 35 000
215 36 000
215 37 000
215 38 000
215 39 000
215 40 000
215 41 000
215 42 000
215 43 000
215 44 000
215 45 000
215 46 000
215 47 000
215 48 000
215 49 000
215 50 000
215 51 000
215 52 000
215 53 000
215 54 000
215 55 000
215 56 000
215 57 000
215 58 000
215 59 000
215 60 000
215 61 000
215 62 000
215 63 000
215 64 000
215 65 000
215 66 000
215 67 000
215 68 000
215 69 000
215 70 000
215 71 000
215 72 000
215 73 000
215 74 000
215 75 000
215 76 000
215 77 000
215 78 000
215 79 000
215 80 000
215 81 000
215 82 000
215 83 000
215 84 000
215 85 000
215 86 000
215 87 000
215 88 000
215 89 000
215 90 000
215 91 000
215 92 000
215 93 000
215 94 000
215 95 000
215 96 000
215 97 000
215 98 000
215 99 000
215 100 000
215 101 000
215 102 000
215 103 000
215 104 000
215 105 000
215 106 000
215 107 000
215 108 000
215 109 000
215 110 000
215 111 000
215 112 000
215 113 000
215 114 000
215 115 000
215 116 000
215 117 000
215 118 000
215 119 000
215 120 000
215 121 000
215 122 000
215 123 000
215 124 000
215 125 000
215 126 000
215 127 000
215 128 000
215 129 000
215 130 000
215 131 000
215 132 000
215 133 000
215 134 000
215 135 000
215 136 000
215 137 000
215 138 000
215 139 000
215 140 000
215 141 c1a
215 142 c1a
215 143 c1b
215 144 c1b
215 145 c1b
215 146 c1b
215 147 c1b
215 148 c1b
215 149 c1b
215 150 c1b
215 151 c1b
215 152 c1b
215 153 c1b
215 154 c1b
215 155 c1b
215 156 c11
215 157 c17
215 158 c17
215 159 000
215 160 c1a
215 161 c1a
215 162 c1a
215 163 c1b
215 164 c1b
215 165 c1b
215 166 c16
215 167 c1a
215 168 c1a
215 169 c1a
215 170 c1a
215 171 c1a
215 172 c1a
215 173 c1a
215 174 c1a
215 175 c1a
215 176 c1a
215 177 c1a
215 178 c1a
215 179 c1a
215 180 c1a
215 181 c1a
215 182 c1a
215 183 000
215 184 000
215 185 000
215 186 000
215 187 000
215 188 000
215 189 000
215 190 000
215 191 000
215 192 000
215 193 000
215 194 000
215 195 000
215 196 000
215 197 000
215 198 000
215 199 000
215 200 000
215 201 000
215 202 000
215 203 000
215 204 000
215 205 000
215 206 000
215 207 000
215 208 000
215 209 000
215 210 000
215 211 000
215 212 000
215 213 000
215 214 000
215 215 000
215 216 000
215 217 000
215 218 000
215 219 000
215 220 000
215 221 000
215 222 000
215 223 000
215 224 000
215 225 000
215 226 000
215 227 000
215 228 000
215 229 000
215 230 000
215 231 000
215 232 000
215 233 000
215 234 000
215 235 000
215 236 000
215 237 000
215 238 000
215 239 000
215 240 000
215 241 000
215 242 000
215 243 000
215 244 000
215 245 000
215 246 000
215 247 000
215 248 000
215 249 000
215 250 000
215 251 000
215 252 000
215 253 000
215 254 000
215 255 000
215 256 000
215 257 000
215 258 000
215 259 000
215 260 000
215 261 000
215 262 000
215 263 000
215 264 000
215 265 000
215 266 000
215 267 000
215 268 000
215 269 000
215 270 000
215 271 000
215 272 000
215 273 000
215 274 000
215 275 000
215 276 000
215 277 000
215 278 000
215 279 000
215 280 000
215 281 000
215 282 000
215 283 000
215 284 000
215 285 000
215 286 000
215 287 000
215 288 000
215 289 000
215 290 000
215 291 000
215 292 000
215 293 000
215 294 000
215 295 000
215 296 000
215 297 000
215 298 000
215 299 000
215 300 000
215 301 000
215 302 000
215 303 000
215 304 000
215 305 000
215 306 000
215 307 000
215 308 000
215 309 000
215 310 000
215 311 000
215 312 000
215 313 000
215 314 000
215 315 000
215 316 000
215 317 000
215 318 000
215 319 000
216 0 000
216 1 000
216 2 000
216 3 000
216 4 000
216 5 000
216 6 000
216 7 000
216 8 000
216 9 000
216 10 000
216 11 000
216 12 000
216 13 000
216 14 000
216 15 000
216 16 000
216 17 000
216 18 000
216 19 000
216 20 000
216 21 000
216 22 000
216 23 000
216 24 000
216 25 000
216 26 000
216 27 000
216 28 000
216 29 000
216 30 000
216 31 000
216 32 000
216 33 000
216 34 000
216 35 000
216 36 000
216 37 000
216 38 000
216 39 000
216 40 000
216 41 000
216 42 000
216 43 000
216 44 000
216 45 000
216 46 000
216 47 000
216 48 000
216 49 000
216 50 000
216 51 000
216 52 000
216 53 000
216 54 000
216 55 000
216 56 000
216 57 000
216 58 000
216 59 000
216 60 000
216 61 000
216 62 000
216 63 000
216 64 000
216 65 000
216 66 000
216 67 000
216 68 000
216 69 000
216 70 000
216 71 000
216 72 000
216 73 000
216 74 000
216 75 000
216 76 000
216 77 000
216 78 000
216 79 000
216 80 000
216 81 000
216 82 000
216 83 000
216 84 000
216 85 000
216 86 000
216 87 000
216 88 000
216 89 000
216 90 000
216 91 000
216 92 000
216 93 000
216 94 000
216 95 000
216 96 000
216 97 000
216 98 000
216 99 000
216 100 000
216 101 000
216 102 000
216 103 000
216 104 000
216 105 000
216 106 000
216 107 000
216 108 000
216 109 000
216 110 000
216 111 000
216 112 000
216 113 000
216 114 000
216 115 000
216 116 000
216 117 000
216 118 000
216 119 000
216 120 000
216 121 000
216 122 000
216 123 000
216 124 000
216 125 000
216 126 000
216 127 000
216 128 000
216 129 000
216 130 000
216 131 000
216 132 000
216 133 000
216 134 000
216 135 000
216 136 000
216 137 000
216 138 000
216 139 000
216 140 c1a
216 141 c1a
216 142 c1b
216 143 c1b
216 144 c1b
216 145 c1b
216 146 c1b
216 147 c1b
216 148 c1b
216 149 c1b
216 150 c1b
216 151 c1b
216 152 c1b
216 153 c1b
216 154 c1b
216 155 c1b
216 156 c17
216 157 c17
216 158 000
216 159 c1a
216 160 c1a
216 161 c1a
216 162 c1a
216 163 c1b
216 164 c1b
216 165 c16
216 166 000
216 167 c1a
216 168 c1a
216 169 c1a
216 170 c1a
216 171 c1a
216 172 c1a
216 173 c1a
216 174 c1a
216 175 c1a
216 176 c1a
216 177 c1a
216 178 c1a
216 179 c1a
216 180 c1a
216 181 c1a
216 182 c1a
216 183 c1a
216 184 000
216 185 000
216 186 000
216 187 000
216 188 000
216 189 000
216 190 000
216 191 000
216 192 000
216 193 000
216 194 000
216 195 000
216 196 000
216 197 000
216 198 000
216 199 000
216 200 000
216 201 000
216 202 000
216 203 000
216 204 000
216 205 000
216 206 000
216 207 000
216 208 000
216 209 000
216 210 000
216 211 000
216 212 000
216 213 000
216 214 000
216 215 000
216 216 000
216 217 000
216 218 000
216 219 000
216 220 000
216 221 000
216 222 000
216 223 000
216 224 000
216 225 000
216 226 000
216 227 000
216 228 000
216 229 000
216 230 000
216 231 000
216 232 000
216 233 000
216 234 000
216 235 000
216 236 000
216 237 000
216 238 000
216 239 000
216 240 000
216 241 000
216 242 000
216 243 000
216 244 000
216 245 000
216 246 000
216 247 000
216 248 000
216 249 000
216 250 000
216 251 000
216 252 000
216 253 000
216 254 000
216 255 000
216 256 000
216 257 000
216 258 000
216 259 000
216 260 000
216 261 000
216 262 000
216 263 000
216 264 000
216 265 000
216 266 000
216 267 000
216 268 000
216 269 000
216 270 000
216 271 000
216 272 000
216 273 000
216 274 000
216 275 000
216 276 000
216 277 000
216 278 000
216 279 000
216 280 000
216 281 000
216 282 000
216 283 000
216 284 000
216 285 000
216 286 000
216 287 000
216 288 000
216 289 000
216 290 000
216 291 000
216 292 000
216 293 000
216 294 000
216 295 000
216 296 000
216 297 000
216 298 000
216 299 000
216 300 000
216 301 000
216 302 000
216 303 000
216 304 000
216 305 000
216 306 000
216 307 000
216 308 000
216 309 000
216 310 000
216 311 000
216 312 000
216 313 000
216 314 000
216 315 000
216 316 000
216 317 000
216 318 000
216 319 000
217 0 000
217 1 000
217 2 000
217 3 000
217 4 000
217 5 000
217 6 000
217 7 000
217 8 000
217 9 000
217 10 000
217 11 000
217 12 000
217 13 000
217 14 000
217 15 000
217 16 000
217 17 000
217 18 000
217 19 000
217 20 000
217 21 000
217 22 000
217 23 000
217 24 000
217 25 000
217 26 000
217 27 000
217 28 000
217 29 000
217 30 000
217 31 000
217 32 000
217 33 000
217 34 000
217 35 000
217 36 000
217 37 000
217 38 000
217 39 000
217 40 000
217 41 000
217 42 000
217 43 000
217 44 000
217 45 000
217 46 000
217 47 000
217 48 000
217 49 000
217 50 000
217 51 000
217 52 000
217 53 000
217 54 000
217 55 000
217 56 000
217 57 000
217 58 000
217 59 000
217 60 000
217 61 000
217 62 000
217 63 000
217 64 000
217 65 000
217 66 000
217 67 000
217 68 000
217 69 000
217 70 000
217 71 000
217 72 000
217 73 000
217 74 000
217 75 000
217 76 000
217 77 000
217 78 000
217 79 000
217 80 000
217 81 000
217 82 000
217 83 000
217 84 000
217 85 000
217 86 000
217 87 000
217 88 000
217 89 000
217 90 000
217 91 000
217 92 000
217 93 000
217 94 000
217 95 000
217 96 000
217 97 000
217 98 000
217 99 000
217 100 000
217 101 000
217 102 000
217 103 000
217 104 000
217 105 000
217 106 000
217 107 000
217 108 000
217 109 000
217 110 000
217 111 000
217 112 000
217 113 000
217 114 000
217 115 000
217 116 000
217 117 000
217 118 000
217 119 000
217 120 000
217 121 000
217 122 000
217 123 000
217 124 000
217 125 000
217 126 000
217 127 000
217 128 000
217 129 000
217 130 000
217 131 000
217 132 000
217 133 000
217 134 000
217 135 000
217 136 000
217 137 000
217 138 000
217 139 000
217 140 c1b
217 141 c1b
217 142 c1b
217 143 c1b
217 144 c1b
217 145 c1b
217 146 c1b
217 147 c1b
217 148 c1b
217 149 c1b
217 150 c1b
217 151 c1b
217 152 c1b
217 153 c1b
217 154 c1b
217 155 c11
217 156 c17
217 157 000
217 158 c1a
217 159 c1a
217 160 c1a
217 161 c1a
217 162 c1a
217 163 c1a
217 164 c1a
217 165 c1a
217 166 c1a
217 167 c1a
217 168 c1a
217 169 c1a
217 170 c1a
217 171 c1a
217 172 c1a
217 173 c1a
217 174 c1a
217 175 c1a
217 176 c1a
217 177 c1a
217 178 c1a
217 179 c1a
217 180 c1a
217 181 c1a
217 182 c1a
217 183 c1a
217 184 000
217 185 000
217 186 000
217 187 000
217 188 000
217 189 000
217 190 000
217 191 000
217 192 000
217 193 000
217 194 000
217 195 000
217 196 000
217 197 000
217 198 000
217 199 000
217 200 000
217 201 000
217 202 000
217 203 000
217 204 000
217 205 000
217 206 000
217 207 000
217 208 000
217 209 000
217 210 000
217 211 000
217 212 000
217 213 000
217 214 000
217 215 000
217 216 000
217 217 000
217 218 000
217 219 000
217 220 000
217 221 000
217 222 000
217 223 000
217 224 000
217 225 000
217 226 000
217 227 000
217 228 000
217 229 000
217 230 000
217 231 000
217 232 000
217 233 000
217 234 000
217 235 000
217 236 000
217 237 000
217 238 000
217 239 000
217 240 000
217 241 000
217 242 000
217 243 000
217 244 000
217 245 000
217 246 000
217 247 000
217 248 000
217 249 000
217 250 000
217 251 000
217 252 000
217 253 000
217 254 000
217 255 000
217 256 000
217 257 000
217 258 000
217 259 000
217 260 000
217 261 000
217 262 000
217 263 000
217 264 000
217 265 000
217 266 000
217 267 000
217 268 000
217 269 000
217 270 000
217 271 000
217 272 000
217 273 000
217 274 000
217 275 000
217 276 000
217 277 000
217 278 000
217 279 000
217 280 000
217 281 000
217 282 000
217 283 000
217 284 000
217 285 000
217 286 000
217 287 000
217 288 000
217 289 000
217 290 000
217 291 000
217 292 000
217 293 000
217 294 000
217 295 000
217 296 000
217 297 000
217 298 000
217 299 000
217 300 000
217 301 000
217 302 000
217 303 000
217 304 000
217 305 000
217 306 000
217 307 000
217 308 000
217 309 000
217 310 000
217 311 000
217 312 000
217 313 000
217 314 000
217 315 000
217 316 000
217 317 000
217 318 000
217 319 000
218 0 000
218 1 000
218 2 000
218 3 000
218 4 000
218 5 000
218 6 000
218 7 000
218 8 000
218 9 000
218 10 000
218 11 000
218 12 000
218 13 000
218 14 000
218 15 000
218 16 000
218 17 000
218 18 000
218 19 000
218 20 000
218 21 000
218 22 000
218 23 000
218 24 000
218 25 000
218 26 000
218 27 000
218 28 000
218 29 000
218 30 000
218 31 000
218 32 000
218 33 000
218 34 000
218 35 000
218 36 000
218 37 000
218 38 000
218 39 000
218 40 000
218 41 000
218 42 000
218 43 000
218 44 000
218 45 000
218 46 000
218 47 000
218 48 000
218 49 000
218 50 000
218 51 000
218 52 000
218 53 000
218 54 000
218 55 000
218 56 000
218 57 000
218 58 000
218 59 000
218 60 000
218 61 000
218 62 000
218 63 000
218 64 000
218 65 000
218 66 000
218 67 000
218 68 000
218 69 000
218 70 000
218 71 000
218 72 000
218 73 000
218 74 000
218 75 000
218 76 000
218 77 000
218 78 000
218 79 000
218 80 000
218 81 000
218 82 000
218 83 000
218 84 000
218 85 000
218 86 000
218 87 000
218 88 000
218 89 000
218 90 000
218 91 000
218 92 000
218 93 000
218 94 000
218 95 000
218 96 000
218 97 000
218 98 000
218 99 000
218 100 000
218 101 000
218 102 000
218 103 000
218 104 000
218 105 000
218 106 000
218 107 000
218 108 000
218 109 000
218 110 000
218 111 000
218 112 000
218 113 000
218 114 000
218 115 000
218 116 000
218 117 000
218 118 000
218 119 000
218 120 000
218 121 000
218 122 000
218 123 000
218 124 000
218 125 000
218 126 000
218 127 000
218 128 000
218 129 000
218 130 000
218 131 000
218 132 000
218 133 000
218 134 000
218 135 000
218 136 000
218 137 000
218 138 000
218 139 000
218 140 c1b
218 141 c1b
218 142 c1b
218 143 c1b
218 144 c1b
218 145 c1b
218 146 c1b
218 147 c1b
218 148 c1b
218 149 c1b
218 150 c1b
218 151 c1b
218 152 c1b
218 153 c1b
218 154 c11
218 155 c17
218 156 000
218 157 c1a
218 158 c1a
218 159 c1a
218 160 c1a
218 161 c1a
218 162 c1a
218 163 c1a
218 164 c1a
218 165 c1a
218 166 c1a
218 167 c1a
218 168 c1a
218 169 c1a
218 170 c1a
218 171 c1a
218 172 c1a
218 173 c1a
218 174 c1a
218 175 c1a
218 176 c1a
218 177 c1a
218 178 c1a
218 179 c1a
218 180 c1a
218 181 c1a
218 182 c1a
218 183 c1a
218 184 000
218 185 000
218 186 000
218 187 000
218 188 000
218 189 000
218 190 000
218 191 000
218 192 000
218 193 000
218 194 000
218 195 000
218 196 000
218 197 000
218 198 000
218 199 000
218 200 000
218 201 000
218 202 000
218 203 000
218 204 000
218 205 000
218 206 000
218 207 000
218 208 000
218 209 000
218 210 000
218 211 000
218 212 000
218 213 000
218 214 000
218 215 000
218 216 000
218 217 000
218 218 000
218 219 000
218 220 000
218 221 000
218 222 000
218 223 000
218 224 000
218 225 000
218 226 000
218 227 000
218 228 000
218 229 000
218 230 000
218 231 000
218 232 000
218 233 000
218 234 000
218 235 000
218 236 000
218 237 000
218 238 000
218 239 000
218 240 000
218 241 000
218 242 000
218 243 000
218 244 000
218 245 000
218 246 000
218 247 000
218 248 000
218 249 000
218 250 000
218 251 000
218 252 000
218 253 000
218 254 000
218 255 000
218 256 000
218 257 000
218 258 000
218 259 000
218 260 000
218 261 000
218 262 000
218 263 000
218 264 000
218 265 000
218 266 000
218 267 000
218 268 000
218 269 000
218 270 000
218 271 000
218 272 000
218 273 000
218 274 000
218 275 000
218 276 000
218 277 000
218 278 000
218 279 000
218 280 000
218 281 000
218 282 000
218 283 000
218 284 000
218 285 000
218 286 000
218 287 000
218 288 000
218 289 000
218 290 000
218 291 000
218 292 000
218 293 000
218 294 000
218 295 000
218 296 000
218 297 000
218 298 000
218 299 000
218 300 000
218 301 000
218 302 000
218 303 000
218 304 000
218 305 000
218 306 e2b
218 307 e2b
218 308 e2b
218 309 e2b
218 310 e2b
218 311 e2b
218 312 e2b
218 313 e2b
218 314 e2b
218 315 e2b
218 316 e2b
218 317 e2b
218 318 e2b
218 319 e2b
219 0 000
219 1 000
219 2 000
219 3 000
219 4 000
219 5 000
219 6 000
219 7 000
219 8 000
219 9 000
219 10 000
219 11 000
219 12 000
219 13 000
219 14 000
219 15 000
219 16 000
219 17 000
219 18 000
219 19 000
219 20 000
219 21 000
219 22 000
219 23 000
219 24 000
219 25 000
219 26 000
219 27 000
219 28 000
219 29 000
219 30 000
219 31 000
219 32 000
219 33 000
219 34 000
219 35 000
219 36 000
219 37 000
219 38 000
219 39 000
219 40 000
219 41 000
219 42 000
219 43 000
219 44 000
219 45 000
219 46 000
219 47 000
219 48 000
219 49 000
219 50 000
219 51 000
219 52 000
219 53 000
219 54 000
219 55 000
219 56 000
219 57 000
219 58 000
219 59 000
219 60 000
219 61 000
219 62 000
219 63 000
219 64 000
219 65 000
219 66 000
219 67 000
219 68 000
219 69 000
219 70 000
219 71 000
219 72 000
219 73 000
219 74 000
219 75 000
219 76 000
219 77 000
219 78 000
219 79 000
219 80 000
219 81 000
219 82 000
219 83 000
219 84 000
219 85 000
219 86 000
219 87 000
219 88 000
219 89 000
219 90 000
219 91 000
219 92 000
219 93 000
219 94 000
219 95 000
219 96 000
219 97 000
219 98 000
219 99 000
219 100 000
219 101 000
219 102 000
219 103 000
219 104 000
219 105 000
219 106 000
219 107 000
219 108 000
219 109 000
219 110 000
219 111 000
219 112 000
219 113 000
219 114 000
219 115 000
219 116 000
219 117 000
219 118 000
219 119 000
219 120 000
219 121 000
219 122 000
219 123 000
219 124 000
219 125 000
219 126 000
219 127 000
219 128 000
219 129 000
219 130 000
219 131 000
219 132 000
219 133 000
219 134 000
219 135 000
219 136 000
219 137 000
219 138 000
219 139 000
219 140 c1b
219 141 c1b
219 142 c1b
219 143 c1b
219 144 c1b
219 145 c1b
219 146 c1b
219 147 c1b
219 148 c1b
219 149 c1b
219 150 c1b
219 151 c1b
219 152 c1b
219 153 c11
219 154 000
219 155 000
219 156 c1a
219 157 c1a
219 158 c1a
219 159 c1a
219 160 c1a
219 161 c1a
219 162 c1a
219 163 c1a
219 164 c1a
219 165 c1a
219 166 c1a
219 167 c1a
219 168 c1a
219 169 c1a
219 170 c1a
219 171 c1a
219 172 c1a
219 173 c1a
219 174 c1a
219 175 c1a
219 176 c1a
219 177 c1a
219 178 c1a
219 179 c1a
219 180 c1a
219 181 c1a
219 182 c1a
219 183 000
219 184 000
219 185 000
219 186 000
219 187 000
219 188 000
219 189 000
219 190 000
219 191 000
219 192 000
219 193 000
219 194 000
219 195 000
219 196 000
219 197 000
219 198 000
219 199 000
219 200 000
219 201 000
219 202 000
219 203 000
219 204 000
219 205 000
219 206 000
219 207 000
219 208 000
219 209 000
219 210 000
219 211 000
219 212 000
219 213 000
219 214 000
219 215 000
219 216 000
219 217 000
219 218 000
219 219 000
219 220 000
219 221 000
219 222 000
219 223 000
219 224 000
219 225 000
219 226 000
219 227 000
219 228 000
219 229 000
219 230 000
219 231 000
219 232 000
219 233 000
219 234 000
219 235 000
219 236 000
219 237 000
219 238 000
219 239 000
219 240 000
219 241 000
219 242 000
219 243 000
219 244 000
219 245 000
219 246 000
219 247 000
219 248 000
219 249 000
219 250 000
219 251 000
219 252 000
219 253 000
219 254 000
219 255 000
219 256 000
219 257 000
219 258 000
219 259 000
219 260 000
219 261 000
219 262 000
219 263 000
219 264 000
219 265 000
219 266 000
219 267 000
219 268 000
219 269 000
219 270 000
219 271 000
219 272 000
219 273 000
219 274 000
219 275 000
219 276 000
219 277 000
219 278 000
219 279 000
219 280 000
219 281 000
219 282 000
219 283 000
219 284 000
219 285 000
219 286 000
219 287 000
219 288 000
219 289 000
219 290 000
219 291 000
219 292 000
219 293 000
219 294 000
219 295 000
219 296 000
219 297 000
219 298 000
219 299 000
219 300 e2b
219 301 e2b
219 302 e2b
219 303 e2b
219 304 e2b
219 305 e2b
219 306 e2b
219 307 e2b
219 308 e2b
219 309 e2b
219 310 e2b
219 311 e2b
219 312 e2b
219 313 e2b
219 314 e2b
219 315 e2b
219 316 e2b
219 317 e2b
219 318 e2b
219 319 e2b
220 0 000
220 1 000
220 2 000
220 3 000
220 4 000
220 5 000
220 6 000
220 7 000
220 8 000
220 9 000
220 10 000
220 11 000
220 12 000
220 13 000
220 14 000
220 15 000
220 16 000
220 17 000
220 18 000
220 19 000
220 20 000
220 21 000
220 22 000
220 23 000
220 24 000
220 25 000
220 26 000
220 27 000
220 28 000
220 29 000
220 30 000
220 31 000
220 32 000
220 33 000
220 34 000
220 35 000
220 36 000
220 37 000
220 38 000
220 39 000
220 40 000
220 41 000
220 42 000
220 43 000
220 44 000
220 45 000
220 46 000
220 47 000
220 48 000
220 49 000
220 50 000
220 51 000
220 52 000
220 53 000
220 54 000
220 55 000
220 56 000
220 57 000
220 58 000
220 59 000
220 60 000
220 61 000
220 62 000
220 63 000
220 64 000
220 65 000
220 66 000
220 67 000
220 68 000
220 69 000
220 70 000
220 71 000
220 72 000
220 73 000
220 74 000
220 75 000
220 76 000
220 77 000
220 78 000
220 79 000
220 80 000
220 81 000
220 82 000
220 83 000
220 84 000
220 85 000
220 86 000
220 87 000
220 88 000
220 89 000
220 90 000
220 91 000
220 92 000
220 93 000
220 94 000
220 95 000
220 96 000
220 97 000
220 98 000
220 99 000
220 100 000
220 101 000
220 102 000
220 103 000
220 104 000
220 105 000
220 106 000
220 107 000
220 108 000
220 109 000
220 110 000
220 111 000
220 112 000
220 113 000
220 114 000
220 115 000
220 116 000
220 117 000
220 118 000
220 119 000
220 120 000
220 121 000
220 122 000
220 123 000
220 124 000
220 125 000
220 126 000
220 127 000
220 128 000
220 129 000
220 130 000
220 131 000
220 132 000
220 133 000
220 134 000
220 135 000
220 136 000
220 137 000
220 138 000
220 139 000
220 140 c1b
220 141 c1b
220 142 c1b
220 143 c1b
220 144 c1b
220 145 c1b
220 146 c1b
220 147 c1b
220 148 c1b
220 149 c1b
220 150 c1b
220 151 c1b
220 152 c11
220 153 000
220 154 c1a
220 155 c1a
220 156 c1a
220 157 c1a
220 158 c1a
220 159 c1a
220 160 c1a
220 161 c1a
220 162 c1a
220 163 c1a
220 164 c1a
220 165 c1a
220 166 c1a
220 167 c1a
220 168 c1a
220 169 c1a
220 170 c1a
220 171 c1a
220 172 c1a
220 173 c1a
220 174 c1a
220 175 c1a
220 176 c1a
220 177 c1a
220 178 c1a
220 179 c1a
220 180 000
220 181 000
220 182 000
220 183 000
220 184 000
220 185 000
220 186 000
220 187 000
220 188 000
220 189 000
220 190 000
220 191 000
220 192 000
220 193 000
220 194 000
220 195 000
220 196 000
220 197 000
220 198 000
220 199 000
220 200 000
220 201 000
220 202 000
220 203 000
220 204 000
220 205 000
220 206 000
220 207 000
220 208 000
220 209 000
220 210 000
220 211 000
220 212 000
220 213 000
220 214 000
220 215 000
220 216 000
220 217 000
220 218 000
220 219 000
220 220 000
220 221 000
220 222 000
220 223 000
220 224 000
220 225 000
220 226 000
220 227 000
220 228 000
220 229 000
220 230 000
220 231 000
220 232 000
220 233 000
220 234 000
220 235 000
220 236 000
220 237 000
220 238 000
220 239 000
220 240 000
220 241 000
220 242 000
220 243 000
220 244 000
220 245 000
220 246 000
220 247 000
220 248 000
220 249 000
220 250 000
220 251 000
220 252 000
220 253 000
220 254 000
220 255 000
220 256 000
220 257 000
220 258 000
220 259 000
220 260 000
220 261 000
220 262 000
220 263 000
220 264 000
220 265 000
220 266 000
220 267 000
220 268 000
220 269 000
220 270 000
220 271 000
220 272 000
220 273 000
220 274 000
220 275 000
220 276 000
220 277 000
220 278 000
220 279 000
220 280 000
220 281 000
220 282 000
220 283 000
220 284 000
220 285 000
220 286 000
220 287 000
220 288 000
220 289 000
220 290 000
220 291 000
220 292 000
220 293 000
220 294 000
220 295 000
220 296 000
220 297 000
220 298 000
220 299 000
220 300 e2b
220 301 e2b
220 302 e2b
220 303 e2b
220 304 e2b
220 305 e2b
220 306 e2b
220 307 e2b
220 308 e2b
220 309 e2b
220 310 e2b
220 311 e2b
220 312 e2b
220 313 e2b
220 314 e2b
220 315 e2b
220 316 e2b
220 317 e2b
220 318 e2b
220 319 e2b
221 0 000
221 1 000
221 2 000
221 3 000
221 4 000
221 5 000
221 6 000
221 7 000
221 8 000
221 9 000
221 10 000
221 11 000
221 12 000
221 13 000
221 14 000
221 15 000
221 16 000
221 17 000
221 18 000
221 19 000
221 20 000
221 21 000
221 22 000
221 23 000
221 24 000
221 25 000
221 26 000
221 27 000
221 28 000
221 29 000
221 30 000
221 31 000
221 32 000
221 33 000
221 34 000
221 35 000
221 36 000
221 37 000
221 38 000
221 39 000
221 40 000
221 41 000
221 42 000
221 43 000
221 44 000
221 45 000
221 46 000
221 47 000
221 48 000
221 49 000
221 50 000
221 51 000
221 52 000
221 53 000
221 54 000
221 55 000
221 56 000
221 57 000
221 58 000
221 59 000
221 60 000
221 61 000
221 62 000
221 63 000
221 64 000
221 65 000
221 66 000
221 67 000
221 68 000
221 69 000
221 70 000
221 71 000
221 72 000
221 73 000
221 74 000
221 75 000
221 76 000
221 77 000
221 78 000
221 79 000
221 80 000
221 81 000
221 82 000
221 83 000
221 84 000
221 85 000
221 86 000
221 87 000
221 88 000
221 89 000
221 90 000
221 91 000
221 92 000
221 93 000
221 94 000
221 95 000
221 96 000
221 97 000
221 98 000
221 99 000
221 100 000
221 101 000
221 102 000
221 103 000
221 104 000
221 105 000
221 106 000
221 107 000
221 108 000
221 109 000
221 110 000
221 111 000
221 112 000
221 113 000
221 114 000
221 115 000
221 116 000
221 117 000
221 118 000
221 119 000
221 120 000
221 121 000
221 122 000
221 123 000
221 124 000
221 125 000
221 126 000
221 127 000
221 128 000
221 129 000
221 130 000
221 131 000
221 132 000
221 133 000
221 134 000
221 135 000
221 136 000
221 137 000
221 138 000
221 139 000
221 140 c1b
221 141 c1b
221 142 c1b
221 143 c1b
221 144 c1b
221 145 c1b
221 146 c1b
221 147 c1b
221 148 c1b
221 149 c1b
221 150 c1b
221 151 000
221 152 000
221 153 c1a
221 154 c1a
221 155 c1a
221 156 c1a
221 157 c1a
221 158 c1a
221 159 c1a
221 160 c1a
221 161 c1a
221 162 c1a
221 163 c1a
221 164 c1a
221 165 c1a
221 166 c1a
221 167 c1a
221 168 c1a
221 169 c1a
221 170 c1a
221 171 c1a
221 172 c1a
221 173 c1a
221 174 c1a
221 175 c1a
221 176 000
221 177 000
221 178 000
221 179 000
221 180 000
221 181 000
221 182 000
221 183 000
221 184 000
221 185 000
221 186 000
221 187 000
221 188 000
221 189 000
221 190 000
221 191 000
221 192 000
221 193 000
221 194 000
221 195 000
221 196 000
221 197 000
221 198 000
221 199 000
221 200 000
221 201 000
221 202 000
221 203 000
221 204 000
221 205 000
221 206 000
221 207 000
221 208 000
221 209 000
221 210 000
221 211 000
221 212 000
221 213 000
221 214 000
221 215 000
221 216 000
221 217 000
221 218 000
221 219 000
221 220 000
221 221 000
221 222 000
221 223 000
221 224 000
221 225 000
221 226 000
221 227 000
221 228 000
221 229 000
221 230 000
221 231 000
221 232 000
221 233 000
221 234 000
221 235 000
221 236 000
221 237 000
221 238 000
221 239 000
221 240 000
221 241 000
221 242 000
221 243 000
221 244 000
221 245 000
221 246 000
221 247 000
221 248 000
221 249 000
221 250 000
221 251 000
221 252 000
221 253 000
221 254 000
221 255 000
221 256 000
221 257 000
221 258 000
221 259 000
221 260 000
221 261 000
221 262 000
221 263 000
221 264 000
221 265 000
221 266 000
221 267 000
221 268 000
221 269 000
221 270 000
221 271 000
221 272 000
221 273 000
221 274 000
221 275 000
221 276 000
221 277 000
221 278 000
221 279 000
221 280 000
221 281 000
221 282 000
221 283 000
221 284 000
221 285 000
221 286 000
221 287 000
221 288 000
221 289 000
221 290 000
221 291 000
221 292 000
221 293 000
221 294 000
221 295 000
221 296 000
221 297 000
221 298 000
221 299 000
221 300 000
221 301 000
221 302 000
221 303 000
221 304 000
221 305 000
221 306 000
221 307 000
221 308 000
221 309 000
221 310 000
221 311 000
221 312 000
221 313 000
221 314 000
221 315 000
221 316 000
221 317 000
221 318 000
221 319 000
222 0 000
222 1 000
222 2 000
222 3 000
222 4 000
222 5 000
222 6 000
222 7 000
222 8 000
222 9 000
222 10 000
222 11 000
222 12 000
222 13 000
222 14 000
222 15 000
222 16 000
222 17 000
222 18 000
222 19 000
222 20 000
222 21 000
222 22 000
222 23 000
222 24 000
222 25 000
222 26 000
222 27 000
222 28 000
222 29 000
222 30 000
222 31 000
222 32 000
222 33 000
222 34 000
222 35 000
222 36 000
222 37 000
222 38 000
222 39 000
222 40 000
222 41 000
222 42 000
222 43 000
222 44 000
222 45 000
222 46 000
222 47 000
222 48 000
222 49 000
222 50 000
222 51 000
222 52 000
222 53 000
222 54 000
222 55 000
222 56 000
222 57 000
222 58 000
222 59 000
222 60 000
222 61 000
222 62 000
222 63 000
222 64 000
222 65 000
222 66 000
222 67 000
222 68 000
222 69 000
222 70 000
222 71 000
222 72 000
222 73 000
222 74 000
222 75 000
222 76 000
222 77 000
222 78 000
222 79 000
222 80 000
222 81 000
222 82 000
222 83 000
222 84 000
222 85 000
222 86 000
222 87 000
222 88 000
222 89 000
222 90 000
222 91 000
222 92 000
222 93 000
222 94 000
222 95 000
222 96 000
222 97 000
222 98 000
222 99 000
222 100 000
222 101 000
222 102 000
222 103 000
222 104 000
222 105 000
222 106 000
222 107 000
222 108 000
222 109 000
222 110 000
222 111 000
222 112 000
222 113 000
222 114 000
222 115 000
222 116 000
222 117 000
222 118 000
222 119 000
222 120 000
222 121 000
222 122 000
222 123 000
222 124 000
222 125 000
222 126 000
222 127 000
222 128 000
222 129 000
222 130 000
222 131 000
222 132 000
222 133 000
222 134 000
222 135 000
222 136 000
222 137 000
222 138 000
222 139 000
222 140 000
222 141 c1b
222 142 c1b
222 143 c1b
222 144 c1b
222 145 c1b
222 146 c1b
222 147 c1b
222 148 c1b
222 149 c1b
222 150 c1a
222 151 c1a
222 152 c1a
222 153 c1a
222 154 c1a
222 155 c1a
222 156 c1a
222 157 c1a
222 158 c1a
222 159 c1a
222 160 c1a
222 161 c1a
222 162 c1a
222 163 c1a
222 164 c1a
222 165 c1a
222 166 c1a
222 167 c1a
222 168 c1a
222 169 c1a
222 170 c1a
222 171 c1a
222 172 c1a
222 173 000
222 174 000
222 175 000
222 176 000
222 177 000
222 178 000
222 179 000
222 180 000
222 181 000
222 182 000
222 183 000
222 184 000
222 185 000
222 186 000
222 187 000
222 188 000
222 189 000
222 190 000
222 191 000
222 192 000
222 193 000
222 194 000
222 195 000
222 196 000
222 197 000
222 198 000
222 199 000
222 200 000
222 201 000
222 202 000
222 203 000
222 204 000
222 205 000
222 206 000
222 207 000
222 208 000
222 209 000
222 210 000
222 211 000
222 212 000
222 213 000
222 214 000
222 215 000
222 216 000
222 217 000
222 218 000
222 219 000
222 220 000
222 221 000
222 222 000
222 223 000
222 224 000
222 225 000
222 226 000
222 227 000
222 228 000
222 229 000
222 230 000
222 231 000
222 232 000
222 233 000
222 234 000
222 235 000
222 236 000
222 237 000
222 238 000
222 239 000
222 240 000
222 241 000
222 242 000
222 243 000
222 244 000
222 245 000
222 246 000
222 247 000
222 248 000
222 249 000
222 250 000
222 251 000
222 252 000
222 253 000
222 254 000
222 255 000
222 256 000
222 257 000
222 258 000
222 259 000
222 260 000
222 261 000
222 262 000
222 263 000
222 264 000
222 265 000
222 266 000
222 267 000
222 268 000
222 269 000
222 270 000
222 271 000
222 272 000
222 273 000
222 274 000
222 275 000
222 276 000
222 277 000
222 278 000
222 279 000
222 280 000
222 281 000
222 282 000
222 283 000
222 284 000
222 285 000
222 286 000
222 287 000
222 288 000
222 289 000
222 290 000
222 291 000
222 292 000
222 293 000
222 294 000
222 295 000
222 296 000
222 297 000
222 298 000
222 299 000
222 300 000
222 301 000
222 302 000
222 303 000
222 304 000
222 305 000
222 306 000
222 307 000
222 308 000
222 309 000
222 310 000
222 311 000
222 312 000
222 313 000
222 314 000
222 315 000
222 316 000
222 317 000
222 318 000
222 319 000
223 0 000
223 1 000
223 2 000
223 3 000
223 4 000
223 5 000
223 6 000
223 7 000
223 8 000
223 9 000
223 10 000
223 11 000
223 12 000
223 13 000
223 14 000
223 15 000
223 16 000
223 17 000
223 18 000
223 19 000
223 20 000
223 21 000
223 22 000
223 23 000
223 24 000
223 25 000
223 26 000
223 27 000
223 28 000
223 29 000
223 30 000
223 31 000
223 32 000
223 33 000
223 34 000
223 35 000
223 36 000
223 37 000
223 38 000
223 39 000
223 40 000
223 41 000
223 42 000
223 43 000
223 44 000
223 45 000
223 46 000
223 47 000
223 48 000
223 49 000
223 50 000
223 51 000
223 52 000
223 53 000
223 54 000
223 55 000
223 56 000
223 57 000
223 58 000
223 59 000
223 60 000
223 61 000
223 62 000
223 63 000
223 64 000
223 65 000
223 66 000
223 67 000
223 68 000
223 69 000
223 70 000
223 71 000
223 72 000
223 73 000
223 74 000
223 75 000
223 76 000
223 77 000
223 78 000
223 79 000
223 80 000
223 81 000
223 82 000
223 83 000
223 84 000
223 85 000
223 86 000
223 87 000
223 88 000
223 89 000
223 90 000
223 91 000
223 92 000
223 93 000
223 94 000
223 95 000
223 96 000
223 97 000
223 98 000
223 99 000
223 100 000
223 101 000
223 102 000
223 103 000
223 104 000
223 105 000
223 106 000
223 107 000
223 108 000
223 109 000
223 110 000
223 111 000
223 112 000
223 113 000
223 114 000
223 115 000
223 116 000
223 117 000
223 118 000
223 119 000
223 120 000
223 121 000
223 122 000
223 123 000
223 124 000
223 125 000
223 126 000
223 127 000
223 128 000
223 129 000
223 130 000
223 131 000
223 132 000
223 133 000
223 134 000
223 135 000
223 136 000
223 137 000
223 138 000
223 139 000
223 140 000
223 141 000
223 142 000
223 143 000
223 144 000
223 145 000
223 146 000
223 147 000
223 148 000
223 149 000
223 150 000
223 151 000
223 152 000
223 153 000
223 154 000
223 155 000
223 156 000
223 157 000
223 158 000
223 159 000
223 160 000
223 161 000
223 162 000
223 163 000
223 164 000
223 165 000
223 166 000
223 167 000
223 168 000
223 169 000
223 170 000
223 171 000
223 172 000
223 173 000
223 174 000
223 175 000
223 176 000
223 177 000
223 178 000
223 179 000
223 180 000
223 181 000
223 182 000
223 183 000
223 184 000
223 185 000
223 186 000
223 187 000
223 188 000
223 189 000
223 190 000
223 191 000
223 192 000
223 193 000
223 194 000
223 195 000
223 196 000
223 197 000
223 198 000
223 199 000
223 200 000
223 201 000
223 202 000
223 203 000
223 204 000
223 205 000
223 206 000
223 207 000
223 208 000
223 209 000
223 210 000
223 211 000
223 212 000
223 213 000
223 214 000
223 215 000
223 216 000
223 217 000
223 218 000
223 219 000
223 220 000
223 221 000
223 222 000
223 223 000
223 224 000
223 225 000
223 226 000
223 227 000
223 228 000
223 229 000
223 230 000
223 231 000
223 232 000
223 233 000
223 234 000
223 235 000
223 236 000
223 237 000
223 238 000
223 239 000
223 240 000
223 241 000
223 242 000
223 243 000
223 244 000
223 245 000
223 246 000
223 247 000
223 248 000
223 249 000
223 250 000
223 251 000
223 252 000
223 253 000
223 254 000
223 255 000
223 256 000
223 257 000
223 258 000
223 259 000
223 260 000
223 261 000
223 262 000
223 263 000
223 264 000
223 265 000
223 266 000
223 267 000
223 268 000
223 269 000
223 270 000
223 271 000
223 272 000
223 273 000
223 274 000
223 275 000
223 276 000
223 277 000
223 278 000
223 279 000
223 280 000
223 281 000
223 282 000
223 283 000
223 284 000
223 285 000
223 286 000
223 287 000
223 288 000
223 289 000
223 290 000
223 291 000
223 292 000
223 293 000
223 294 000
223 295 000
223 296 000
223 297 000
223 298 000
223 299 000
223 300 000
223 301 000
223 302 000
223 303 000
223 304 000
223 305 000
223 306 000
223 307 000
223 308 000
223 309 000
223 310 000
223 311 000
223 312 000
223 313 000
223 314 000
223 315 000
223 316 000
223 317 000
223 318 000
223 319 000
